event_id,cause,effect,condition,evidence,source_doc_id,source_file,source_type,confidence
Event_878d90bffbba,宫腔粘连,月经量少,女性激素非常好,"是不能除外是40岁之前做人工流产,或者宫腔操作后导致内膜变薄、粘连造成月经量少。此时要到医院检查女性激素,如果女性激素非常好说明还没有到围绝经状态,月经量少有可能是宫腔粘连造成的。这时要做b超检查,必要时需要做手术,也叫宫腔镜检查,将粘连分开",Doc_train_0717_0000,train_0717,gold,1.0
Event_4e36bed44d3e,接触到这类带有病毒的飞沫、空气,感染,儿童免疫系统发育不完全、抵抗力比较差,"感冒为病毒感染引起,又称为急性鼻炎,起病较急,主要表现为鼻部症状,比如打喷嚏、鼻塞。而病毒主要通过患者的喷嚏或者含有病毒的飞沫经过空气传播,或经过污染的手和用具接触传播引起来上呼吸道感染,也就是感冒的病原体,多数存在于自然界中而且是广泛存在的各种类型的病毒都可能引起来感冒,健康人群有时可会携带。儿童免疫系统发育不完全、抵抗力比较差,所以接触到这类带有病毒的飞沫、空气都会出现感染的现象,所以儿童容易反复的出现感冒。",Doc_train_0717_0006,train_0717,gold,1.0
Event_5e86eac9074f,感染真菌,痒,感染头皮,"真菌引起,浅部真菌可以感染很多的部位,足癣、手癣、股癣都是常见部位。当感染头皮时,很多患者可能因为感染真菌,感觉到痒,通过抓挠以后就造成自体的传播。抓到指甲里面,比如指甲盖位置,或者是指",Doc_train_0717_0007,train_0717,gold,1.0
Event_04c96454bf94,"肠道还没有来得及吸收食物残渣里面的水分,就随着大便一块排出",果冻样大便,胃肠道蠕动过快患者食物摄入后,"常吃一些黏性较大的食物,这些黏性物质不容易消化,随着大便一块排出会出现果冻样大便。胃肠道蠕动过快患者食物摄入后,肠道还没有来得及吸收食物残渣里面的水分,就随着大便一块排出,容易出现果冻样大便,尤其在吃生冷、刺激、油炸类的食物后会导致症状加重",Doc_train_0717_0009,train_0717,gold,1.0
Event_0a14a8601192,宫腔粘连,月经量明显减少,人工流产术三个月后,"连,因为经过三个月经周期,子宫内膜功能层已经反复脱落、增生,不会再发生宫腔粘连。除非有宫腔操作病史,导致子宫内膜损伤,引起粘连。如果在人工流产术三个月后发现有宫腔粘连,可能是在人流之后出现了部分粘连情况,导致月经量明显减少,病人本身没有引起足够的重视,所以没有发现宫腔出现粘连。这个时候通过b",Doc_train_0717_0013,train_0717,gold,1.0
Event_a39cdad0830f,食管黏膜糜烂,出血,严重食管炎,"久性的吞咽困难所代替。进食固体食物时,可在剑突下引起堵塞感或疼痛。第四出血及贫血,严重食管炎者可出现食管黏膜糜烂而致出血,多为慢性、少量出血,长期或大量出血可导致缺铁性贫血。",Doc_train_0717_0016,train_0717,gold,1.0
Event_268f7294f8d9,进食固体食物,剑突下引起堵塞感或疼痛,食管瘢痕,"常可因食管炎引发,继发性的食管痉挛而出现间歇性的吞咽困难,后期则可由于食管瘢痕形成狭窄、烧灼感和灼痛感逐渐减轻而为永久性的吞咽困难所代替。进食固体食物时,可在剑突下引起堵塞感或疼痛。第四出血及贫血,严重食管炎者可出现食管黏膜糜烂而致出血,多为慢性、少",Doc_train_0717_0016,train_0717,gold,1.0
Event_8f63a1d31e94,胸壁软组织的损伤,胸部的疼痛,用劲,"组织都会出现牵拉反应,疼痛可能有如下几个原因:第一个,胸部受伤以后出现胸壁软组织的损伤,这时候用劲就可能出现胸部的疼痛。再一个就是胸部损伤以后出现了右胸部肋骨骨折,这时候,牵拉的时候也会出",Doc_train_0717_0018,train_0717,gold,1.0
Event_b6ba9411c1e5,右胸部肋骨骨折,疼痛,牵拉,"右胸使劲就疼,说明出现了右胸部的牵拉性疼痛。当用力的时候,胸部的肌肉及软组织都会出现牵拉反应,疼痛可能有如下几个原因:第一个,胸部受伤以后出现胸壁软组织的损伤,这时候用劲就可能出现胸部的疼痛。再一个就是胸部损伤以后出现了右胸部肋骨骨折,这时候,牵拉的时候也会出现疼痛。还有一个就是当胸部肺内有肿瘤侵犯了右",Doc_train_0717_0018,train_0717,gold,1.0
Event_f0a00dfbfeca,胸部肺内有肿瘤侵犯了右侧胸壁,牵拉疼,用力,"右胸使劲就疼,说明出现了右胸部的牵拉性疼痛。当用力的时候,胸部的肌肉及软组织都会出现牵拉反应,疼痛可能有如下几个原因:第一个,胸部受伤以后出现胸壁软组织的损伤,这时候用劲就可能出现胸部的疼痛。再一个就是胸部损伤以后出现了右胸部肋骨骨折,这时候,牵拉的时候也会出现疼痛。还有一个就是当胸部肺内有肿瘤侵犯了右侧胸壁和右侧胸壁有粘连或者有右侧胸膜炎,当用力的时候就会出现牵拉疼。",Doc_train_0717_0018,train_0717,gold,1.0
Event_d9b01bab0986,右侧胸壁有粘连,牵拉疼,用力,"右胸使劲就疼,说明出现了右胸部的牵拉性疼痛。当用力的时候,胸部的肌肉及软组织都会出现牵拉反应,疼痛可能有如下几个原因:第一个,胸部受伤以后出现胸壁软组织的损伤,这时候用劲就可能出现胸部的疼痛。再一个就是胸部损伤以后出现了右胸部肋骨骨折,这时候,牵拉的时候也会出现疼痛。还有一个就是当胸部肺内有肿瘤侵犯了右侧胸壁和右侧胸壁有粘连或者有右侧胸膜炎,当用力的时候就会出现牵拉疼。",Doc_train_0717_0018,train_0717,gold,1.0
Event_d8cec1d01a52,右侧胸膜炎,牵拉疼,用力,"右胸使劲就疼,说明出现了右胸部的牵拉性疼痛。当用力的时候,胸部的肌肉及软组织都会出现牵拉反应,疼痛可能有如下几个原因:第一个,胸部受伤以后出现胸壁软组织的损伤,这时候用劲就可能出现胸部的疼痛。再一个就是胸部损伤以后出现了右胸部肋骨骨折,这时候,牵拉的时候也会出现疼痛。还有一个就是当胸部肺内有肿瘤侵犯了右侧胸壁和右侧胸壁有粘连或者有右侧胸膜炎,当用力的时候就会出现牵拉疼。",Doc_train_0717_0018,train_0717,gold,1.0
Event_eee687b8718e,甲减,月经紊乱,女性,"甲减病,就是甲状腺机能减退症,它属于内分泌科的一种常见病以及多发病,属于自身免疫性的疾病,它具有家族遗传倾向,有的患者补碘比较高,也可以出现甲减。甲减的患者,最早期的表现是代谢缓慢的表现,患者可以有怕冷、乏力、记忆力减退等症状。在女性的患者可以有月经紊乱、出现闭经或者月经延迟;男性的患者可以出现性功能障碍;女性患者还可以有",Doc_train_0717_0021,train_0717,gold,1.0
Event_37ea517428fd,甲减,闭经,女性,"甲减病,就是甲状腺机能减退症,它属于内分泌科的一种常见病以及多发病,属于自身免疫性的疾病,它具有家族遗传倾向,有的患者补碘比较高,也可以出现甲减。甲减的患者,最早期的表现是代谢缓慢的表现,患者可以有怕冷、乏力、记忆力减退等症状。在女性的患者可以有月经紊乱、出现闭经或者月经延迟;男性的患者可以出现性功能障碍;女性患者还可以有腹胀、消化",Doc_train_0717_0021,train_0717,gold,1.0
Event_364ef5d5bdae,甲减,月经延迟,女性,"甲减病,就是甲状腺机能减退症,它属于内分泌科的一种常见病以及多发病,属于自身免疫性的疾病,它具有家族遗传倾向,有的患者补碘比较高,也可以出现甲减。甲减的患者,最早期的表现是代谢缓慢的表现,患者可以有怕冷、乏力、记忆力减退等症状。在女性的患者可以有月经紊乱、出现闭经或者月经延迟;男性的患者可以出现性功能障碍;女性患者还可以有腹胀、消化功能减慢。在",Doc_train_0717_0021,train_0717,gold,1.0
Event_d3bb771a4812,甲减,腹胀,女性,"甲减病,就是甲状腺机能减退症,它属于内分泌科的一种常见病以及多发病,属于自身免疫性的疾病,它具有家族遗传倾向,有的患者补碘比较高,也可以出现甲减。甲减的患者,最早期的表现是代谢缓慢的表现,患者可以有怕冷、乏力、记忆力减退等症状。在女性的患者可以有月经紊乱、出现闭经或者月经延迟;男性的患者可以出现性功能障碍;女性患者还可以有腹胀、消化功能减慢。在检查中患者可以有周身浮肿,呈非凹陷性的水肿,血液检查",Doc_train_0717_0021,train_0717,gold,1.0
Event_64b41267b3f0,甲减,消化功能减慢,女性,"甲减病,就是甲状腺机能减退症,它属于内分泌科的一种常见病以及多发病,属于自身免疫性的疾病,它具有家族遗传倾向,有的患者补碘比较高,也可以出现甲减。甲减的患者,最早期的表现是代谢缓慢的表现,患者可以有怕冷、乏力、记忆力减退等症状。在女性的患者可以有月经紊乱、出现闭经或者月经延迟;男性的患者可以出现性功能障碍;女性患者还可以有腹胀、消化功能减慢。在检查中患者可以有周身浮肿,呈非凹陷性的水肿,血液检查可以有血常规中",Doc_train_0717_0021,train_0717,gold,1.0
Event_6fd6d9d1c10a,甲减,性功能障碍,男性,"甲减病,就是甲状腺机能减退症,它属于内分泌科的一种常见病以及多发病,属于自身免疫性的疾病,它具有家族遗传倾向,有的患者补碘比较高,也可以出现甲减。甲减的患者,最早期的表现是代谢缓慢的表现,患者可以有怕冷、乏力、记忆力减退等症状。在女性的患者可以有月经紊乱、出现闭经或者月经延迟;男性的患者可以出现性功能障碍;女性患者还可以有腹胀、消化功能减慢。在检查中患者可以有周身浮肿,呈非",Doc_train_0717_0021,train_0717,gold,1.0
Event_ea34922352bc,"36周的新生儿,消化系统的功能也不是很完善",消化不良,喂养不当,"儿,肺泡的发育不完全,孩子出生以后容易患新生儿肺炎;4、消化功能不好,36周的新生儿,消化系统的功能也不是很完善,宝宝出生以后如果喂养不当,容易出现消化不良、腹痛、腹泻、呕吐等症状。",Doc_train_0717_0024,train_0717,gold,1.0
Event_5f6402491666,"36周的新生儿,消化系统的功能也不是很完善",腹痛,喂养不当,"儿,肺泡的发育不完全,孩子出生以后容易患新生儿肺炎;4、消化功能不好,36周的新生儿,消化系统的功能也不是很完善,宝宝出生以后如果喂养不当,容易出现消化不良、腹痛、腹泻、呕吐等症状。",Doc_train_0717_0024,train_0717,gold,1.0
Event_c41ddfcf02ea,"36周的新生儿,消化系统的功能也不是很完善",腹泻,喂养不当,"儿,肺泡的发育不完全,孩子出生以后容易患新生儿肺炎;4、消化功能不好,36周的新生儿,消化系统的功能也不是很完善,宝宝出生以后如果喂养不当,容易出现消化不良、腹痛、腹泻、呕吐等症状。",Doc_train_0717_0024,train_0717,gold,1.0
Event_9a61733f9917,"36周的新生儿,消化系统的功能也不是很完善",呕吐,喂养不当,"儿,肺泡的发育不完全,孩子出生以后容易患新生儿肺炎;4、消化功能不好,36周的新生儿,消化系统的功能也不是很完善,宝宝出生以后如果喂养不当,容易出现消化不良、腹痛、腹泻、呕吐等症状。",Doc_train_0717_0024,train_0717,gold,1.0
Event_2988340eb76e,心功能不足,长出气,心肌炎,"儿童心肌炎以感染性尤其是病毒性心肌炎为常见,有病程长、易复发等特点。发病与感染、自身免疫等有关,常见有太息(长出气)、乏力、苍白、多汗、心悸、气短、胸闷、头晕、心前区痛、手足发凉等症状。目前多采用中西医综合防治措施,包括多辨证选用中药治疗、对症治疗、抗感染治疗、营养心肌和改善心肌代谢、纠正心律失常、调节免疫功能等。急性期的休息十分重要,轻症应注意休息,不要剧烈活动。一般病情的至少应休息1个月或热退后再休息3-4个星期。有心功能不全、心脏扩大者更应强调卧床休息3-6个月,待病情好转、心脏明显缩小时再开始逐渐活动。恢复期应及时加用免疫调节疗法,多辨证选用中药、推拿等。心肌炎时长出气是心功能不足的表现。机理是心肌收缩乏力,心脏射血量偶有减少,导致一过性肺郁血,反射",Doc_train_0717_0026,train_0717,gold,1.0
Event_1b068f4c3633,大声的嘶喊,加重炎症的反应,发炎,"咽喉经常发炎最常见的原因是慢性咽喉炎反复急性发作而导致的,此时多和工作环境、大声嘶喊以及不良的生活习惯有很大的关系。平时在饮食上要以清淡饮食为主,不要吃生葱、生蒜、辣椒、海鲜、烟酒等等辛辣、刺激的食物;同时也不要吃特别咸、特别辣、特别油腻的食物。而很多人在发炎的过程中,还喜欢大声的嘶喊,这都会加重炎症的反应。在发作时可以配合吃口服药五味麝香丸或者六神丸,七味清咽气雾剂或者开喉",Doc_train_0717_0042,train_0717,gold,1.0
Event_0407845105d1,老视,看近物出现逐渐模糊,40岁以上的人群,"眼睛看东西出现模糊,常见考虑为视疲劳、干眼症等引起,如果是40岁以上的人群,看近物出现逐渐模糊的表现,考虑为老视引起,正常人群的眼睛有一层泪膜,有湿润眼球表面的作用,维持正常视功能的",Doc_train_0717_0052,train_0717,gold,1.0
Event_1dd11a21bb57,尿路感染较严重,逆行感染精囊,精囊腺开口通过前列腺到尿道里,"造成精囊炎原因如下:1、前列腺或者泌尿系有炎症,因为精囊腺开口通过前列腺到尿道里,所以尿路感染较严重时会逆行感染精囊;2、长时间没有排泄,时间长以后会堆积很多分泌的液体,中医叫郁久以后会",Doc_train_0717_0061,train_0717,gold,1.0
Event_6bf2d473adc7,拉肚子,精囊炎,肠道离精囊腺较近,"造成精囊炎原因如下:1、前列腺或者泌尿系有炎症,因为精囊腺开口通过前列腺到尿道里,所以尿路感染较严重时会逆行感染精囊;2、长时间没有排泄,时间长以后会堆积很多分泌的液体,中医叫郁久以后会化火,西医是炎症;3、肠道问题,肠道离精囊腺较近,经常有看到拉肚子的病人来检查前列腺液或者精囊液,特别是精液,一般都会有白细胞高,医学上",Doc_train_0717_0061,train_0717,gold,1.0
Event_f0397fa15f88,清宫不干净,剧烈腹痛,清宫后阴道出血超过2周,":一、清宫后阴道出血时间一般在10天左右,并且只有略微的腹痛现象。如果清宫后阴道出血超过2周,出现剧烈腹痛、发热等异常的情况,考虑是清宫不干净。二、清宫后可经过b超的方式观察子宫内是否有异物,从而来确定清宫是否干",Doc_train_0717_0067,train_0717,gold,1.0
Event_a6c1a4dd391d,清宫不干净,发热,清宫后阴道出血超过2周,":一、清宫后阴道出血时间一般在10天左右,并且只有略微的腹痛现象。如果清宫后阴道出血超过2周,出现剧烈腹痛、发热等异常的情况,考虑是清宫不干净。二、清宫后可经过b超的方式观察子宫内是否有异物,从而来确定清宫是否干",Doc_train_0717_0067,train_0717,gold,1.0
Event_29b28ef69777,细菌性肺炎,交叉感染,本身抵抗力低下,"细菌性肺炎不会传染家人,因为细菌性肺炎不是传染性疾病,不具有传染性或者传染性非常低。细菌性肺炎是由于感染细菌所引起来的肺部组织急性炎症,包括感染肺炎链球菌、肺炎克雷伯杆菌、金黄色葡萄球菌等等,以上细菌性肺炎本身不具有传染性,对于正常人群,接触细菌性肺炎病人并不会发生传染。但如果本身抵抗力低下,比如有hiv感染或者长期使用激素、有糖尿病的病人,接触了细菌性肺炎有可能会引起一定交叉感染。因此,上述病人需要加以注意和重视,尽量避免近距离接触。",Doc_train_0717_0069,train_0717,gold,1.0
Event_85defbcf9c95,晕车,突然间恶心、想吐、头晕、虚汗、浑身无力,乘坐交通工具,"能够导致突然间恶心、想吐、头晕、虚汗、浑身无力的症状,原因有很多,要结合患者发病的原因,以及基础疾病的检查来判断,具体如下:第一方面,患者如果是乘坐交通工具的情况下,突然间出现上述症状,可能是发生晕车、晕船的反应,患者同时可能有腹部的饱胀不适。第二方面,一些老年人出现这",Doc_train_0717_0070,train_0717,gold,1.0
Event_03720ec30de7,晕船的反应,突然间恶心、想吐、头晕、虚汗、浑身无力,乘坐交通工具,"能够导致突然间恶心、想吐、头晕、虚汗、浑身无力的症状,原因有很多,要结合患者发病的原因,以及基础疾病的检查来判断,具体如下:第一方面,患者如果是乘坐交通工具的情况下,突然间出现上述症状,可能是发生晕车、晕船的反应,患者同时可能有腹部的饱胀不适。第二方面,一些老年人出现这种情况,要考",Doc_train_0717_0070,train_0717,gold,1.0
Event_cbf6cd97fbf6,晕车,腹部的饱胀不适,乘坐交通工具,"者发病的原因,以及基础疾病的检查来判断,具体如下:第一方面,患者如果是乘坐交通工具的情况下,突然间出现上述症状,可能是发生晕车、晕船的反应,患者同时可能有腹部的饱胀不适。第二方面,一些老年人出现这种情况,要考虑可能是脑血管疾病,比如脑血管",Doc_train_0717_0070,train_0717,gold,1.0
Event_489ab732cade,晕船的反应,腹部的饱胀不适,乘坐交通工具,"者发病的原因,以及基础疾病的检查来判断,具体如下:第一方面,患者如果是乘坐交通工具的情况下,突然间出现上述症状,可能是发生晕车、晕船的反应,患者同时可能有腹部的饱胀不适。第二方面,一些老年人出现这种情况,要考虑可能是脑血管疾病,比如脑血管",Doc_train_0717_0070,train_0717,gold,1.0
Event_2120d2b7bf87,脑血管疾病,突然间恶心、想吐、头晕、虚汗、浑身无力,老年人,"能够导致突然间恶心、想吐、头晕、虚汗、浑身无力的症状,原因有很多,要结合患者发病的原因,以及基础疾病的检查来判断,具体如下:第一方面,患者如果是乘坐交通工具的情况下,突然间出现上述症状,可能是发生晕车、晕船的反应,患者同时可能有腹部的饱胀不适。第二方面,一些老年人出现这种情况,要考虑可能是脑血管疾病,比如脑血管痉挛、脑供血不足,或者高血压的血压波动引起的。也有可能与颈",Doc_train_0717_0070,train_0717,gold,1.0
Event_8df4a6acf0c6,颈椎问题,突然间恶心、想吐、头晕、虚汗、浑身无力,头颈不舒服,"能够导致突然间恶心、想吐、头晕、虚汗、浑身无力的症状,原因有很多,要结合患者发病的原因,以及基础疾病的检查来判断,具体如下:第一方面,患者如果是乘坐交通工具的情况下,突然间出现上述症状,可能是发生晕车、晕船的反应,患者同时可能有腹部的饱胀不适。第二方面,一些老年人出现这种情况,要考虑可能是脑血管疾病,比如脑血管痉挛、脑供血不足,或者高血压的血压波动引起的。也有可能与颈椎病问题相关,当患者伴有头颈不舒服的时候,要考虑颈椎问题。第三方面,突然头晕、恶心、想吐、冒虚汗、浑身无力,还要考虑是低血糖的",Doc_train_0717_0070,train_0717,gold,1.0
Event_14f9cf01cda2,低血糖,突然头晕、恶心、想吐、冒虚汗、浑身无力,进食后能够好转,"颈椎病问题相关,当患者伴有头颈不舒服的时候,要考虑颈椎问题。第三方面,突然头晕、恶心、想吐、冒虚汗、浑身无力,还要考虑是低血糖的反应,如果进食后能够好转,可以考虑是低血糖的表现。",Doc_train_0717_0070,train_0717,gold,1.0
Event_62033c4aebb1,腰痛,肾功能的损伤,时间久等,"肾脏尿流不能很通畅到达膀胱,从而引起肾脏积水、尿路感染。还有病人可能有腰痛症状,时间久等病人可能会导致肾功能的损伤。所以有输尿管狭窄的病人一定要到正规医院做检查,如有简单的无创检查,如",Doc_train_0717_0075,train_0717,gold,1.0
Event_eb14064f84e2,淋浴时患者是站立的,心脑血管的不适症状,高烧,"高烧的时候是可以泡脚的。一般高烧的时候可以用偏凉的水来进行泡脚,不宜过凉,容易造成血管收缩,造成寒战反射等情况。偏凉对于体温能起到传导散热,有利于降低体温。不仅可以泡脚,临床上也有物理降温的方式,就是采取水分传导散热,比如患者可以采取温水浴来进行散热,水温要偏低于体温,能够起到传导散热的作用,从而降低机体体温,是临床上非常有效、确切的物理降温的方式。不建议用淋浴,因为淋浴时患者是站立的,容易高烧时造成心脑血管的不适症状,容易造成晕倒等情况。尽量给予患者用浴缸进行物理降温。如果物理降温患者",Doc_train_0717_0077,train_0717,gold,1.0
Event_fc70bf417fda,淋浴时患者是站立的,晕倒,高烧,"高烧的时候是可以泡脚的。一般高烧的时候可以用偏凉的水来进行泡脚,不宜过凉,容易造成血管收缩,造成寒战反射等情况。偏凉对于体温能起到传导散热,有利于降低体温。不仅可以泡脚,临床上也有物理降温的方式,就是采取水分传导散热,比如患者可以采取温水浴来进行散热,水温要偏低于体温,能够起到传导散热的作用,从而降低机体体温,是临床上非常有效、确切的物理降温的方式。不建议用淋浴,因为淋浴时患者是站立的,容易高烧时造成心脑血管的不适症状,容易造成晕倒等情况。尽量给予患者用浴缸进行物理降温。如果物理降温患者体温仍然高居不",Doc_train_0717_0077,train_0717,gold,1.0
Event_72e73b5c506d,血液脂质沉积附着于血管壁,颈动脉内膜逐渐增生变厚,长期的血管老化,"脉狭窄的常见病因有哪些呢?颈动脉狭窄最主要的病因就是动脉粥样硬化,由于长期的血管老化,血液脂质沉积附着于血管壁,是颈动脉内膜逐渐增生变厚,甚至形成斑块,堵塞颈动脉管腔,阻碍血液流通,造成脑缺血,甚至引发脑梗",Doc_train_0717_0081,train_0717,gold,1.0
Event_80a19a24aa35,血液脂质沉积附着于血管壁,斑块,长期的血管老化,"脉狭窄的常见病因有哪些呢?颈动脉狭窄最主要的病因就是动脉粥样硬化,由于长期的血管老化,血液脂质沉积附着于血管壁,是颈动脉内膜逐渐增生变厚,甚至形成斑块,堵塞颈动脉管腔,阻碍血液流通,造成脑缺血,甚至引发脑梗塞。尤其是很多",Doc_train_0717_0081,train_0717,gold,1.0
Event_bfc3255798af,局部炎症,突然视力急剧下降,视神经炎,"上看时下睑退缩,侵犯了眼外肌而出现眼球活动受限,所以有转动疼痛和复视。视神经炎患者突然视力急剧下降,伴有眼触痛感、眼球运动时疼痛,导致其发生的病因非常多,局部炎症如眼部炎症、鼻窦炎及眼眶炎症等,全身疾病如脱髓鞘疾病、中毒、糖尿病及麻",Doc_train_0717_0088,train_0717,gold,1.0
Event_3d4d23052d35,全身疾病,突然视力急剧下降,视神经炎,"上看时下睑退缩,侵犯了眼外肌而出现眼球活动受限,所以有转动疼痛和复视。视神经炎患者突然视力急剧下降,伴有眼触痛感、眼球运动时疼痛,导致其发生的病因非常多,局部炎症如眼部炎症、鼻窦炎及眼眶炎症等,全身疾病如脱髓鞘疾病、中毒、糖尿病及麻疹、感冒、结核和梅毒等传染病。",Doc_train_0717_0088,train_0717,gold,1.0
Event_117db7f01bc1,局部炎症,眼触痛感,视神经炎,"上看时下睑退缩,侵犯了眼外肌而出现眼球活动受限,所以有转动疼痛和复视。视神经炎患者突然视力急剧下降,伴有眼触痛感、眼球运动时疼痛,导致其发生的病因非常多,局部炎症如眼部炎症、鼻窦炎及眼眶炎症等,全身疾病如脱髓鞘疾病、中毒、糖尿病及麻",Doc_train_0717_0088,train_0717,gold,1.0
Event_ddd5eb5b1ffe,全身疾病,眼触痛感,视神经炎,"上看时下睑退缩,侵犯了眼外肌而出现眼球活动受限,所以有转动疼痛和复视。视神经炎患者突然视力急剧下降,伴有眼触痛感、眼球运动时疼痛,导致其发生的病因非常多,局部炎症如眼部炎症、鼻窦炎及眼眶炎症等,全身疾病如脱髓鞘疾病、中毒、糖尿病及麻疹、感冒、结核和梅毒等传染病。",Doc_train_0717_0088,train_0717,gold,1.0
Event_4749d8a19cbc,局部炎症,眼球运动时疼痛,视神经炎,"上看时下睑退缩,侵犯了眼外肌而出现眼球活动受限,所以有转动疼痛和复视。视神经炎患者突然视力急剧下降,伴有眼触痛感、眼球运动时疼痛,导致其发生的病因非常多,局部炎症如眼部炎症、鼻窦炎及眼眶炎症等,全身疾病如脱髓鞘疾病、中毒、糖尿病及麻",Doc_train_0717_0088,train_0717,gold,1.0
Event_63f245c8c293,全身疾病,眼球运动时疼痛,视神经炎,"上看时下睑退缩,侵犯了眼外肌而出现眼球活动受限,所以有转动疼痛和复视。视神经炎患者突然视力急剧下降,伴有眼触痛感、眼球运动时疼痛,导致其发生的病因非常多,局部炎症如眼部炎症、鼻窦炎及眼眶炎症等,全身疾病如脱髓鞘疾病、中毒、糖尿病及麻疹、感冒、结核和梅毒等传染病。",Doc_train_0717_0088,train_0717,gold,1.0
Event_3c2f656aa844,没有得到正确、及时的治疗,生存期只有1-2年,艾滋病晚期,"出现多器官功能衰竭、恶病质、严重的电解质紊乱、贫血、血小板降低等。如果没有得到正确、及时的治疗,艾滋病晚期患者生存期只有1-2年,严重的可能在数月内死亡。",Doc_train_0717_0092,train_0717,gold,1.0
Event_983a17ee17af,没有得到正确、及时的治疗,数月内死亡,艾滋病晚期,"出现多器官功能衰竭、恶病质、严重的电解质紊乱、贫血、血小板降低等。如果没有得到正确、及时的治疗,艾滋病晚期患者生存期只有1-2年,严重的可能在数月内死亡。",Doc_train_0717_0092,train_0717,gold,1.0
Event_49555622c8fc,不及早的将牙根拔掉,恒牙牙列不齐,小孩换牙之后,"小孩换牙之后,牙根没有掉,也要看新萌出恒牙的情况。如果新的恒牙已经萌出,就需要尽早的将乳牙的牙根拔掉。因为如果不及早的将牙根拔掉,可能就会对于新萌出的恒牙有一定的影响,造成恒牙牙列不齐的情况,而且只剩牙根在局部可能会有疼痛或者导致局部炎症的可能。因此小孩",Doc_train_0717_0095,train_0717,gold,1.0
Event_0cc9f7d7cf92,摄入蛋白质过少,体型比较瘦弱,"减肥的人,特别是年轻女性,为了保持身材","白质的代谢和机体自身肌肉代谢而成的,如果血清肌酐低于正常值的下限,说明摄入蛋白质过少或者本身肌肉含量过少造成的,例如减肥的人,特别是年轻女性,为了保持身材,摄入蛋白质过少,而体型比较瘦弱,只要能够保持其他系统在正常功能范围之内,就是正常现象,不需要特别关注",Doc_train_0717_0100,train_0717,gold,1.0
Event_4c91a7c87833,生理性贫血,心脏的负担加重,怀孕后的女性,"样的,成年人的脉搏一般在60-100次之间,大部分在70-80次之间,怀孕后的女性由于生理性贫血的影响以及循环血量增加使心脏的负担加重,可能会使心率相对增快。1、在怀孕早期时,孕妇的心率一般没有明显的变化",Doc_train_0717_0104,train_0717,gold,1.0
Event_63ae7628f1b1,循环血量增加,心脏的负担加重,怀孕后的女性,"样的,成年人的脉搏一般在60-100次之间,大部分在70-80次之间,怀孕后的女性由于生理性贫血的影响以及循环血量增加使心脏的负担加重,可能会使心率相对增快。1、在怀孕早期时,孕妇的心率一般没有明显的变化",Doc_train_0717_0104,train_0717,gold,1.0
Event_2fa7798a170b,体内白蛋白指标明显降低,大量的水分渗入到组织间隙,肝硬化失代偿,"夏天脚肿临床上常见的原因一般有以下几点:一、肝硬化失代偿的患者,由于体内白蛋白指标明显降低,会造成大量的水分渗入到组织间隙而引起脚肿。由于夏天天气炎热,患者摄入水分较多,会加重脚肿的症状。通过",Doc_train_0717_0109,train_0717,gold,1.0
Event_d96c52edc141,摄入水分较多,会加重脚肿,肝硬化失代偿,"夏天脚肿临床上常见的原因一般有以下几点:一、肝硬化失代偿的患者,由于体内白蛋白指标明显降低,会造成大量的水分渗入到组织间隙而引起脚肿。由于夏天天气炎热,患者摄入水分较多,会加重脚肿的症状。通过患者补充白蛋白,加强利尿,减少水分的摄入,可减轻脚部的肿胀",Doc_train_0717_0109,train_0717,gold,1.0
Event_fbbf0719ec96,夏天时天气炎热,外周血管的扩张,下肢静脉曲张,"。通过患者补充白蛋白,加强利尿,减少水分的摄入,可减轻脚部的肿胀。二、下肢静脉曲张的患者,夏天时天气炎热,可造成外周血管的扩张,较多血液淤积在下肢,从而引起脚肿。如果患者脚肿症状较轻,可以经血管内",Doc_train_0717_0109,train_0717,gold,1.0
Event_3b32ce805991,妊娠反应剧烈,便秘,怀孕初期,"怀孕初期有些孕妈妈由于妊娠反应剧烈、食欲不佳,容易便秘,所以多吃水果是保证维生素c和矿物质供给的重要途径。建议怀孕初期多吃苹",Doc_train_0717_0110,train_0717,gold,1.0
Event_73d915d1ea7b,食欲不佳,便秘,怀孕初期,"怀孕初期有些孕妈妈由于妊娠反应剧烈、食欲不佳,容易便秘,所以多吃水果是保证维生素c和矿物质供给的重要途径。建议怀孕初期多吃苹",Doc_train_0717_0110,train_0717,gold,1.0
Event_63f0661d8da7,尘肺病,肺脓肿,治疗不及时或者不重视,"洗肺可以治疗尘肺病,尘肺病是指长期在含有大量粉尘的环境中工作的人员,因为吸入粉尘等大颗粒的有害物质,刺激肺部感染而造成肺部出现咳嗽以及咳痰的症状。所以发现患有尘肺病时一定要及时去医院接受洗肺治疗,这样能让肺部的有害物质尽早排出,减少对肺部的刺激及损害。尘肺病治疗不及时或者不重视时,后期会发展成为肺脓肿等严重后果,在日常生活中尽量不要接触大量粉尘。",Doc_train_0717_0111,train_0717,gold,1.0
Event_fe2afba844d1,喉咙发炎的患者,炎症反应症状有可能会加重,吃的比较多,"刺激咽喉部以及舌根等部位,导致患者出现咽喉部充血、水肿等等表现,所以说喉咙发炎的患者不建议或者少吃雪糕,如果吃的比较多,可能当时吃饭比较舒服,过一段时间之后,患者的炎症反应症状有可能会加重,从而导致患者非常不舒服。咽喉发炎的患者建议吃温凉的,比如说面条、稀粥",Doc_train_0717_0121,train_0717,gold,1.0
Event_6eebb0edb2d6,长时间未饮水,尿色黄染,硝呋太尔片,"吃硝呋太尔片会导致尿色发黄,硝呋太尔属于呋喃类的抗生素,口服以后可以造成尿液的黄染同时服用磺胺类抗生素或者服用维生素b,都可以导致尿色黄染,这并非是异常的现象,而是属于药物染色的一种表现。停止相关的药物摄入以后,尿色可以恢复至正常,所以对于服用硝呋太尔片的患者,如疗程结束或者症状缓解,及早停药即可。在服药期间需要适当多饮水,饮水量保证在1500ml左右,并适度的碱化尿液。可以同时口服碳酸氢钠片1片,每日3次,与硝呋太尔片一同停药。如果长时间未饮水,不但可以造成尿色黄染,甚至可以形成药物性的结晶出现。需要适当多饮水,",Doc_train_0717_0125,train_0717,gold,1.0
Event_4cd47df81777,长时间未饮水,药物性的结晶,硝呋太尔片,"吃硝呋太尔片会导致尿色发黄,硝呋太尔属于呋喃类的抗生素,口服以后可以造成尿液的黄染同时服用磺胺类抗生素或者服用维生素b,都可以导致尿色黄染,这并非是异常的现象,而是属于药物染色的一种表现。停止相关的药物摄入以后,尿色可以恢复至正常,所以对于服用硝呋太尔片的患者,如疗程结束或者症状缓解,及早停药即可。在服药期间需要适当多饮水,饮水量保证在1500ml左右,并适度的碱化尿液。可以同时口服碳酸氢钠片1片,每日3次,与硝呋太尔片一同停药。如果长时间未饮水,不但可以造成尿色黄染,甚至可以形成药物性的结晶出现。需要适当多饮水,等待疗程结束,及时停药即可。",Doc_train_0717_0125,train_0717,gold,1.0
Event_7ac7c0c533ed,喝白酒后出现心跳加速,心绞痛,冠心病患者,"应就是心跳加速。因此,白酒可以导致正常人出现心跳加速、心肌耗氧,尤其是冠心病患者,如果喝白酒后出现心跳加速很可能就会诱发心绞痛,建议冠心病的病人一定要戒酒。",Doc_train_0717_0141,train_0717,gold,1.0
Event_f913d0d38878,不注意个人卫生,细菌的入侵,女性在月经期间,"女性在月经期间身体抵抗力是最差的时候,如果不注意个人卫生,就容易导致细菌的入侵,所以女性在月经期间要做好个人的防护工作。女性在月经期间雌激素下降,身",Doc_train_0717_0147,train_0717,gold,1.0
Event_ff0020cf5c30,吃高热量食物、甜食,霉菌孢子,存在阴道炎症,"当存在阴道炎症时想使用达克宁乳膏或者达克宁栓剂进行治疗,不会影响哺乳。因为其属于局部用药,不会通过血液循环、乳汁排泄,所以对哺乳不会产生任何影响,可以正常哺乳。部分女性在哺乳期间吃高热量、高蛋白的饮食,甚至甜食,这时要注意个人的饮食习惯。存在阴道炎症时不建议吃高热量食物、甜食,因为可以造成霉菌孢子,甚至白细胞持续性增高,导致炎症加重,所以一定要注意。一般情况下用药调",Doc_train_0717_0152,train_0717,gold,1.0
Event_ed73e9d28ace,吃高热量食物、甜食,白细胞持续性增高,存在阴道炎症,"当存在阴道炎症时想使用达克宁乳膏或者达克宁栓剂进行治疗,不会影响哺乳。因为其属于局部用药,不会通过血液循环、乳汁排泄,所以对哺乳不会产生任何影响,可以正常哺乳。部分女性在哺乳期间吃高热量、高蛋白的饮食,甚至甜食,这时要注意个人的饮食习惯。存在阴道炎症时不建议吃高热量食物、甜食,因为可以造成霉菌孢子,甚至白细胞持续性增高,导致炎症加重,所以一定要注意。一般情况下用药调理7-10天为1个疗程",Doc_train_0717_0152,train_0717,gold,1.0
Event_5fe08eb2ca3d,头孢羟氨苄片有生长毒性,肾功能损害,大剂量使用,"反应,病人有可能出现皮疹、药疹等,很少的病人可能会出现过敏性休克;2、头孢羟氨苄片有生长毒性,大剂量使用可能会引起肾功能损害,比如尿素氮和肌酐会升高。不能用头孢羟氨苄的患者:1、对头孢菌素过敏或",Doc_train_0717_0153,train_0717,gold,1.0
Event_b8d249d12020,甲状腺肿瘤,颈前的肿物,中老年女性,"甲状腺外科主要是诊治甲状腺肿瘤,具体包括良性肿瘤以及恶性肿瘤。良性病变包括结节性甲状腺肿、单纯的甲状腺腺瘤以及甲状腺囊肿。发生原因考虑和体内甲状腺素代谢异常相关,主要是饮食结构中缺碘所导致的,并且发生也有一定的地域结构性差异,在中老年女性病人出现比较多,很多患者表现为颈前的肿物,伴有疼痛,也会继发出现气管受压,有胸闷、心慌的表现,甚至还会出现继发",Doc_train_0717_0161,train_0717,gold,1.0
Event_03f688a2ec76,甲状腺肿瘤,疼痛,中老年女性,"甲状腺外科主要是诊治甲状腺肿瘤,具体包括良性肿瘤以及恶性肿瘤。良性病变包括结节性甲状腺肿、单纯的甲状腺腺瘤以及甲状腺囊肿。发生原因考虑和体内甲状腺素代谢异常相关,主要是饮食结构中缺碘所导致的,并且发生也有一定的地域结构性差异,在中老年女性病人出现比较多,很多患者表现为颈前的肿物,伴有疼痛,也会继发出现气管受压,有胸闷、心慌的表现,甚至还会出现继发的甲状腺功",Doc_train_0717_0161,train_0717,gold,1.0
Event_aa47826d1d40,甲状腺肿瘤,气管受压,中老年女性,"甲状腺外科主要是诊治甲状腺肿瘤,具体包括良性肿瘤以及恶性肿瘤。良性病变包括结节性甲状腺肿、单纯的甲状腺腺瘤以及甲状腺囊肿。发生原因考虑和体内甲状腺素代谢异常相关,主要是饮食结构中缺碘所导致的,并且发生也有一定的地域结构性差异,在中老年女性病人出现比较多,很多患者表现为颈前的肿物,伴有疼痛,也会继发出现气管受压,有胸闷、心慌的表现,甚至还会出现继发的甲状腺功能亢进,这种情况是进行",Doc_train_0717_0161,train_0717,gold,1.0
Event_ac7920c28b53,甲状腺肿瘤,胸闷,中老年女性,"甲状腺外科主要是诊治甲状腺肿瘤,具体包括良性肿瘤以及恶性肿瘤。良性病变包括结节性甲状腺肿、单纯的甲状腺腺瘤以及甲状腺囊肿。发生原因考虑和体内甲状腺素代谢异常相关,主要是饮食结构中缺碘所导致的,并且发生也有一定的地域结构性差异,在中老年女性病人出现比较多,很多患者表现为颈前的肿物,伴有疼痛,也会继发出现气管受压,有胸闷、心慌的表现,甚至还会出现继发的甲状腺功能亢进,这种情况是进行手术治疗",Doc_train_0717_0161,train_0717,gold,1.0
Event_4073adf86179,甲状腺肿瘤,心慌,中老年女性,"甲状腺外科主要是诊治甲状腺肿瘤,具体包括良性肿瘤以及恶性肿瘤。良性病变包括结节性甲状腺肿、单纯的甲状腺腺瘤以及甲状腺囊肿。发生原因考虑和体内甲状腺素代谢异常相关,主要是饮食结构中缺碘所导致的,并且发生也有一定的地域结构性差异,在中老年女性病人出现比较多,很多患者表现为颈前的肿物,伴有疼痛,也会继发出现气管受压,有胸闷、心慌的表现,甚至还会出现继发的甲状腺功能亢进,这种情况是进行手术治疗的指征",Doc_train_0717_0161,train_0717,gold,1.0
Event_285eb6b4a4f1,甲状腺肿瘤,甲状腺功能亢进,中老年女性,"甲状腺外科主要是诊治甲状腺肿瘤,具体包括良性肿瘤以及恶性肿瘤。良性病变包括结节性甲状腺肿、单纯的甲状腺腺瘤以及甲状腺囊肿。发生原因考虑和体内甲状腺素代谢异常相关,主要是饮食结构中缺碘所导致的,并且发生也有一定的地域结构性差异,在中老年女性病人出现比较多,很多患者表现为颈前的肿物,伴有疼痛,也会继发出现气管受压,有胸闷、心慌的表现,甚至还会出现继发的甲状腺功能亢进,这种情况是进行手术治疗的指征。对于甲状腺的恶性肿瘤主要是甲状腺癌,具",Doc_train_0717_0161,train_0717,gold,1.0
Event_3677e7b71344,抑制了胃肠的蠕动,通气时间的延缓,产妇术后使用镇痛泵,"是麻醉方式对术后通气时间的影响较大,全麻肯定比局麻造成的影响要大。如果产妇术后使用镇痛泵,虽然抑制了疼痛,同时也抑制了胃肠的蠕动可能会导致通气时间的延缓。孕妇尽早的下床活动,手法按摩腹部,食用点促进肠蠕动的药如四磨汤等,可",Doc_train_0717_0162,train_0717,gold,1.0
Event_efbfec15fbf8,母亲在体内怀孕期间的雌激素中断,有少量血性分泌物从阴道流出,女宝宝可能出生之后5-7天,"新生气的宝宝,可能出现假性的月经或者是乳腺的增大,这与性早熟是无关的,女宝宝可能出生之后5-7天,有少量血性分泌物从阴道流出,称为假月经,这是母亲在体内怀孕期间的雌激素中断导致的,持续一周左右就会过去了。还有一些孩子也是因为母体雌激素的中断,",Doc_train_0717_0163,train_0717,gold,1.0
Event_d5245a4c7be6,颈椎病,头疼,"长时间伏案工作,长时间重体力劳动者长时间开车","后脑头疼的原因有很多,常见的病因有颈椎病、高血压、高度精神紧张、睡眠质量差等。颈椎病患者有长时间伏案工作,长时间重体力劳动者长时间开车的病史,除了头疼以外,还可能会有后颈部不适、肩部酸沉、上肢麻木,头晕等",Doc_train_0717_0165,train_0717,gold,1.0
Event_2e96742b093d,颈椎病,后颈部不适,"长时间伏案工作,长时间重体力劳动者长时间开车","后脑头疼的原因有很多,常见的病因有颈椎病、高血压、高度精神紧张、睡眠质量差等。颈椎病患者有长时间伏案工作,长时间重体力劳动者长时间开车的病史,除了头疼以外,还可能会有后颈部不适、肩部酸沉、上肢麻木,头晕等高血压的患者可能会同时伴有心慌胸闷、气短、",Doc_train_0717_0165,train_0717,gold,1.0
Event_763787481da1,颈椎病,肩部酸沉,"长时间伏案工作,长时间重体力劳动者长时间开车","后脑头疼的原因有很多,常见的病因有颈椎病、高血压、高度精神紧张、睡眠质量差等。颈椎病患者有长时间伏案工作,长时间重体力劳动者长时间开车的病史,除了头疼以外,还可能会有后颈部不适、肩部酸沉、上肢麻木,头晕等高血压的患者可能会同时伴有心慌胸闷、气短、头晕,一般",Doc_train_0717_0165,train_0717,gold,1.0
Event_05238d995a6e,颈椎病,上肢麻木,"长时间伏案工作,长时间重体力劳动者长时间开车","后脑头疼的原因有很多,常见的病因有颈椎病、高血压、高度精神紧张、睡眠质量差等。颈椎病患者有长时间伏案工作,长时间重体力劳动者长时间开车的病史,除了头疼以外,还可能会有后颈部不适、肩部酸沉、上肢麻木,头晕等高血压的患者可能会同时伴有心慌胸闷、气短、头晕,一般经过降压治",Doc_train_0717_0165,train_0717,gold,1.0
Event_44be91787f37,颈椎病,头晕,"长时间伏案工作,长时间重体力劳动者长时间开车","后脑头疼的原因有很多,常见的病因有颈椎病、高血压、高度精神紧张、睡眠质量差等。颈椎病患者有长时间伏案工作,长时间重体力劳动者长时间开车的病史,除了头疼以外,还可能会有后颈部不适、肩部酸沉、上肢麻木,头晕等高血压的患者可能会同时伴有心慌胸闷、气短、头晕,一般经过降压治疗后症",Doc_train_0717_0165,train_0717,gold,1.0
Event_cefa5213ab8e,颈椎病,高血压,"长时间伏案工作,长时间重体力劳动者长时间开车","后脑头疼的原因有很多,常见的病因有颈椎病、高血压、高度精神紧张、睡眠质量差等。颈椎病患者有长时间伏案工作,长时间重体力劳动者长时间开车的病史,除了头疼以外,还可能会有后颈部不适、肩部酸沉、上肢麻木,头晕等",Doc_train_0717_0165,train_0717,gold,1.0
Event_21afc48f9b02,颈椎病,心慌,"长时间伏案工作,长时间重体力劳动者长时间开车","后脑头疼的原因有很多,常见的病因有颈椎病、高血压、高度精神紧张、睡眠质量差等。颈椎病患者有长时间伏案工作,长时间重体力劳动者长时间开车的病史,除了头疼以外,还可能会有后颈部不适、肩部酸沉、上肢麻木,头晕等高血压的患者可能会同时伴有心慌胸闷、气短、头晕,一般经过降压治疗后症状可以明显地缓解或者消失。高度精",Doc_train_0717_0165,train_0717,gold,1.0
Event_7757c5cffa27,颈椎病,胸闷,"长时间伏案工作,长时间重体力劳动者长时间开车","后脑头疼的原因有很多,常见的病因有颈椎病、高血压、高度精神紧张、睡眠质量差等。颈椎病患者有长时间伏案工作,长时间重体力劳动者长时间开车的病史,除了头疼以外,还可能会有后颈部不适、肩部酸沉、上肢麻木,头晕等高血压的患者可能会同时伴有心慌胸闷、气短、头晕,一般经过降压治疗后症状可以明显地缓解或者消失。高度精神紧",Doc_train_0717_0165,train_0717,gold,1.0
Event_9e7673899962,颈椎病,气短,"长时间伏案工作,长时间重体力劳动者长时间开车","后脑头疼的原因有很多,常见的病因有颈椎病、高血压、高度精神紧张、睡眠质量差等。颈椎病患者有长时间伏案工作,长时间重体力劳动者长时间开车的病史,除了头疼以外,还可能会有后颈部不适、肩部酸沉、上肢麻木,头晕等高血压的患者可能会同时伴有心慌胸闷、气短、头晕,一般经过降压治疗后症状可以明显地缓解或者消失。高度精神紧张会出",Doc_train_0717_0165,train_0717,gold,1.0
Event_ea2d8d13d1e2,颈椎病,头晕,"长时间伏案工作,长时间重体力劳动者长时间开车","后脑头疼的原因有很多,常见的病因有颈椎病、高血压、高度精神紧张、睡眠质量差等。颈椎病患者有长时间伏案工作,长时间重体力劳动者长时间开车的病史,除了头疼以外,还可能会有后颈部不适、肩部酸沉、上肢麻木,头晕等高血压的患者可能会同时伴有心慌胸闷、气短、头晕,一般经过降压治疗后症",Doc_train_0717_0165,train_0717,gold,1.0
Event_463e591edd04,上消化道出血,大便深褐色,"胃酸和消化液的作用下,血红蛋白被还原分解和细胞破坏","用,所以呈金黄色。褐色大便要看有没有消化道出血,可以做便潜血检查。因为上消化道出血在胃酸和消化液的作用下,血红蛋白被还原分解和细胞破坏。往往导致大便深褐色或者柏油样大便。首先如消化道溃疡出血、消化系统肿瘤、肝硬化出血等疾病,",Doc_train_0717_0172,train_0717,gold,1.0
Event_380e271c5bf2,上消化道出血,柏油样大便,"胃酸和消化液的作用下,血红蛋白被还原分解和细胞破坏","用,所以呈金黄色。褐色大便要看有没有消化道出血,可以做便潜血检查。因为上消化道出血在胃酸和消化液的作用下,血红蛋白被还原分解和细胞破坏。往往导致大便深褐色或者柏油样大便。首先如消化道溃疡出血、消化系统肿瘤、肝硬化出血等疾病,可以做胃镜超声",Doc_train_0717_0172,train_0717,gold,1.0
Event_42c0122aae5f,尖锐湿疣,局部还容易出现脓性分泌物聚积,皮损,"尖锐湿疣好发于生殖器和肛周的部位,比如男性多见于龟头、冠状沟、阴茎体以及包皮,女性发生于阴唇、阴蒂、前庭甚至宫颈,有的患者还会出现在腋窝、乳房或者趾间。在发病的早期局部会表现为细小的丘疹,一般呈淡红色,随着病情的进展逐渐增多。疣体一般表现为表面凹凸不平,鸡冠状、菜花状的突起,呈湿润、柔软的状态,并且容易出现糜烂、渗液。如果有皮损,局部还容易出现脓性分泌物聚积,甚至还会有恶臭,有的患者还有可能伴发瘙痒和疼痛不适。",Doc_train_0717_0180,train_0717,gold,1.0
Event_4a834757cc92,尖锐湿疣,恶臭,皮损,"尖锐湿疣好发于生殖器和肛周的部位,比如男性多见于龟头、冠状沟、阴茎体以及包皮,女性发生于阴唇、阴蒂、前庭甚至宫颈,有的患者还会出现在腋窝、乳房或者趾间。在发病的早期局部会表现为细小的丘疹,一般呈淡红色,随着病情的进展逐渐增多。疣体一般表现为表面凹凸不平,鸡冠状、菜花状的突起,呈湿润、柔软的状态,并且容易出现糜烂、渗液。如果有皮损,局部还容易出现脓性分泌物聚积,甚至还会有恶臭,有的患者还有可能伴发瘙痒和疼痛不适。",Doc_train_0717_0180,train_0717,gold,1.0
Event_e99f40c8a4cf,尖锐湿疣,瘙痒,皮损,"尖锐湿疣好发于生殖器和肛周的部位,比如男性多见于龟头、冠状沟、阴茎体以及包皮,女性发生于阴唇、阴蒂、前庭甚至宫颈,有的患者还会出现在腋窝、乳房或者趾间。在发病的早期局部会表现为细小的丘疹,一般呈淡红色,随着病情的进展逐渐增多。疣体一般表现为表面凹凸不平,鸡冠状、菜花状的突起,呈湿润、柔软的状态,并且容易出现糜烂、渗液。如果有皮损,局部还容易出现脓性分泌物聚积,甚至还会有恶臭,有的患者还有可能伴发瘙痒和疼痛不适。",Doc_train_0717_0180,train_0717,gold,1.0
Event_a424f6e72076,尖锐湿疣,疼痛不适,皮损,"尖锐湿疣好发于生殖器和肛周的部位,比如男性多见于龟头、冠状沟、阴茎体以及包皮,女性发生于阴唇、阴蒂、前庭甚至宫颈,有的患者还会出现在腋窝、乳房或者趾间。在发病的早期局部会表现为细小的丘疹,一般呈淡红色,随着病情的进展逐渐增多。疣体一般表现为表面凹凸不平,鸡冠状、菜花状的突起,呈湿润、柔软的状态,并且容易出现糜烂、渗液。如果有皮损,局部还容易出现脓性分泌物聚积,甚至还会有恶臭,有的患者还有可能伴发瘙痒和疼痛不适。",Doc_train_0717_0180,train_0717,gold,1.0
Event_8adf6b43572d,可复性牙髓炎,一过性的疼痛,"遇冷热、酸甜等刺激,尤其是冷热刺激","治疗可复性牙髓炎,吃阿莫西林有一定的辅助效果,但一般不用服药。可复性牙髓炎表现遇冷热、酸甜等刺激,尤其是冷热刺激过程中有一过性的疼痛而没有自发痛,大夫建议,到医院就诊将病变的组织去除掉,安抚治疗并长期观",Doc_train_0717_0187,train_0717,gold,1.0
Event_3cdfb33a9832,复方氯化钠注射液,水钠潴留,输液过多、过快,"复方氯化钠注射液的作用包括以下几类:1、适应症:主要适用于各种原因导致的失水症状,如低渗性、等渗性和高渗性失水,还有高渗性非酮症的糖尿病昏迷,以及低氯性代谢性碱中毒等一系列症状的治疗。复方氯化钠属于体液补充药物,内含用于补充体液及离子成分,上述的离子成分是体液中重要的电解质,对维持正常的血液和细胞外液的容量以及渗透压,都起着非常重要的作用;2、不良反应:复方氯化钠注射液作为复方制剂,除含氯化钠外,还含氯化钾、氯化钙等,在使用过程中还需要注意对不良反应的监测,如输液过多、过快可能会导致水钠潴留,引起水肿、血压升高、心率加快、胸闷、呼吸困难。严重时可能会导致急性心",Doc_train_0717_0189,train_0717,gold,1.0
Event_e324ebf3c7bd,复方氯化钠注射液,急性心衰,输液过多、过快,"复方氯化钠注射液的作用包括以下几类:1、适应症:主要适用于各种原因导致的失水症状,如低渗性、等渗性和高渗性失水,还有高渗性非酮症的糖尿病昏迷,以及低氯性代谢性碱中毒等一系列症状的治疗。复方氯化钠属于体液补充药物,内含用于补充体液及离子成分,上述的离子成分是体液中重要的电解质,对维持正常的血液和细胞外液的容量以及渗透压,都起着非常重要的作用;2、不良反应:复方氯化钠注射液作为复方制剂,除含氯化钠外,还含氯化钾、氯化钙等,在使用过程中还需要注意对不良反应的监测,如输液过多、过快可能会导致水钠潴留,引起水肿、血压升高、心率加快、胸闷、呼吸困难。严重时可能会导致急性心衰等,给药过多、过快还可能会导致脑水肿等不良反应症状;3、禁忌症:禁忌用",Doc_train_0717_0189,train_0717,gold,1.0
Event_3ddd19d5af7f,前列腺炎,尿液里面有少量的蛋白或者是少量的红血球,前列腺炎的患者,"前列腺炎是临床上非常常见的一种疾病。前列腺炎分为两种,一种是急性前列腺炎,这时候这种急性的前列腺炎尿液里面是会有改变的,尿液当中尿的白血球、红血球会比较高。还有一种前列腺炎叫慢性前列腺炎,慢性前列腺炎的症状主要是尿频、尿急、尿不干净,会阴部以及小腹部的胀痛。大部分前列腺炎的病人,特别是慢性前列腺炎的病人,做尿液常规的时候,他的尿液是正常的,是没有异常发现的。但是也有少部分的病人,前列腺炎的患者查尿液的时候会发现尿液里面有少量的蛋白或者是少量的红血球,这种蛋白或红血球是在正常范围内的,有可能是由前列腺炎引起来的。所以对",Doc_train_0717_0193,train_0717,gold,1.0
Event_bd96508a71d4,长期使用安眠药物改善睡眠,精神倦怠,合并肝肾功能不全,"性作用,嗜睡症状是安眠药的常见副作用之一。老年人多伴有睡眠障碍问题,会长期使用安眠药物改善睡眠,但如果合并肝肾功能不全会使按药物蓄积,延长药物作用时间,导致精神倦怠、嗜睡等不良反应。针对这种情况,立即停用、减量或改用药物,即可得到有效",Doc_train_0717_0194,train_0717,gold,1.0
Event_3fa95b1922fd,长期使用安眠药物改善睡眠,嗜睡,合并肝肾功能不全,"引起老年人嗜睡的原因有很多,常见的原因主要有以下几个方面:1、甲状腺功能减退,该病不仅会引起嗜睡症状,还会有神情淡漠、怕冷、黏液性水肿等情况,完善甲状腺功能检测即可明确诊断,其治疗主要是服用甲状腺素片;2、脑血管疾病,当老年人出现嗜睡的情况,需要明确是否存在脑部病变,如脑部的炎症、脑萎缩、脑动脉硬化以及脑血管意外等,这需要完善头部检查进一步明确诊断;3、药物性作用,嗜睡症状是安眠药的常见副作用之一。老年人多伴有睡眠障碍问题,会长期使用安眠药物改善睡眠,但如果合并肝肾功能不全会使按药物蓄积,延长药物作用时间,导致精神倦怠、嗜睡等不良反应。针对这",Doc_train_0717_0194,train_0717,gold,1.0
Event_1906fbb2fb39,长期使用安眠药物改善睡眠,"药物蓄积,延长药物作用时间",合并肝肾功能不全,"性作用,嗜睡症状是安眠药的常见副作用之一。老年人多伴有睡眠障碍问题,会长期使用安眠药物改善睡眠,但如果合并肝肾功能不全会使按药物蓄积,延长药物作用时间,导致精神倦怠、嗜睡等不良反应。针对这种情况,立即停用、减量或改用药物",Doc_train_0717_0194,train_0717,gold,1.0
Event_9c2d000db94c,拔牙,局部炎症的扩散,智齿冠周炎在急性炎症期,"智齿疼的时候一般不建议拔牙,要将智齿局部的炎症消退之后,再考虑进行智齿的拔除。智齿冠周炎在急性炎症期,如果进行拔牙,很容易会造成局部炎症的扩散,引起面部间隙的感染,造成比较严重的脸部肿胀疼痛。因此,在智齿发炎的时",Doc_train_0717_0197,train_0717,gold,1.0
Event_da90497b3731,消化不良,黑便,胃溃疡或十二指肠溃疡引起,"消化不良基本上不会引起黑便症状,黑便的常见原因是上消化道出血,如果消化不良症状是由于胃溃疡或十二指肠溃疡引起的,很有可能会引起黑便的症状,因为消化性溃疡最常见的并发症是上消化道出",Doc_train_0717_0200,train_0717,gold,1.0
Event_244657467124,"消化不良时会在舌面上形成较厚的奶苔,舌面上看起来会很白并且比较厚重",幼儿舌头发白,吃母乳或者奶粉的幼儿,"幼儿舌头发白主要见于以下两种情况:1、吃母乳或者奶粉的幼儿,当消化不良时会在舌面上形成较厚的奶苔,舌面上看起来会很白并且比较厚重,可以给予益生菌口服进行调理,经过治疗后肠道功能很快就会有所好转。2、",Doc_train_0717_0204,train_0717,gold,1.0
Event_73119ad26748,年龄增长颈部皮下脂肪也容易堆积,局部包块,肥胖体质,"后颈部肿块,最常见的是发生于颈部皮下组织的脂肪瘤。这种疾病在肥胖体质的病人出现较多,随着年龄增长颈部皮下脂肪也容易堆积,表现为局部包块。病人还会有疼痛甚至颈部不适、上肢麻木等表现,超声检查也可确诊。良性肿",Doc_train_0717_0211,train_0717,gold,1.0
Event_78ca95592763,压力逐渐增大,膀胱输尿管反流,慢性尿潴留,"尿等待等情况。随着增生加重,储尿期可能会出现膀胱淤积,叫尿潴留。若出现慢性尿潴留,膀胱内高压可以维持一段时间,若压力逐渐增大,可能会形成膀胱输尿管反流,从而加重上面肾积水的压力和出现,这属于晚期的失代偿状态。前列腺增生的",Doc_train_0717_0213,train_0717,gold,1.0
Event_69a4dedad9c6,不能及时的补充钙,骨质疏松,妊娠期间,"乳期。有些孕妇可能担心吃钙片以后会导致胎盘老化,这种担忧没有科学依据。妊娠期间胎儿的骨骼生长需要母亲体内所提供的钙进行补充,如果母亲不能及时的补充钙,可能会导致骨质疏松等症状,甚至会导致小腿抽筋、腰背部疼痛、酸胀等不适,所以孕妇在孕期内补",Doc_train_0717_0215,train_0717,gold,1.0
Event_0a79879daccb,不能及时的补充钙,小腿抽筋,妊娠期间,"乳期。有些孕妇可能担心吃钙片以后会导致胎盘老化,这种担忧没有科学依据。妊娠期间胎儿的骨骼生长需要母亲体内所提供的钙进行补充,如果母亲不能及时的补充钙,可能会导致骨质疏松等症状,甚至会导致小腿抽筋、腰背部疼痛、酸胀等不适,所以孕妇在孕期内补钙较为重要。",Doc_train_0717_0215,train_0717,gold,1.0
Event_01bd20572652,不能及时的补充钙,腰背部疼痛、酸胀,妊娠期间,"乳期。有些孕妇可能担心吃钙片以后会导致胎盘老化,这种担忧没有科学依据。妊娠期间胎儿的骨骼生长需要母亲体内所提供的钙进行补充,如果母亲不能及时的补充钙,可能会导致骨质疏松等症状,甚至会导致小腿抽筋、腰背部疼痛、酸胀等不适,所以孕妇在孕期内补钙较为重要。",Doc_train_0717_0215,train_0717,gold,1.0
Event_5746f4facbf7,乳腺纤维腺瘤,"临床上常无法触及,患者一般以疼痛为主要症状","纤维腺瘤较大,且距皮肤较深时","乳腺纤维腺瘤的症状较多,根据轻度、中度、重度的不同分型,其症状可有所差异。常见症状包括疼痛、麻木、肿胀不适等,部分患者可触及肿块,肿块质地光滑、较软。当纤维腺瘤较小且距皮肤较深时,可能无法触及,往往需经彩超检查确诊;如果纤维腺瘤较大,且距皮肤较深时,临床上常无法触及,患者一般以疼痛为主要症状;另一种以肿块为主要表现,可偶尔触及到肿块,患者亦以疼痛为主。",Doc_train_0717_0216,train_0717,gold,1.0
Event_a2864821638b,支气管炎症,咳嗽,长期吸烟,"两肺纹理粗乱是否严重,需要根据患者的临床表现来综合判断。如果长期吸烟的人群伴有咳嗽、咳痰,胸片或者ct提示双肺纹理粗乱,说明支气管炎症比较严重。尤其是血常规提示白细胞总数、中性粒细胞增高,说明支气管感染需",Doc_train_0717_0225,train_0717,gold,1.0
Event_ad907234a96e,支气管炎症,咳痰,长期吸烟,"两肺纹理粗乱是否严重,需要根据患者的临床表现来综合判断。如果长期吸烟的人群伴有咳嗽、咳痰,胸片或者ct提示双肺纹理粗乱,说明支气管炎症比较严重。尤其是血常规提示白细胞总数、中性粒细胞增高,说明支气管感染需",Doc_train_0717_0225,train_0717,gold,1.0
Event_5bf0fbd7b857,支气管炎症,胸片或者ct提示双肺纹理粗乱,长期吸烟,"两肺纹理粗乱是否严重,需要根据患者的临床表现来综合判断。如果长期吸烟的人群伴有咳嗽、咳痰,胸片或者ct提示双肺纹理粗乱,说明支气管炎症比较严重。尤其是血常规提示白细胞总数、中性粒细胞增高,说明支气管感染需",Doc_train_0717_0225,train_0717,gold,1.0
Event_9e87baf801a7,抑郁症,自杀,严重,"抑郁症是全球范围内的一种常见的心理疾患,许多中、重度抑郁症患者的日常生活产生长期受到明显的影响。最严重时,抑郁症可引致自杀。许多对抑郁症不了解的人就会认为这么严重的疾病治疗肯定很困难或治疗效果",Doc_train_0717_0227,train_0717,gold,1.0
Event_b92b1ea5537a,性生活,感染,女性在经期,"可以服用中成药物改善病情,比如连花清瘟颗粒、蒲地蓝消炎口服液等都可以。女性在经期的时候抵抗力会下降,身体比较虚弱,这个时候一定要注意保暖,不能着凉。如果感冒一定要及时积极的治疗,以免导致病情加重。女性在经期的时候如果感冒,可以多喝温开水,也可以多喝温热的红糖水,可以起到暖宫的作用。女性在经期不能有性生活,也不能进行盆浴,也不要去游泳,以防出现感染。",Doc_train_0717_0228,train_0717,gold,1.0
Event_fee8ef8c45bd,盆浴,感染,女性在经期,"可以服用中成药物改善病情,比如连花清瘟颗粒、蒲地蓝消炎口服液等都可以。女性在经期的时候抵抗力会下降,身体比较虚弱,这个时候一定要注意保暖,不能着凉。如果感冒一定要及时积极的治疗,以免导致病情加重。女性在经期的时候如果感冒,可以多喝温开水,也可以多喝温热的红糖水,可以起到暖宫的作用。女性在经期不能有性生活,也不能进行盆浴,也不要去游泳,以防出现感染。",Doc_train_0717_0228,train_0717,gold,1.0
Event_f6ff0ebfeb64,游泳,感染,女性在经期,"可以服用中成药物改善病情,比如连花清瘟颗粒、蒲地蓝消炎口服液等都可以。女性在经期的时候抵抗力会下降,身体比较虚弱,这个时候一定要注意保暖,不能着凉。如果感冒一定要及时积极的治疗,以免导致病情加重。女性在经期的时候如果感冒,可以多喝温开水,也可以多喝温热的红糖水,可以起到暖宫的作用。女性在经期不能有性生活,也不能进行盆浴,也不要去游泳,以防出现感染。",Doc_train_0717_0228,train_0717,gold,1.0
Event_7a1476bfdae4,经前期综合征,胸部胀痛,月经前,"有一部分的女性因为生活习惯的改变,包括压力、熬夜这些外在的因素也会造成胸部胀痛的表现发生。当月经前的时候,经前期综合征的表现也会造成有胸部胀痛、小腹部不舒服的表现,一部分女性会伴随乳腺的增",Doc_train_0717_0231,train_0717,gold,1.0
Event_10abfb2dd784,经前期综合征,小腹部不舒服,月经前,"习惯的改变,包括压力、熬夜这些外在的因素也会造成胸部胀痛的表现发生。当月经前的时候,经前期综合征的表现也会造成有胸部胀痛、小腹部不舒服的表现,一部分女性会伴随乳腺的增生,特别在激素期的时候可能就会引起疼痛",Doc_train_0717_0231,train_0717,gold,1.0
Event_f60dc8818591,经前期综合征,乳腺的增生,月经前,"习惯的改变,包括压力、熬夜这些外在的因素也会造成胸部胀痛的表现发生。当月经前的时候,经前期综合征的表现也会造成有胸部胀痛、小腹部不舒服的表现,一部分女性会伴随乳腺的增生,特别在激素期的时候可能就会引起疼痛明显。所以有没有怀孕尽可能再观察5",Doc_train_0717_0231,train_0717,gold,1.0
Event_feb3f5f39e60,经前期综合征,疼痛明显,激素期,"括压力、熬夜这些外在的因素也会造成胸部胀痛的表现发生。当月经前的时候,经前期综合征的表现也会造成有胸部胀痛、小腹部不舒服的表现,一部分女性会伴随乳腺的增生,特别在激素期的时候可能就会引起疼痛明显。所以有没有怀孕尽可能再观察5天的时间,也就是说同房之后12天买验孕棒",Doc_train_0717_0231,train_0717,gold,1.0
Event_1e836f418960,甲亢的患者,甲亢性突眼,病情严重,"甲亢是内分泌科最主要的一个疾病,患有甲亢有许多的注意事项。首先,甲亢的患者建议少吃加碘的盐,而且做饭的时候如果放加碘的盐,尽量早放,这样高温可以破坏碘的一些组织,使菜里边含碘的含量会明显降低,而且海带、紫菜这一类海产品也尽量少吃。甲亢患者会有情绪的明显激动、易激惹,要保持心情的开朗,事情也要想得开,不要钻牛角尖。甲亢的患者如果病情严重会有甲亢性突眼的情况,甲亢性突眼要格外注意用眼的卫生,出门的时候建议带上有色眼镜,避",Doc_train_0717_0233,train_0717,gold,1.0
Event_f73243fb2608,白内障,影响视力,发展到一定程度,"白内障早期一般不影响视力,只有发展到一定程度才会影响视力。患者单纯存在白内障可以通过看东西清晰程度进行判断病情进展",Doc_train_0717_0237,train_0717,gold,1.0
Event_76fde5d2d0ed,白内障逐渐加重,近视度数不断增加,患者原来存在近视,"混浊。早期白内障也可以通过裂隙灯放大镜观察具体位置,决定是否进行干预。患者原来存在近视,近视度数不断增加,也可能是白内障逐渐加重表现;部分患者原来存在老花眼,但慢慢感觉看近不用佩戴老花镜,此时可能是",Doc_train_0717_0237,train_0717,gold,1.0
Event_7e758c359d0e,白内障加重,看近不用佩戴老花镜,患者原来存在老花眼,"。患者原来存在近视,近视度数不断增加,也可能是白内障逐渐加重表现;部分患者原来存在老花眼,但慢慢感觉看近不用佩戴老花镜,此时可能是白内障加重表现,需要引起注意;部分患者出现单眼视物重影或多影,也是白内障加重表现",Doc_train_0717_0237,train_0717,gold,1.0
Event_3184c2b22413,先兆流产,小腹疼痛,怀孕,"先兆性流产主要会出现小腹疼痛,有的是隐痛,有的是剧烈疼痛,同时伴随阴道出血。所以,如果已经怀孕,出现小腹疼痛或者阴道出血,可以视为先兆流产,尽快到医院做检查,判断胚胎有没有问题,如果有问题尽量服用保胎药或注意",Doc_train_0717_0239,train_0717,gold,1.0
Event_3d8ce3e638d2,先兆流产,阴道出血,怀孕,"先兆性流产主要会出现小腹疼痛,有的是隐痛,有的是剧烈疼痛,同时伴随阴道出血。所以,如果已经怀孕,出现小腹疼痛或者阴道出血,可以视为先兆流产,尽快到医院做检查,判断胚胎有没有问题,如果有问题尽量服用保胎药或注意",Doc_train_0717_0239,train_0717,gold,1.0
Event_371af68a4042,不打石膏固定,延迟愈合,撕脱性骨折,"撕脱性骨折如果不打石膏固定,一般情况下会导致骨折延迟愈合、不愈合,甚至畸形愈合。撕脱性骨折是指肌腱、肌肉连接的骨质部分,在肌肉",Doc_train_0717_0243,train_0717,gold,1.0
Event_08103bc4e1e6,不打石膏固定,畸形愈合,撕脱性骨折,"撕脱性骨折如果不打石膏固定,一般情况下会导致骨折延迟愈合、不愈合,甚至畸形愈合。撕脱性骨折是指肌腱、肌肉连接的骨质部分,在肌肉、肌腱强烈收缩的情况下",Doc_train_0717_0243,train_0717,gold,1.0
Event_91494f6237af,不打石膏固定,不愈合,撕脱性骨折,"撕脱性骨折如果不打石膏固定,一般情况下会导致骨折延迟愈合、不愈合,甚至畸形愈合。撕脱性骨折是指肌腱、肌肉连接的骨质部分,在肌肉、肌腱强",Doc_train_0717_0243,train_0717,gold,1.0
Event_f1ecb1b32d33,腰痛,局部疼痛,湿邪,"湿气中医学又称湿邪,其特点趋下,因湿性重浊粘滞阻滞气机,导致经络气血阻滞不通,致病情缠绵难愈。腰痛主要指腰局部疼痛或活动不利,证型包括寒湿腰痛、湿热腰痛、瘀血腰痛及肾虚腰痛。其中寒湿腰",Doc_train_0717_0245,train_0717,gold,1.0
Event_42f975c79442,腰痛,转侧、翻身活动不利,湿邪,"湿气中医学又称湿邪,其特点趋下,因湿性重浊粘滞阻滞气机,导致经络气血阻滞不通,致病情缠绵难愈。腰痛主要指腰局部疼痛或活动不利,证型包括寒湿腰痛、湿热腰痛、瘀血腰痛及肾虚腰痛。其中寒湿腰痛比较普遍,湿邪引起腰痛一般表现局部疼痛,转侧、翻身活动不利,遇阴雨天气病情加重,应进行祛寒除湿、疏经通络治疗,中药常选择肾着汤或",Doc_train_0717_0245,train_0717,gold,1.0
Event_ad80ecf914df,腰痛,遇阴雨天气病情加重,湿邪,"湿气中医学又称湿邪,其特点趋下,因湿性重浊粘滞阻滞气机,导致经络气血阻滞不通,致病情缠绵难愈。腰痛主要指腰局部疼痛或活动不利,证型包括寒湿腰痛、湿热腰痛、瘀血腰痛及肾虚腰痛。其中寒湿腰痛比较普遍,湿邪引起腰痛一般表现局部疼痛,转侧、翻身活动不利,遇阴雨天气病情加重,应进行祛寒除湿、疏经通络治疗,中药常选择肾着汤或薏仁汤加减,通过精准",Doc_train_0717_0245,train_0717,gold,1.0
Event_a1879eb922a1,饮食不足,营养不良,时间久而久之,"婴儿大便干燥是怎么回事?主要是喂养不当造成的:1、饮食不足,婴儿进食太少,消化后液体吸收,余渣少致大便减少、变稠,奶中糖量不足时肠蠕动弱,可使大便干燥。饮食不足,时间久而久之引起营养不良,使腹肌肠肌收缩能力减弱,加重便秘。2、饮食成分不当,食物中含有大量蛋",Doc_train_0717_0247,train_0717,gold,1.0
Event_071ed922095a,暴露于日光下时间过长,皮肤改变,皮肤较为敏感,"日光性皮炎是对紫外线过敏引起的一组皮肤过敏性症状,一般多发于皮肤较为敏感,暴露于日光下时间过长,或者因为使用某些药物或者某些光敏性食物引起的皮肤改变。主要表现为暴露部位皮肤红斑、丘疹、脱屑,可以出现水疱,可以伴有瘙痒及",Doc_train_0717_0249,train_0717,gold,1.0
Event_2075fbfac1af,"感染诱发的荨麻疹,常合并发热、腹痛、呼吸道梗阻",猝死,处理不恰当、不及时,"荨麻疹久久不愈,由药物导致的荨麻疹,因过敏原效价强,机体难自愈。如果是感染诱发的荨麻疹,常合并发热、腹痛、呼吸道梗阻等,属于急症范畴,需尽快处理,如处理不恰当、不及时,可能延误病情导致猝死,所以发现荨麻疹后应尽快治疗。",Doc_train_0717_0254,train_0717,gold,1.0
Event_5fbc88bcc93c,再次妊娠,两个月月经没有正常来潮,流产后,"流产后如果两个月月经没有正常来潮,首先排除是否再次妊娠,应到医院行血及尿hcg检测。如果没有妊娠,需行激素或超声检查。流产后",Doc_train_0717_0263,train_0717,gold,1.0
Event_046b734393db,水痘-带状疱疹病毒潜伏在患者的神经根,带状疱疹,在一些条件因素诱发下,"带状疱疹是水痘-带状疱疹病毒潜伏在患者的神经根当中,在一些条件因素诱发下,导致的一种神经炎症反应,而且还会伴有局部皮肤出现水疱样的表现。带状疱",Doc_train_0717_0268,train_0717,gold,1.0
Event_fce064063f7b,消化道出血,头晕,出血量较大,"唑等质子泵抑制剂,抑制胃酸治疗后3-5天即可达到大便转黄,出血停止。上消化道出血是消化科的急危重症,常见引起上消化道出血的病因包括消化性溃疡病、急性糜烂出血性胃炎、食管贲门黏膜撕裂症、食管胃底静脉曲张以及食管内肿瘤等,包括十二指肠溃疡在内的消化性溃疡病,是临床造成上消化道出血的常见病因。患者在消化道出血前常有反复、规律性上腹部疼痛的病史,症状多于餐前以及夜间出现,进食后可明显缓解。在发生消化道出血时,患者出现呕血、黑便、排鲜红色以及暗红色血便等消化道出血症状,出血量较大时亦可合并有头晕、心慌、乏力、出汗等失血及贫血的症状,当出血量>1000ml时,患者可",Doc_train_0717_0277,train_0717,gold,1.0
Event_e5a4a4af7f3f,消化道出血,心慌,出血量较大,"唑等质子泵抑制剂,抑制胃酸治疗后3-5天即可达到大便转黄,出血停止。上消化道出血是消化科的急危重症,常见引起上消化道出血的病因包括消化性溃疡病、急性糜烂出血性胃炎、食管贲门黏膜撕裂症、食管胃底静脉曲张以及食管内肿瘤等,包括十二指肠溃疡在内的消化性溃疡病,是临床造成上消化道出血的常见病因。患者在消化道出血前常有反复、规律性上腹部疼痛的病史,症状多于餐前以及夜间出现,进食后可明显缓解。在发生消化道出血时,患者出现呕血、黑便、排鲜红色以及暗红色血便等消化道出血症状,出血量较大时亦可合并有头晕、心慌、乏力、出汗等失血及贫血的症状,当出血量>1000ml时,患者可出现黑",Doc_train_0717_0277,train_0717,gold,1.0
Event_4bd11170478a,消化道出血,乏力,出血量较大,"唑等质子泵抑制剂,抑制胃酸治疗后3-5天即可达到大便转黄,出血停止。上消化道出血是消化科的急危重症,常见引起上消化道出血的病因包括消化性溃疡病、急性糜烂出血性胃炎、食管贲门黏膜撕裂症、食管胃底静脉曲张以及食管内肿瘤等,包括十二指肠溃疡在内的消化性溃疡病,是临床造成上消化道出血的常见病因。患者在消化道出血前常有反复、规律性上腹部疼痛的病史,症状多于餐前以及夜间出现,进食后可明显缓解。在发生消化道出血时,患者出现呕血、黑便、排鲜红色以及暗红色血便等消化道出血症状,出血量较大时亦可合并有头晕、心慌、乏力、出汗等失血及贫血的症状,当出血量>1000ml时,患者可出现黑蒙、晕",Doc_train_0717_0277,train_0717,gold,1.0
Event_f4dfc7f105b4,消化道出血,出汗,出血量较大,"唑等质子泵抑制剂,抑制胃酸治疗后3-5天即可达到大便转黄,出血停止。上消化道出血是消化科的急危重症,常见引起上消化道出血的病因包括消化性溃疡病、急性糜烂出血性胃炎、食管贲门黏膜撕裂症、食管胃底静脉曲张以及食管内肿瘤等,包括十二指肠溃疡在内的消化性溃疡病,是临床造成上消化道出血的常见病因。患者在消化道出血前常有反复、规律性上腹部疼痛的病史,症状多于餐前以及夜间出现,进食后可明显缓解。在发生消化道出血时,患者出现呕血、黑便、排鲜红色以及暗红色血便等消化道出血症状,出血量较大时亦可合并有头晕、心慌、乏力、出汗等失血及贫血的症状,当出血量>1000ml时,患者可出现黑蒙、晕厥、意",Doc_train_0717_0277,train_0717,gold,1.0
Event_d7ffe2d6a055,消化道出血,黑蒙,出血量>1000ml,"唑等质子泵抑制剂,抑制胃酸治疗后3-5天即可达到大便转黄,出血停止。上消化道出血是消化科的急危重症,常见引起上消化道出血的病因包括消化性溃疡病、急性糜烂出血性胃炎、食管贲门黏膜撕裂症、食管胃底静脉曲张以及食管内肿瘤等,包括十二指肠溃疡在内的消化性溃疡病,是临床造成上消化道出血的常见病因。患者在消化道出血前常有反复、规律性上腹部疼痛的病史,症状多于餐前以及夜间出现,进食后可明显缓解。在发生消化道出血时,患者出现呕血、黑便、排鲜红色以及暗红色血便等消化道出血症状,出血量较大时亦可合并有头晕、心慌、乏力、出汗等失血及贫血的症状,当出血量>1000ml时,患者可出现黑蒙、晕厥、意识丧失等失血性休克的症状。十二指肠出血的患者经过禁食、补液以",Doc_train_0717_0277,train_0717,gold,1.0
Event_6deaca728753,消化道出血,晕厥,出血量>1000ml,"唑等质子泵抑制剂,抑制胃酸治疗后3-5天即可达到大便转黄,出血停止。上消化道出血是消化科的急危重症,常见引起上消化道出血的病因包括消化性溃疡病、急性糜烂出血性胃炎、食管贲门黏膜撕裂症、食管胃底静脉曲张以及食管内肿瘤等,包括十二指肠溃疡在内的消化性溃疡病,是临床造成上消化道出血的常见病因。患者在消化道出血前常有反复、规律性上腹部疼痛的病史,症状多于餐前以及夜间出现,进食后可明显缓解。在发生消化道出血时,患者出现呕血、黑便、排鲜红色以及暗红色血便等消化道出血症状,出血量较大时亦可合并有头晕、心慌、乏力、出汗等失血及贫血的症状,当出血量>1000ml时,患者可出现黑蒙、晕厥、意识丧失等失血性休克的症状。十二指肠出血的患者经过禁食、补液以及静脉",Doc_train_0717_0277,train_0717,gold,1.0
Event_294284147af4,消化道出血,意识丧失,出血量>1000ml,"唑等质子泵抑制剂,抑制胃酸治疗后3-5天即可达到大便转黄,出血停止。上消化道出血是消化科的急危重症,常见引起上消化道出血的病因包括消化性溃疡病、急性糜烂出血性胃炎、食管贲门黏膜撕裂症、食管胃底静脉曲张以及食管内肿瘤等,包括十二指肠溃疡在内的消化性溃疡病,是临床造成上消化道出血的常见病因。患者在消化道出血前常有反复、规律性上腹部疼痛的病史,症状多于餐前以及夜间出现,进食后可明显缓解。在发生消化道出血时,患者出现呕血、黑便、排鲜红色以及暗红色血便等消化道出血症状,出血量较大时亦可合并有头晕、心慌、乏力、出汗等失血及贫血的症状,当出血量>1000ml时,患者可出现黑蒙、晕厥、意识丧失等失血性休克的症状。十二指肠出血的患者经过禁食、补液以及静脉输注奥美拉",Doc_train_0717_0277,train_0717,gold,1.0
Event_d049e89973bf,附睾炎,阴囊外皮肤发红,炎症明显时,",需要进行泌尿系统和阴囊b超检查,证实是否存在睾丸鞘膜积液。2、当患有附睾炎或者睾丸炎时,也可以出现患侧阴囊肿大,甚至炎症明显时可看见阴囊外皮肤发红,触摸时疼痛明显,可以触摸到肿大的睾丸或者附睾,并且阴囊皮温局部升高,",Doc_train_0717_0280,train_0717,gold,1.0
Event_37cd0795d304,附睾炎,触摸时疼痛明显,炎症明显时,",需要进行泌尿系统和阴囊b超检查,证实是否存在睾丸鞘膜积液。2、当患有附睾炎或者睾丸炎时,也可以出现患侧阴囊肿大,甚至炎症明显时可看见阴囊外皮肤发红,触摸时疼痛明显,可以触摸到肿大的睾丸或者附睾,并且阴囊皮温局部升高,需要进行抗感染治",Doc_train_0717_0280,train_0717,gold,1.0
Event_978be1b9543a,附睾炎,可以触摸到肿大的睾丸或者附睾,炎症明显时,",需要进行泌尿系统和阴囊b超检查,证实是否存在睾丸鞘膜积液。2、当患有附睾炎或者睾丸炎时,也可以出现患侧阴囊肿大,甚至炎症明显时可看见阴囊外皮肤发红,触摸时疼痛明显,可以触摸到肿大的睾丸或者附睾,并且阴囊皮温局部升高,需要进行抗感染治疗。3、患有睾丸肿瘤时也可以出",Doc_train_0717_0280,train_0717,gold,1.0
Event_265bec2bd3f1,附睾炎,阴囊皮温局部升高,炎症明显时,",需要进行泌尿系统和阴囊b超检查,证实是否存在睾丸鞘膜积液。2、当患有附睾炎或者睾丸炎时,也可以出现患侧阴囊肿大,甚至炎症明显时可看见阴囊外皮肤发红,触摸时疼痛明显,可以触摸到肿大的睾丸或者附睾,并且阴囊皮温局部升高,需要进行抗感染治疗。3、患有睾丸肿瘤时也可以出现一侧阴囊大,一侧阴囊",Doc_train_0717_0280,train_0717,gold,1.0
Event_d3581c5abd4c,睾丸炎,阴囊外皮肤发红,炎症明显时,"泌尿系统和阴囊b超检查,证实是否存在睾丸鞘膜积液。2、当患有附睾炎或者睾丸炎时,也可以出现患侧阴囊肿大,甚至炎症明显时可看见阴囊外皮肤发红,触摸时疼痛明显,可以触摸到肿大的睾丸或者附睾,并且阴囊皮温局部升高,",Doc_train_0717_0280,train_0717,gold,1.0
Event_082b1cfbf8e7,睾丸炎,触摸时疼痛明显,炎症明显时,"泌尿系统和阴囊b超检查,证实是否存在睾丸鞘膜积液。2、当患有附睾炎或者睾丸炎时,也可以出现患侧阴囊肿大,甚至炎症明显时可看见阴囊外皮肤发红,触摸时疼痛明显,可以触摸到肿大的睾丸或者附睾,并且阴囊皮温局部升高,需要进行抗感染治",Doc_train_0717_0280,train_0717,gold,1.0
Event_3b1fff5cc014,睾丸炎,可以触摸到肿大的睾丸或者附睾,炎症明显时,"泌尿系统和阴囊b超检查,证实是否存在睾丸鞘膜积液。2、当患有附睾炎或者睾丸炎时,也可以出现患侧阴囊肿大,甚至炎症明显时可看见阴囊外皮肤发红,触摸时疼痛明显,可以触摸到肿大的睾丸或者附睾,并且阴囊皮温局部升高,需要进行抗感染治疗。3、患有睾丸肿瘤时也可以出",Doc_train_0717_0280,train_0717,gold,1.0
Event_2256dca80cad,睾丸炎,阴囊皮温局部升高,炎症明显时,"泌尿系统和阴囊b超检查,证实是否存在睾丸鞘膜积液。2、当患有附睾炎或者睾丸炎时,也可以出现患侧阴囊肿大,甚至炎症明显时可看见阴囊外皮肤发红,触摸时疼痛明显,可以触摸到肿大的睾丸或者附睾,并且阴囊皮温局部升高,需要进行抗感染治疗。3、患有睾丸肿瘤时也可以出现一侧阴囊大,一侧阴囊",Doc_train_0717_0280,train_0717,gold,1.0
Event_96f52a2dbbfe,月经推迟,排卵期推迟,原始心管搏动,"常值,宫内见孕囊及卵黄囊。建议你过一周以后复查b超看孕囊是否增长、有无原始心管搏动。如果有原始心管搏动,可能是月经推迟导致排卵期推迟。根据b超孕囊大小推算排卵日,再往后推算14天就是你的末次月经,这样好",Doc_train_0717_0283,train_0717,gold,1.0
Event_587a0e877e70,怀孕,月经推迟4天,月经周期相对固定,"如果月经推迟4天,对于每次月经都非常规律、月经周期相对固定的人,可以查出是否怀孕。但是月经不规律的人排卵时间不固定,同房后受精卵结合的时间也不固定,月",Doc_train_0717_0286,train_0717,gold,1.0
Event_f5854ae63552,怀孕,月经推迟4天,每次月经都非常规律,"如果月经推迟4天,对于每次月经都非常规律、月经周期相对固定的人,可以查出是否怀孕。但是月经不规律的人排卵时间不固定,同房后受精卵结合的时间也不固定,月",Doc_train_0717_0286,train_0717,gold,1.0
Event_9331bba34daa,支气管哮喘,发病前往往有1-2天的上呼吸道感染症,婴幼儿,"是上述症状反复发生,并常于夜间或清晨加重,在除外其他病因后,要高度怀疑支气管哮喘。儿童慢性或反复咳嗽有时是支气管哮喘的唯一症状,即咳嗽变异性哮喘,起病可急可缓,婴幼儿发病前往往有1-2天的上呼吸道感染症状,和一般支气管炎类似,年长儿起病较急且多在夜间,一般发病初仅有干咳,",Doc_train_0717_0293,train_0717,gold,1.0
Event_7c8e1c65d42c,支气管哮喘,起病较急且多在夜间,年长儿,"是上述症状反复发生,并常于夜间或清晨加重,在除外其他病因后,要高度怀疑支气管哮喘。儿童慢性或反复咳嗽有时是支气管哮喘的唯一症状,即咳嗽变异性哮喘,起病可急可缓,婴幼儿发病前往往有1-2天的上呼吸道感染症状,和一般支气管炎类似,年长儿起病较急且多在夜间,一般发病初仅有干咳,以后表现支气管痉挛性喘息,能排出痰,以后逐渐的平",Doc_train_0717_0293,train_0717,gold,1.0
Event_5a4cf2d5ca5e,支气管哮喘,"发病初仅有干咳,以后表现支气管痉挛性喘息,能排出痰,以后逐渐的平和",年长儿,"是上述症状反复发生,并常于夜间或清晨加重,在除外其他病因后,要高度怀疑支气管哮喘。儿童慢性或反复咳嗽有时是支气管哮喘的唯一症状,即咳嗽变异性哮喘,起病可急可缓,婴幼儿发病前往往有1-2天的上呼吸道感染症状,和一般支气管炎类似,年长儿起病较急且多在夜间,一般发病初仅有干咳,以后表现支气管痉挛性喘息,能排出痰,以后逐渐的平和。严重的时候发热可有可无,吸气时出现三凹症状,特别严重的病例一般开始就",Doc_train_0717_0293,train_0717,gold,1.0
Event_29bc8f055ee2,发烧,宝宝的生长发育会产生非常大的危害,温度过高,"发烧是孩子对外界刺激的一种保护性免疫反应,如果孩子出现了明显的高烧42°c是有一定的危险的,这时候持续高烧危害是比较大的。人体在正常的体温状态下才能保持正常的内脏功能和新陈代谢的运转,如果温度过高对宝宝的生长发育会产生非常大的危害,需要及时的采取用药或者物理降温。另外发烧的时候要积极的给予补水,因为",Doc_train_0717_0294,train_0717,gold,1.0
Event_e894dccaf96e,鼻腔肿物,一侧的鼻堵、不通气,生长在一侧鼻腔,"会造成一侧鼻腔的狭窄,这样狭窄侧的鼻腔就会通气不畅,引起鼻堵。还有就是鼻腔肿物,无论是良性肿物,还是恶性肿物,生长在一侧鼻腔时都会出现一侧的鼻堵、不通气。",Doc_train_0717_0295,train_0717,gold,1.0
Event_03116fe33b0c,进食水,胃肠道的不舒服,胃肠的功能没有恢复,"胃肠的蠕动,逐渐恢复到正常,术后当天以及术后的第一天,应该禁食水,因为胃肠的功能没有恢复的情况下,进食水,还有吃食物会引起胃肠道的不舒服。术后的第二天可以喝点水,如果没有不舒服,可以进食少量的米汤之类,逐渐",Doc_train_0717_0299,train_0717,gold,1.0
Event_ae24687b9314,吃食物,胃肠道的不舒服,胃肠的功能没有恢复,"胃肠的蠕动,逐渐恢复到正常,术后当天以及术后的第一天,应该禁食水,因为胃肠的功能没有恢复的情况下,进食水,还有吃食物会引起胃肠道的不舒服。术后的第二天可以喝点水,如果没有不舒服,可以进食少量的米汤之类,逐渐",Doc_train_0717_0299,train_0717,gold,1.0
Event_eafecad0ee55,艾滋病期,机会性感染,不治疗免疫功能缺陷,"没有症状,也有人会有淋巴结肿大。经过5-10年的无症状期,感染者会进入艾滋病期,如果不治疗免疫功能缺陷,可能会出现各种机会性感染和机会性肿瘤。",Doc_train_0717_0300,train_0717,gold,1.0
Event_7a5af690fa17,艾滋病期,机会性肿瘤,不治疗免疫功能缺陷,"没有症状,也有人会有淋巴结肿大。经过5-10年的无症状期,感染者会进入艾滋病期,如果不治疗免疫功能缺陷,可能会出现各种机会性感染和机会性肿瘤。",Doc_train_0717_0300,train_0717,gold,1.0
Event_9325ef9ad888,呼吸道感染,发烧,孩子,"因为发烧是毒素释放入血的过程,所以当细菌、病毒或者支原体的毒素释放入血时,就会刺激机体体温调节中枢的上升,这样就会引起发烧。然后过了毒素释放期,体温自然就会下降。所以这种发烧没有持续24小时一直反复发烧的,都是烧一会儿,降一会儿。但是要从根本上找到发烧的原因,一般孩子都是因为呼吸道感染或者是消化系统感染引起的。这些症状可能会有咳嗽、流鼻涕、打喷嚏或者是呕",Doc_train_0717_0302,train_0717,gold,1.0
Event_0a033e3f53bc,消化系统感染,发烧,孩子,"因为发烧是毒素释放入血的过程,所以当细菌、病毒或者支原体的毒素释放入血时,就会刺激机体体温调节中枢的上升,这样就会引起发烧。然后过了毒素释放期,体温自然就会下降。所以这种发烧没有持续24小时一直反复发烧的,都是烧一会儿,降一会儿。但是要从根本上找到发烧的原因,一般孩子都是因为呼吸道感染或者是消化系统感染引起的。这些症状可能会有咳嗽、流鼻涕、打喷嚏或者是呕吐、腹泻。除了要吃",Doc_train_0717_0302,train_0717,gold,1.0
Event_80f580b19333,局部黑色素增多、沉着,脖子发黑,怀孕,"怀孕后很多女性会有脖子发黑,属于正常生理现象,是局部黑色素增多、沉着导致。怀孕后机体黑色素明显活跃,会沉积在多个部位,表现为皮肤发黑,有时",Doc_train_0717_0304,train_0717,gold,1.0
Event_33aa1a9899dd,内衣潮湿,湿疹,长时间刺激,"管扩张,皮肤出现被牵拉,而出现乳房部分所谓的妊娠纹引起的发痒。另外乳房湿疹也会引起乳房痒,乳房湿疹主要原因是喂奶的时候出现漏奶,引起下面内衣潮湿,长时间刺激,就会形成湿疹。如果没有红肿轻度痒,一般不影响哺乳,平时一定要注意多喝",Doc_train_0717_0312,train_0717,gold,1.0
Event_2f60d3f8e01c,加强锻炼,肌肉撕裂,"肌肉已经达到了一定的强度限制,超过了基本承受能力","肌肉酸痛提示肌肉已经达到了一定的强度限制,超过了基本承受能力,建议停止锻炼让肌肉得到一定的休息、缓冲、愈合、消炎的时间和机会,避免继续加强锻炼,可能会导致肌肉撕裂,肌肉筋膜损伤,加重疼痛的程度,可能带来相对严重的后果。部分人健身是为",Doc_train_0717_0320,train_0717,gold,1.0
Event_c3a29fc3edee,加强锻炼,肌肉筋膜损伤,"肌肉已经达到了一定的强度限制,超过了基本承受能力","肌肉酸痛提示肌肉已经达到了一定的强度限制,超过了基本承受能力,建议停止锻炼让肌肉得到一定的休息、缓冲、愈合、消炎的时间和机会,避免继续加强锻炼,可能会导致肌肉撕裂,肌肉筋膜损伤,加重疼痛的程度,可能带来相对严重的后果。部分人健身是为了增长肌肉,对",Doc_train_0717_0320,train_0717,gold,1.0
Event_81076713db9b,加强锻炼,加重疼痛的程度,"肌肉已经达到了一定的强度限制,超过了基本承受能力","肌肉酸痛提示肌肉已经达到了一定的强度限制,超过了基本承受能力,建议停止锻炼让肌肉得到一定的休息、缓冲、愈合、消炎的时间和机会,避免继续加强锻炼,可能会导致肌肉撕裂,肌肉筋膜损伤,加重疼痛的程度,可能带来相对严重的后果。部分人健身是为了增长肌肉,对于无氧运动要增加",Doc_train_0717_0320,train_0717,gold,1.0
Event_010ec1502348,甲状腺内肿块的粘连,移动性减小,甲状腺腺体在吞咽的时候,"而不能推动,表面可以凹凸不平,有时甲状腺内的肿块可以互相融合形成团块,甲状腺腺体在吞咽的时候,因为甲状腺内肿块的粘连,可以导致移动性减小。当甲状腺癌侵及周围组织的时候,会导致患者出现声音嘶哑、呼吸困难、吞咽",Doc_train_0717_0333,train_0717,gold,1.0
Event_910c47267ad7,结核连累胸膜,"胸痛,胸痛随呼吸运动和咳嗽加重",肺结核,"肺结核是由结核杆菌感染引起的一种慢性传染病,大约80%的结核病发生在肺部。肺结核起病缓慢,病程长,大多数早期患者因为病灶微小,所以一般无典型的症状。部分患者表现为长期午后低热、盗汗、乏力、消瘦、虚弱,女性月经不调或闭经等,还有些患者会出现以下表现:1、咳嗽、咳痰,可以是轻微咳嗽、干咳或少量黏痰。2、咳血,多数患者少量咳血或者痰中带血。3、胸痛,结核连累胸膜时可表现为胸痛,胸痛随呼吸运动和咳嗽加重。4、呼吸困难。对于出现反复的咳嗽、咳痰、低热、盗汗,持续两周以上的患",Doc_train_0717_0335,train_0717,gold,1.0
Event_4009db0edede,组织下垂,感觉肚子下坠,没有肿瘤,"是否存在肿瘤,从器官周边有肿块长出,而且伴有下坠的感觉,十分不适。如果感觉肚子下坠但是没有肿瘤,说明是组织下垂。本病早期的表现是尿频,排便不净,存在便秘的感觉。有的时候需要通过排除",Doc_train_0717_0337,train_0717,gold,1.0
Event_afd79829dcb6,子宫下垂,尿频,早期,"子宫下垂和其他的疾病存在区别,患者会发现组织、器官从阴道脱落。晚上用水清洗时突然摸到肿块,或者走路时感觉阴道里有东西夹在当中,从而会主动就医。临床需要辨别脱垂是否为膀胱脱垂、子宫脱垂、直肠脱垂。有时候还会排除是否存在肿瘤,从器官周边有肿块长出,而且伴有下坠的感觉,十分不适。如果感觉肚子下坠但是没有肿瘤,说明是组织下垂。本病早期的表现是尿频,排便不净,存在便秘的感觉。有的时候需要通过排除其它器官的问题证明,但",Doc_train_0717_0337,train_0717,gold,1.0
Event_f2ed3a9ee136,子宫下垂,排便不净,早期,"子宫下垂和其他的疾病存在区别,患者会发现组织、器官从阴道脱落。晚上用水清洗时突然摸到肿块,或者走路时感觉阴道里有东西夹在当中,从而会主动就医。临床需要辨别脱垂是否为膀胱脱垂、子宫脱垂、直肠脱垂。有时候还会排除是否存在肿瘤,从器官周边有肿块长出,而且伴有下坠的感觉,十分不适。如果感觉肚子下坠但是没有肿瘤,说明是组织下垂。本病早期的表现是尿频,排便不净,存在便秘的感觉。有的时候需要通过排除其它器官的问题证明,但也有的患者",Doc_train_0717_0337,train_0717,gold,1.0
Event_1811a1057891,子宫下垂,便秘的感觉,早期,"子宫下垂和其他的疾病存在区别,患者会发现组织、器官从阴道脱落。晚上用水清洗时突然摸到肿块,或者走路时感觉阴道里有东西夹在当中,从而会主动就医。临床需要辨别脱垂是否为膀胱脱垂、子宫脱垂、直肠脱垂。有时候还会排除是否存在肿瘤,从器官周边有肿块长出,而且伴有下坠的感觉,十分不适。如果感觉肚子下坠但是没有肿瘤,说明是组织下垂。本病早期的表现是尿频,排便不净,存在便秘的感觉。有的时候需要通过排除其它器官的问题证明,但也有的患者能够自行初步鉴别",Doc_train_0717_0337,train_0717,gold,1.0
Event_a5a6af4a6bd5,宫颈有炎症或者是有息肉,阴道出血,怀孕,"理论上怀孕之后是不会再来月经的,因为卵子和精子结合之后,会抑制卵巢的排卵,就不会再有撤退性的出血了。但是在孕期有很多人怀着孕也有大姨妈来了,这种情况不正常,在早孕期间出血的人可能会有一半的机会有流产的风险。怀孕之后的出血是作为流产的先兆。怀孕之后阴道出血的原因,有的时候是来自于宫颈。比如宫颈有炎症或者是有息肉,可能就会有自发性的出血。有一些炎症的时候,妇科检查之后,触碰之后也会",Doc_train_0717_0342,train_0717,gold,1.0
Event_232067e0a254,妇科检查,出血,有一些炎症,"来月经的,因为卵子和精子结合之后,会抑制卵巢的排卵,就不会再有撤退性的出血了。但是在孕期有很多人怀着孕也有大姨妈来了,这种情况不正常,在早孕期间出血的人可能会有一半的机会有流产的风险。怀孕之后的出血是作为流产的先兆。怀孕之后阴道出血的原因,有的时候是来自于宫颈。比如宫颈有炎症或者是有息肉,可能就会有自发性的出血。有一些炎症的时候,妇科检查之后,触碰之后也会有出血叫接触性出血,但是大部分的出血还是来自于宫腔来",Doc_train_0717_0342,train_0717,gold,1.0
Event_96bafa8fcbb5,触碰之后,出血,有一些炎症,"来月经的,因为卵子和精子结合之后,会抑制卵巢的排卵,就不会再有撤退性的出血了。但是在孕期有很多人怀着孕也有大姨妈来了,这种情况不正常,在早孕期间出血的人可能会有一半的机会有流产的风险。怀孕之后的出血是作为流产的先兆。怀孕之后阴道出血的原因,有的时候是来自于宫颈。比如宫颈有炎症或者是有息肉,可能就会有自发性的出血。有一些炎症的时候,妇科检查之后,触碰之后也会有出血叫接触性出血,但是大部分的出血还是来自于宫腔来自于胚胎。如果",Doc_train_0717_0342,train_0717,gold,1.0
Event_d0d840e5b014,慢性乙肝患者,肝炎,剧烈运动,"以乱服用药物或者吃过多药物,本身会增加肝脏负担,所以避免不必要的药物是慢性乙肝患者需要注意的;3、运动方式问题,乙肝对人的运动要求是动静结合、以静为主,因为运动意味乳酸含量增加、代谢废物增加,其会增加肝脏负担,往往慢性乙肝患者在剧烈运动以后会诱发肝炎发作;所以乙肝患者需要特别注意避免剧烈运动、以静养为主;4、睡眠,乙肝",Doc_train_0717_0347,train_0717,gold,1.0
Event_d3c5e59659b4,废物越多,对肝脏的累及损伤越大,慢性肝脏负担存在的情况下,"活要求的提示如下:1、不能劳累,因为劳累意味着产生的代谢废物会增多,在慢性肝脏负担存在的情况下,废物越多,对肝脏的累及损伤越大;所以患者要注意休息,避免劳累;2、乙肝是生化场所,本身已经不堪负荷,",Doc_train_0717_0347,train_0717,gold,1.0
Event_a03532450768,春季结膜炎,眼睛红、痒难以忍受,春天,"表现,只有过敏性结膜炎会越揉越痒。过敏性结膜炎有较多种,最常见的一种即春季结膜炎,春季结膜炎通常发生于小男孩患者,到春天、夏天以后,眼睛红、痒难以忍受。其它结膜炎同样有该类情况,均是较常见的病。当环境里如果有较多花粉甚至",Doc_train_0717_0348,train_0717,gold,1.0
Event_10bffe2f5f7b,春季结膜炎,眼睛红、痒难以忍受,夏天,"表现,只有过敏性结膜炎会越揉越痒。过敏性结膜炎有较多种,最常见的一种即春季结膜炎,春季结膜炎通常发生于小男孩患者,到春天、夏天以后,眼睛红、痒难以忍受。其它结膜炎同样有该类情况,均是较常见的病。当环境里如果有较多花粉甚至",Doc_train_0717_0348,train_0717,gold,1.0
Event_2168ed8aef1f,枣核卡在喉咙部位无法下咽,喉咙水肿、出血,时间长了,"右如果没有出现不适症状,基本上没事了。事实上,误吞枣核最主要的风险,是枣核卡在喉咙部位无法下咽,不仅会造成患者咽喉部明显疼痛不适,时间长了还会导致喉咙水肿、出血,还有可能卡滞在食管狭窄部位,引起吞食困难等,此时需要及时就医急诊科,",Doc_train_0717_0350,train_0717,gold,1.0
Event_73e1a51a015c,枣核的两端相对尖锐,对食管造成划伤,吞咽,"食困难等,此时需要及时就医急诊科,在内镜的帮助下将枣核取出。此外,由于枣核的两端相对尖锐,在吞咽过程中还有可能对食管造成划伤,如果出现持续性的食道异常不适,甚至疼痛,也需要及时就医。不过,一般情",Doc_train_0717_0350,train_0717,gold,1.0
Event_0e96421e7a83,枣核卡在喉咙部位无法下咽,卡滞在食管狭窄部位,时间长了,"右如果没有出现不适症状,基本上没事了。事实上,误吞枣核最主要的风险,是枣核卡在喉咙部位无法下咽,不仅会造成患者咽喉部明显疼痛不适,时间长了还会导致喉咙水肿、出血,还有可能卡滞在食管狭窄部位,引起吞食困难等,此时需要及时就医急诊科,在内镜的帮助下将枣核取出。此",Doc_train_0717_0350,train_0717,gold,1.0
Event_6e5243f00392,"女性怀孕以后负担加重,需铁量增加",相对铁元素摄入不足,"通过平常食物获取,由于铁需求量增加","孕妇出现缺铁性贫血在临床上相对比较常见,因为女性怀孕以后负担加重,需铁量增加,如果还是通过平常食物获取,由于铁需求量增加,就会出现相对铁元素摄入不足,进而会导致缺铁性贫血。对于缺铁性贫血的孕妇,主要以食补为主,多食富含",Doc_train_0717_0356,train_0717,gold,1.0
Event_fc079b996bca,气道的高反应,咳嗽,过敏性疾病病人,"气管里痒、忍不住想咳嗽,考虑可能是肺炎。肺炎的病人不仅有咳嗽症状,有的病人还可以出现发热、咳嗽、咳痰、咳血,甚至呼吸困难等呼吸道症状,此外一些细菌或者病毒感染引起的急性上呼吸道感染,以及急性支气管炎等,也可以出现咳嗽的症状。另外一些过敏性疾病病人如果出现了气道的高反应,也可以出现咳嗽的症状。因此临床上可以通过肺部ct的检查,来确诊病人是",Doc_train_0717_0361,train_0717,gold,1.0
Event_3dc163cfef69,进食小儿七星茶,胃肠功能紊乱,"六个月以下的孩子由于胃肠功能还没有完全发育成熟,消化功能比较薄弱","儿七星茶主要的成分包括有薏苡仁、稻芽、山楂、淡竹叶、钩藤、蝉蜕、甘草,六个月以下的孩子由于胃肠功能还没有完全发育成熟,消化功能比较薄弱,这时进食小儿七星茶有可能导致出现胃肠功能紊乱的症状,所以小儿七星茶建议六个月以上的宝宝口服。服用小儿七星茶期间不能",Doc_train_0717_0365,train_0717,gold,1.0
Event_bc5bdb0a42ea,睡觉的时候腿部露在外面,肌肉的痉挛,冬天的夜里室温比较低,"出现肌肉痉挛、抽搐:1、可能是寒冷的刺激,比如冬天的夜里室温比较低,睡觉的时候腿部露在外面,可以出现肌肉的痉挛。2、可能是由于睡眠休息不足,因疲劳导致的肌肉痉挛,可能是由于局部的酸",Doc_train_0717_0370,train_0717,gold,1.0
Event_509634f949f6,急剧的运动,肌肉痉挛,躺下或睡觉的时候,"出现肌肉痉挛、抽搐:1、可能是寒冷的刺激,比如冬天的夜里室温比较低,睡觉的时候腿部露在外面,可以出现肌肉的痉挛。2、可能是由于睡眠休息不足,因疲劳导致的肌肉痉挛,可能是由于局部的酸性代谢产物堆积引起肌肉痉挛,比如走路或者运动时间过长以后下肢出现过度的疲劳,或者睡眠都不足的时候导致乳酸堆积,代谢减慢,造成肌肉痉挛的症状出现。3、可能是由于腓肠肌的痉挛导致的出现肌肉痉挛,主要是由于急剧的运动、工作疲劳以及胫骨的剧烈扭动引起,常常在躺下或睡觉的时候出现。4、比较常见的是因为全身性的原因导致,比如癫痫、高热、破伤风、缺",Doc_train_0717_0370,train_0717,gold,1.0
Event_218ddd5d5a70,工作疲劳,肌肉痉挛,躺下或睡觉的时候,"出现肌肉痉挛、抽搐:1、可能是寒冷的刺激,比如冬天的夜里室温比较低,睡觉的时候腿部露在外面,可以出现肌肉的痉挛。2、可能是由于睡眠休息不足,因疲劳导致的肌肉痉挛,可能是由于局部的酸性代谢产物堆积引起肌肉痉挛,比如走路或者运动时间过长以后下肢出现过度的疲劳,或者睡眠都不足的时候导致乳酸堆积,代谢减慢,造成肌肉痉挛的症状出现。3、可能是由于腓肠肌的痉挛导致的出现肌肉痉挛,主要是由于急剧的运动、工作疲劳以及胫骨的剧烈扭动引起,常常在躺下或睡觉的时候出现。4、比较常见的是因为全身性的原因导致,比如癫痫、高热、破伤风、缺",Doc_train_0717_0370,train_0717,gold,1.0
Event_09d3f18cf708,胫骨的剧烈扭动,肌肉痉挛,躺下或睡觉的时候,"出现肌肉痉挛、抽搐:1、可能是寒冷的刺激,比如冬天的夜里室温比较低,睡觉的时候腿部露在外面,可以出现肌肉的痉挛。2、可能是由于睡眠休息不足,因疲劳导致的肌肉痉挛,可能是由于局部的酸性代谢产物堆积引起肌肉痉挛,比如走路或者运动时间过长以后下肢出现过度的疲劳,或者睡眠都不足的时候导致乳酸堆积,代谢减慢,造成肌肉痉挛的症状出现。3、可能是由于腓肠肌的痉挛导致的出现肌肉痉挛,主要是由于急剧的运动、工作疲劳以及胫骨的剧烈扭动引起,常常在躺下或睡觉的时候出现。4、比较常见的是因为全身性的原因导致,比如癫痫、高热、破伤风、缺",Doc_train_0717_0370,train_0717,gold,1.0
Event_e10c064a0f3d,肌张力增高较明显处使用电针,肌张力进一步增高,原本存在肌张力增高疾病,"普通手法可进行补泻,此效果更加理想;2、具有电刺激:易引起肌肉紧张,若原本存在肌张力增高疾病,如中风偏瘫后肌张力增高,若于肌张力增高较明显处使用电针,可能使肌张力进一步增高。",Doc_train_0717_0371,train_0717,gold,1.0
Event_c879119ce8af,急性支气管炎,慢性支气管炎,没有及时治疗,"长期咳白痰主要考虑是由于慢性支气管炎引起,这是一种气管支气管和周围组织的慢性非特异性炎症,在临床上主要是以咳嗽、咳痰为主。每年持续发病三个月以上,往往会连续两年或者是两年以上。经常吸烟,反复发作,有急性支气管炎没有及时治疗,或者是身体的抵抗能力比较低、经常接触刺激性的东西都会引起,中老年人发",Doc_train_0717_0372,train_0717,gold,1.0
Event_54358031d569,上火,牙齿产生疼痛,牙齿有疾病隐患存在,"如果口腔内某些牙齿有疾病隐患存在,上火时就会使牙齿产生疼痛。当人上火时自身免疫力会有所降低,如果患者口内有某些牙齿的隐患,就会通",Doc_train_0717_0374,train_0717,gold,1.0
Event_e7c8208368a6,口内有某些牙齿的隐患,牙齿的疼痛,急性发作,"在,上火时就会使牙齿产生疼痛。当人上火时自身免疫力会有所降低,如果患者口内有某些牙齿的隐患,就会通过急性发作体现出来,出现牙齿的疼痛症状。例如口内有慢性牙髓炎或慢性根尖周炎时,在平时不上火时患牙不会有明",Doc_train_0717_0374,train_0717,gold,1.0
Event_85a526f2927c,上火,智齿冠周炎,阻生智齿的年轻人群,"如果口腔内某些牙齿有疾病隐患存在,上火时就会使牙齿产生疼痛。当人上火时自身免疫力会有所降低,如果患者口内有某些牙齿的隐患,就会通过急性发作体现出来,出现牙齿的疼痛症状。例如口内有慢性牙髓炎或慢性根尖周炎时,在平时不上火时患牙不会有明显的自发痛,慢性牙髓炎可有轻微的冷热刺激痛,慢性根尖周炎则表示为咬合不适。但是上火时就会急性发作,可以出现自发痛,常比较剧烈,可以带着头痛、牙齿不敢咬合等。上火时还容易急性发作的是慢性牙周炎患牙,当患者抵抗力低下时可以出现急性牙周脓肿,表现为牙齿松动、咬合痛、牙龈肿胀、化脓,许多口内有阻生智齿的年轻人群在上火时会出现智齿冠周炎,表现为周围牙龈肿痛,严重者可出现化脓以及张口受限。",Doc_train_0717_0374,train_0717,gold,1.0
Event_1649e2a4e1c3,急性胃炎,全身中毒症状,细菌感染者,"律,作息不规律的人群尤为高发,是最常见的消化系统疾病之一。根据病程可分急性胃炎和慢性胃炎:1.急性胃炎发病急骤,轻者仅有食欲不振、腹痛、恶心、呕吐;严重者可出现呕血、黑便、脱水、电解质及酸碱平衡紊乱,有细菌感染者常伴有全身中毒症状;2.慢性胃炎缺乏特异性症状,症状的轻重与胃黏膜的病变程度并非一致。大",Doc_train_0717_0380,train_0717,gold,1.0
Event_902d3340e883,心肌的持续性改变,心脏增大,长期的冠心病,"心脏增大一般是在胸片和心脏彩超上能观察到,主要是在胸片上可以发现心胸比超过0.5,或者是在心脏彩超上发现左室或者是全心的扩大。出现心脏增大的原因比较多,像扩张型心肌病、缺血性心肌病是最常见的,其它的像一些长期的冠心病或者是肺心病以及先天性心脏疾病,在后期也会出现由于心肌的持续性改变而导致的心脏增大。对于出现心脏增大的人群一定要明确病因,主要是根据病因",Doc_train_0717_0386,train_0717,gold,1.0
Event_bad40305bb8f,心肌的持续性改变,心脏增大,肺心病,"心脏增大一般是在胸片和心脏彩超上能观察到,主要是在胸片上可以发现心胸比超过0.5,或者是在心脏彩超上发现左室或者是全心的扩大。出现心脏增大的原因比较多,像扩张型心肌病、缺血性心肌病是最常见的,其它的像一些长期的冠心病或者是肺心病以及先天性心脏疾病,在后期也会出现由于心肌的持续性改变而导致的心脏增大。对于出现心脏增大的人群一定要明确病因,主要是根据病因",Doc_train_0717_0386,train_0717,gold,1.0
Event_25466d1f54a0,心肌的持续性改变,心脏增大,先天性心脏疾病,"心脏增大一般是在胸片和心脏彩超上能观察到,主要是在胸片上可以发现心胸比超过0.5,或者是在心脏彩超上发现左室或者是全心的扩大。出现心脏增大的原因比较多,像扩张型心肌病、缺血性心肌病是最常见的,其它的像一些长期的冠心病或者是肺心病以及先天性心脏疾病,在后期也会出现由于心肌的持续性改变而导致的心脏增大。对于出现心脏增大的人群一定要明确病因,主要是根据病因",Doc_train_0717_0386,train_0717,gold,1.0
Event_8f2c177d695e,吃完饭后食物在消化,刺激胃酸分泌过多,消化系统中存在有胃溃疡,"程中会对胃壁造成刺激,还会产生大量气体,就会出现饭后恶心的感觉,部分人消化系统中存在有胃溃疡现象,吃完饭后食物在消化时会刺激胃酸分泌过多。胃酸在接触溃疡面时就会造成刺激感,导致胃的痉挛、收缩,不仅会出现疼痛",Doc_train_0717_0387,train_0717,gold,1.0
Event_d2883e55ea49,食物不能经过幽门排出会在胃内滞留,恶心感,大量摄入食物后,"胃的痉挛、收缩,不仅会出现疼痛,部分人会伴有恶心。出现幽门梗阻时,由于食物不能经过幽门排出会在胃内滞留,尤其是大量摄入食物后,人体就会出现恶心感。女性在怀孕时雌激素和雌激素分泌过高,会对肠胃系统造成影响而引起恶心、",Doc_train_0717_0387,train_0717,gold,1.0
Event_616f514dd372,不规律服用降压药物,血压波动比较大,高血压病的患者,"如果经常出现头晕的症状,如果伴有头胀,要考虑是血压过高引起的,一般见于高血压病的患者不规律服用降压药物,血压波动比较大,容易出现偶尔头晕的症状;3、患者偶尔突然脑袋晕,要考虑是大脑动脉硬化",Doc_train_0717_0389,train_0717,gold,1.0
Event_304513dff896,肺结核病人,阴虚内热,桂圆,"香蕉、西瓜、火龙果等,最适宜肺结核患者食用。不过有一些热性的水果,比如桂圆、荔枝、樱桃、山楂、芒果,吃了会使肺结核病人阴虚内热,也就是俗称的上火,有可能会导致加重病情,所以这些水果应尽量少吃。肺结",Doc_train_0717_0392,train_0717,gold,1.0
Event_fc3a06852233,肺结核病人,阴虚内热,荔枝,"西瓜、火龙果等,最适宜肺结核患者食用。不过有一些热性的水果,比如桂圆、荔枝、樱桃、山楂、芒果,吃了会使肺结核病人阴虚内热,也就是俗称的上火,有可能会导致加重病情,所以这些水果应尽量少吃。肺结",Doc_train_0717_0392,train_0717,gold,1.0
Event_35f369f08a86,肺结核病人,阴虚内热,樱桃,"火龙果等,最适宜肺结核患者食用。不过有一些热性的水果,比如桂圆、荔枝、樱桃、山楂、芒果,吃了会使肺结核病人阴虚内热,也就是俗称的上火,有可能会导致加重病情,所以这些水果应尽量少吃。肺结",Doc_train_0717_0392,train_0717,gold,1.0
Event_f294cf3adfdb,肺结核病人,阴虚内热,山楂,"等,最适宜肺结核患者食用。不过有一些热性的水果,比如桂圆、荔枝、樱桃、山楂、芒果,吃了会使肺结核病人阴虚内热,也就是俗称的上火,有可能会导致加重病情,所以这些水果应尽量少吃。肺结",Doc_train_0717_0392,train_0717,gold,1.0
Event_4150166fbd43,肺结核病人,阴虚内热,芒果,"适宜肺结核患者食用。不过有一些热性的水果,比如桂圆、荔枝、樱桃、山楂、芒果,吃了会使肺结核病人阴虚内热,也就是俗称的上火,有可能会导致加重病情,所以这些水果应尽量少吃。肺结",Doc_train_0717_0392,train_0717,gold,1.0
Event_b6abc2d91bcf,拿空心掌腰部敲一敲,敲后会自觉舒服,腰肌劳损,"腰肌劳损其实是一个很宽泛的概念,医学上叫腰背肌筋膜炎。在我们工作生活中如果一个姿势时间特别长,如常久站久坐,又特别现在的社会大家都有ipad、手机的时代,有时一个姿势时间很长,但腰肌不喜欢一个姿势时间长,喜欢肌肉纤维忽长忽短的变化,维持很长时间腰部的肌肉就会受到劳损。表现为腰部的酸、胀、不适。而腰肌劳损的特点是自觉腰很难受,但跑跑步、走走路,出出汗,会发现腰痛会好转,这是一个特点。第二个特点,拿空心掌腰部敲一敲,如果是腰肌劳损的患者,敲后会自觉舒服,这是一个特有的特点,敲后更舒服,如果是椎间盘突出则越敲越疼,这是两者",Doc_train_0717_0395,train_0717,gold,1.0
Event_f5ca549331b5,拿空心掌腰部敲一敲,越敲越疼,椎间盘突出,"但跑跑步、走走路,出出汗,会发现腰痛会好转,这是一个特点。第二个特点,拿空心掌腰部敲一敲,如果是腰肌劳损的患者,敲后会自觉舒服,这是一个特有的特点,敲后更舒服,如果是椎间盘突出则越敲越疼,这是两者的鉴别点,所以腰肌劳损有两个特点。即姿势,久坐久站或一个姿势",Doc_train_0717_0395,train_0717,gold,1.0
Event_d0799c6aeb0c,不经积极治疗,影响症状表现由头皮发展为躯干,头皮银屑病的患者,"头皮的红斑、鳞屑等。其与脂溢性皮炎、头癣类似,应进行鉴别诊断。另外,若头皮银屑病的患者不经积极治疗或治疗过度,可影响症状表现由头皮发展为躯干,导致从寻常型银屑病演变为特殊类型的银屑病。因此,患者应在医生指导下进",Doc_train_0717_0401,train_0717,gold,1.0
Event_527b1da9538b,治疗过度,影响症状表现由头皮发展为躯干,头皮银屑病的患者,"头皮的红斑、鳞屑等。其与脂溢性皮炎、头癣类似,应进行鉴别诊断。另外,若头皮银屑病的患者不经积极治疗或治疗过度,可影响症状表现由头皮发展为躯干,导致从寻常型银屑病演变为特殊类型的银屑病。因此,患者应在医生指导下进",Doc_train_0717_0401,train_0717,gold,1.0
Event_2c595bdd2cf3,孩子水喝的少,肠蠕动比较弱,婴儿活动量比较少,"婴儿攒肚子的主要原因如下:1、婴儿胃肠蠕动比较慢,因为婴儿活动量比较少,大多数都处于卧床的状态。如果孩子水喝的少,会导致肠蠕动比较弱,会出现攒肚子的情况。2、婴儿添加辅食后如果辅食添加的不好,比如蔬菜或",Doc_train_0717_0404,train_0717,gold,1.0
Event_470a3cba56d5,多囊肝,无法行走及下蹲,未积极治疗,"多囊肝是一种常染色体显性遗传病。在影像学检查中,可发现肝脏多发囊肿,通常囊肿超过20个。病程早期多无症状,当肝功出现异常或患者出现腹胀等症状时,需要积极治疗,以免耽误最佳治疗时机,而不得不做肝移植。定期腹腔镜下肝囊肿开窗,可以获得满意疗效。案例分享:今年刚过春节,一名年过6旬的老人被家人用轮椅推来我院就诊。老人家发现多囊肝已30余年,10年前已开始出现腹胀,但未积极治疗。病情逐渐进展,现在已经无法行走及下蹲。胃被囊肿压迫,食量也明显减少。目前肝功能已经出现异常,多家医院就诊,",Doc_train_0717_0406,train_0717,gold,1.0
Event_036a8cebe66f,消化不良,肠蠕动加快,患有慢性胃炎,"作繁忙不容易被发现。有时候晚上吃东西少或者没有吃晚餐,半夜因为饥饿引起肠蠕动加快,也容易出现肚子咕咕响的声音,都是属于正常生理现象,不需要处理。有时候由于工作压力大、精神紧张等因素,也容易引起肠蠕动加快,出现肚子咕咕叫现象。有些人由于本身患有慢性胃炎,消化不良,也会出现肠蠕动加快,引起肚子咕咕叫,如果出现腹泻等症状,需要遵医嘱使",Doc_train_0717_0409,train_0717,gold,1.0
Event_34655160e078,肛门分泌物以及月经血的刺激,外阴炎,没有注意皮肤的清洁,"女性晚上出现外阴瘙痒症状,考虑是阴道炎或者外阴炎所引起的疾病,由于女性外阴与肛门和尿道的距离较近,容易受到肛门分泌物以及月经血的刺激。如果没有注意皮肤的清洁,会引起外阴炎,严重时外阴红肿、疼痛,有红疱疹出现,应该及时进行治疗,",Doc_train_0717_0413,train_0717,gold,1.0
Event_fedbb05d3c2d,"吃东西时下巴向前伸,通过上下牙床对合咬食物",下巴习惯性前伸,全口没有牙齿后很长时间都没有装牙,"用力把假牙和黏膜之间多余唾液挤出来,使假牙与口腔黏膜贴合紧密。有的患者全口没有牙齿后很长时间都没有装牙,吃东西时下巴向前伸,通过上下牙床对合咬食物,造成下巴习惯性前伸,患者适应期会比较长,需要在医生指导下慢慢耐心练习,纠正不良咬合习惯。",Doc_train_0717_0415,train_0717,gold,1.0
Event_94cab58c5835,用力咀嚼,牙床疼痛,戴用全口假牙,"适应后,患者可以先吃软和小块食物,再逐渐过渡到正常饮食。值得注意的是,戴用全口假牙也不是所有食物都能随心所欲享用,多数患者会觉得咬不碎富含纤维的蔬菜和瘦肉,用力咀嚼时还会出现牙床疼痛。这是因为全口假牙为了义齿稳定,同时保护牙槽骨不受过大咬合力作用,减少",Doc_train_0717_0415,train_0717,gold,1.0
Event_c0a210975c30,心血管疾病,心窝疼痛,老年患者,"如果患者目前存在心窝疼痛,考虑可能是由于心绞痛发作所引起的,还有也有可能是由于胃溃疡或者是十二指肠溃疡,也会出现类似的不舒服症状,尤其对于老年患者,一定要先排除是否是心血管疾病所引发。一些患者也不排除是由于肥厚梗阻性心肌病,或者是主动脉瓣狭窄所引",Doc_train_0717_0416,train_0717,gold,1.0
Event_49992e6d6bee,隐球菌,肺内感染,抵抗力低下的患者,"隐球菌肺炎主要是由于新型隐球菌,引起的一种急性肺部机会性肺部感染,常伴有咳嗽、咳痰、胸痛、发热、呼吸困难、全身乏力和咯血等症状。隐球菌肺炎ct常表现为肺部有高密度阴影或孤立性肿块,隐球菌肺炎主要是通过呼吸道感染和传播。若抵抗力低下的患者,吸入隐球菌后会很容易引起肺内感染,进而引发隐球菌肺炎。患者可以选择药物治疗,根据医嘱服用β-内酰胺类的",Doc_train_0717_0420,train_0717,gold,1.0
Event_ae40ff68f3b8,吃辛辣、油腻、冰冷的食物,"排卵期出血较为严重,时间也较长",排卵期的前后,"%安全。对于不想妊娠的女性,也要做好避孕措施,比如避孕套工具避孕等等。排卵期的前后,在饮食上应注意不要吃辛辣、油腻、冰冷的食物,以免导致排卵期出血较为严重,时间也较长。如果出现排卵期小腹疼痛,可以热敷。同时也要保持心情平稳,还需要注意保",Doc_train_0717_0426,train_0717,gold,1.0
Event_9a8654db98c3,呼吸性的碱中毒,年轻人出现手脸发麻,"情绪激动大哭以后,过度换气","年轻人出现手脸发麻,如果是在情绪激动大哭以后,过度换气之后出现的,考虑是呼吸性的碱中毒引起的,不用太过紧张,平静情绪,不过度的喘气以后,平静呼吸,手脸发麻的",Doc_train_0717_0429,train_0717,gold,1.0
Event_a234e46d71b4,急性的脑血管病,单侧的手还有脸发麻,年轻人,"年轻人出现手脸发麻,如果是在情绪激动大哭以后,过度换气之后出现的,考虑是呼吸性的碱中毒引起的,不用太过紧张,平静情绪,不过度的喘气以后,平静呼吸,手脸发麻的症状是可以逐步缓解的,而年轻人如果是单侧的手还有脸发麻,那要考虑到是急性的脑血管病引起的。虽然说年轻人脑血管的危险因素不足,但是也有因为血管先天狭窄,导",Doc_train_0717_0429,train_0717,gold,1.0
Event_b54f70b50adf,支气管炎,肺纹理增多、增粗,"急性起病的患者,如伴有明显的咳嗽、咳痰、喘憋等症状","双肺纹理增粗是属于肺部的x线影像学检查异常提示。对于急性起病的患者,如伴有明显的咳嗽、咳痰、喘憋等症状,肺部影像学提示肺纹理增多、增粗,大多提示支气管炎可能。如果患者没有特殊的临床不适,仅在体检时发现肺纹理增多,大多提示慢",Doc_train_0717_0430,train_0717,gold,1.0
Event_fbc02021a065,慢性炎症,肺纹理增多,患者没有特殊的临床不适,"对于急性起病的患者,如伴有明显的咳嗽、咳痰、喘憋等症状,肺部影像学提示肺纹理增多、增粗,大多提示支气管炎可能。如果患者没有特殊的临床不适,仅在体检时发现肺纹理增多,大多提示慢性炎症过程,不需要特殊的处理。因此,如果影像学提示肺纹理增粗时,需要进行全面",Doc_train_0717_0430,train_0717,gold,1.0
Event_0800285fd121,卵泡破裂,"下腹的轻微疼痛,疼痛表现在一侧的腹部",卵泡液比较多,"正常情况下育龄妇女每个月都会有卵泡破裂,排卵以后由于黄体的作用子宫内膜增长,如果卵子和精子受精就孕育胎儿,如果没有受精,黄体逐渐萎缩又形成1次月经,因此正常人每个月都有1次排卵,卵泡破裂可以没有任何症状。有些人如果卵泡液比较多或者比较敏感,当卵泡破裂的时候会出现下腹的轻微疼痛,疼痛表现在一侧的腹部,不同的月份腹痛的侧别不同,可以伴有轻度的下坠或者腰酸等不适。检查起来",Doc_train_0717_0432,train_0717,gold,1.0
Event_46ebd639662d,卵泡破裂,"下腹的轻微疼痛,疼痛表现在一侧的腹部",比较敏感,"正常情况下育龄妇女每个月都会有卵泡破裂,排卵以后由于黄体的作用子宫内膜增长,如果卵子和精子受精就孕育胎儿,如果没有受精,黄体逐渐萎缩又形成1次月经,因此正常人每个月都有1次排卵,卵泡破裂可以没有任何症状。有些人如果卵泡液比较多或者比较敏感,当卵泡破裂的时候会出现下腹的轻微疼痛,疼痛表现在一侧的腹部,不同的月份腹痛的侧别不同,可以伴有轻度的下坠或者腰酸等不适。检查起来",Doc_train_0717_0432,train_0717,gold,1.0
Event_524d820c9b07,细菌性胸膜炎,炎症播散,治疗不及时,"病情进行具体分析,切不可自己盲目用药,否则会对身体带来严重危害。如果是细菌性胸膜炎可以用头孢类抗生素进行治疗,如果治疗不及时可能会造成炎症播散危及生命,如果是结核性胸膜炎就需要进行抗结核治疗。而结核性胸膜炎抗结核",Doc_train_0717_0433,train_0717,gold,1.0
Event_598f4174c278,皮肤屏障功能不好,皮肤感觉到瘙痒,"没有出现任何的皮疹的情况下,那么是单纯的瘙痒症","皮肤感觉到瘙痒,如果没有出现任何的皮疹的情况下,那么是单纯的瘙痒症,在这种情况有一部分人可能是由于皮肤屏障功能不好造成,或者说皮肤水分的降低造成的,这个时候可以选择具有保湿、滋润效果的",Doc_train_0717_0437,train_0717,gold,1.0
Event_99d96c7d0d6f,皮肤水分的降低,皮肤感觉到瘙痒,"没有出现任何的皮疹的情况下,那么是单纯的瘙痒症","皮肤感觉到瘙痒,如果没有出现任何的皮疹的情况下,那么是单纯的瘙痒症,在这种情况有一部分人可能是由于皮肤屏障功能不好造成,或者说皮肤水分的降低造成的,这个时候可以选择具有保湿、滋润效果的润肤露或者修复的乳液来进行",Doc_train_0717_0437,train_0717,gold,1.0
Event_37c9fe26797e,血糖控制不佳,皮肤的瘙痒,糖尿病,"了单纯的瘙痒以外,还有一些可能跟全身的系统性疾病有关系,比如说有些人有糖尿病的问题,血糖控制不佳有可能会造成皮肤的瘙痒。还有一些肝脏的疾病或者是肝硬化,或者是尿毒症的患者,有肾脏疾病的,也",Doc_train_0717_0437,train_0717,gold,1.0
Event_537c64ae847c,先兆流产,孕期阶段如果白带出现褐色,小腹疼痛,"孕期阶段如果白带出现褐色,是属于不正常的,有以下几种问题导致的:第一、如果有小腹疼痛,考虑是先兆流产。第二,妇科疾病,比如阴道炎、宫颈炎。第三、如果是怀孕初期,白带呈褐色",Doc_train_0717_0439,train_0717,gold,1.0
Event_a4c93626445f,宫外孕,白带呈褐色,怀孕初期,"疼痛,考虑是先兆流产。第二,妇科疾病,比如阴道炎、宫颈炎。第三、如果是怀孕初期,白带呈褐色,考虑是宫外孕。第四、孕早期阶段身体过于劳累也会出现白带呈褐色。如果白带没有增多,颜",Doc_train_0717_0439,train_0717,gold,1.0
Event_599dd13768c9,局部的小汗腺,皮疹,生理情况下,"出现簇状的、小而密集的疱疹,随后会出现疱疹的溃破以及基底部的溃疡;4、生理情况下也可出现皮疹,比如靠近冠状沟或靠近龟头的珍珠疹,是由于良性的慢性炎症刺激所导致的小的丘疹。珍珠疹没有特别大的危害性,也不具备传染性。生理情况下的皮疹,比如汗疱疹,是由局部的小汗腺所引起;5、另外还有卫生清洁不良、局部毛囊炎所引起的小疹子。总之,包皮",Doc_train_0717_0440,train_0717,gold,1.0
Event_8f70656fa740,湿疹,"眉毛红,可看到红色的丘疹",刚出生的婴儿,"眉毛红的解决办法:1、刚出生的婴儿眉毛红,可看到红色的丘疹考虑是湿疹,用宝儿康软膏给孩子擦患处。如果孩子只有在用力时眉毛才发红,其它时间颜",Doc_train_0717_0441,train_0717,gold,1.0
Event_4ff0784aeb30,皮炎,"发红,局部可以看到米粒状的疙瘩伴痒,严重者还有脱皮",成年人,"力时局部毛细血管充血导致的,不需要处理,等孩子大点这种情况可消失。2、成年人眉毛发红,局部可以看到米粒状的疙瘩伴痒,严重者还有脱皮的症状,考虑是皮炎或过敏导致的,用尿素软膏擦患处,治疗期间不要吃辣椒、海鲜等发物。3、做",Doc_train_0717_0441,train_0717,gold,1.0
Event_3c33cc7728ca,过敏,"发红,局部可以看到米粒状的疙瘩伴痒,严重者还有脱皮",成年人,"力时局部毛细血管充血导致的,不需要处理,等孩子大点这种情况可消失。2、成年人眉毛发红,局部可以看到米粒状的疙瘩伴痒,严重者还有脱皮的症状,考虑是皮炎或过敏导致的,用尿素软膏擦患处,治疗期间不要吃辣椒、海鲜等发物。3、做植眉手",Doc_train_0717_0441,train_0717,gold,1.0
Event_c90bd8cbfdf6,局部毛细血管充血,"眉毛才发红,其它时间颜色正常,局部没有疙瘩,没有其它不适",孩子只有在用力时,"婴儿眉毛红,可看到红色的丘疹考虑是湿疹,用宝儿康软膏给孩子擦患处。如果孩子只有在用力时眉毛才发红,其它时间颜色正常,局部没有疙瘩,没有其它不适,考虑是用力时局部毛细血管充血导致的,不需要处理,等孩子大点这种情况可消失。2、成年人眉毛发红,局部",Doc_train_0717_0441,train_0717,gold,1.0
Event_ea19ad148678,体位性低血压,突然直立出现头晕,老年人,"血不足,出现心悸、头晕症状,不要过于紧张,是比较常见的生理现象。一部分老年人如果突然直立出现头晕症状,考虑是病理性的,最常见的是体位性低血压,如果出现这些症状,建议患者平卧休息,避免出现深蹲的行为。",Doc_train_0717_0446,train_0717,gold,1.0
Event_f035cf7fea2d,雌激素低,生殖系统发育迟缓,发育阶段的少女,"女性的身体健康有着特殊的益处,是保证内分泌正常运转的重要技术,如果出现雌激素低,则有可能导致卵泡发育不健全、卵巢萎缩、子宫发育迟缓,外阴也会萎缩。在女性进入更年期之后,正常雌激素会进入低潮,皮肤变得粗糙,月经开始不规律,会有失眠多梦、入睡困难,半夜有盗汗的,心血管疾病和肿瘤发生的风险会加大。个别的女性可能会伴随着神经间歇性疼痛,钙吸收的能力也会下降,性格变得焦虑、易怒、烦躁、心悸。对于正处于发育阶段的少女,则有可能造成生殖系统发育迟缓,严重的可能会导致不孕不育。对于雌激素低的人群来说,尽可能不要乱服营养",Doc_train_0717_0448,train_0717,gold,1.0
Event_562673c48f62,雌激素低,不孕不育,发育阶段的少女,"女性的身体健康有着特殊的益处,是保证内分泌正常运转的重要技术,如果出现雌激素低,则有可能导致卵泡发育不健全、卵巢萎缩、子宫发育迟缓,外阴也会萎缩。在女性进入更年期之后,正常雌激素会进入低潮,皮肤变得粗糙,月经开始不规律,会有失眠多梦、入睡困难,半夜有盗汗的,心血管疾病和肿瘤发生的风险会加大。个别的女性可能会伴随着神经间歇性疼痛,钙吸收的能力也会下降,性格变得焦虑、易怒、烦躁、心悸。对于正处于发育阶段的少女,则有可能造成生殖系统发育迟缓,严重的可能会导致不孕不育。对于雌激素低的人群来说,尽可能不要乱服营养品和保健品,否则激素没有补",Doc_train_0717_0448,train_0717,gold,1.0
Event_fc17115b89d9,大量饮水,消化功能会受到影响,吃饭的时候,"吃饭的时候肯定是要喝水的,食物和水完全分开是几乎不可能的。吃饭的时候即使不额外的喝水,可能也会有汤,吃进去的蔬菜、碳水化合物,也都含有一定的水分。但是吃饭的时候不建议喝太多的水,因为吃饭的时候,大量饮水可能消化功能会受到影响。因为大量的喝水可能会稀释胃酸,对食物尤其是蛋白质和脂肪消化就会产生影",Doc_train_0717_0449,train_0717,gold,1.0
Event_60b60ab8c856,结肠肿瘤,腹疼,拉肚子、便秘交替出现,"拉肚子、便秘交替出现不一定是癌,但是也不能完全排除肠癌的可能性,因为出现拉肚子、便秘交替,不仅仅是结肠癌的症状表现,原因如下:1、功能性改变:如肠易激综合征,临床上可能表现为拉肚子、便秘交替出现;2、器质性病变:结肠癌在临床上最典型的症状,表现为排便习惯、排便性状的改变,即原来每天正常排便,但是现在出现拉肚子、便秘交替,大便性状有改变,大便表面变得凹凸不平,有凹槽或者变干,表面有脓血,还有存在排便不尽的感觉。所以拉肚子、便秘交替出现不一定是癌,但是癌有可能表现出排便习惯和排便性状的改变。如果拉肚子、便秘交替出现的同时,还出现腹疼、体重减轻,大便潜血阳性、贫血等报警症状,需要高度警惕,建议及时进行肠镜检查,来帮助明确是否出现结肠肿瘤。",Doc_train_0717_0451,train_0717,gold,1.0
Event_ca3d9e8e8559,结肠肿瘤,体重减轻,拉肚子、便秘交替出现,"拉肚子、便秘交替出现不一定是癌,但是也不能完全排除肠癌的可能性,因为出现拉肚子、便秘交替,不仅仅是结肠癌的症状表现,原因如下:1、功能性改变:如肠易激综合征,临床上可能表现为拉肚子、便秘交替出现;2、器质性病变:结肠癌在临床上最典型的症状,表现为排便习惯、排便性状的改变,即原来每天正常排便,但是现在出现拉肚子、便秘交替,大便性状有改变,大便表面变得凹凸不平,有凹槽或者变干,表面有脓血,还有存在排便不尽的感觉。所以拉肚子、便秘交替出现不一定是癌,但是癌有可能表现出排便习惯和排便性状的改变。如果拉肚子、便秘交替出现的同时,还出现腹疼、体重减轻,大便潜血阳性、贫血等报警症状,需要高度警惕,建议及时进行肠镜检查,来帮助明确是否出现结肠肿瘤。",Doc_train_0717_0451,train_0717,gold,1.0
Event_fb5e7606e0a0,结肠肿瘤,大便潜血阳性,拉肚子、便秘交替出现,"拉肚子、便秘交替出现不一定是癌,但是也不能完全排除肠癌的可能性,因为出现拉肚子、便秘交替,不仅仅是结肠癌的症状表现,原因如下:1、功能性改变:如肠易激综合征,临床上可能表现为拉肚子、便秘交替出现;2、器质性病变:结肠癌在临床上最典型的症状,表现为排便习惯、排便性状的改变,即原来每天正常排便,但是现在出现拉肚子、便秘交替,大便性状有改变,大便表面变得凹凸不平,有凹槽或者变干,表面有脓血,还有存在排便不尽的感觉。所以拉肚子、便秘交替出现不一定是癌,但是癌有可能表现出排便习惯和排便性状的改变。如果拉肚子、便秘交替出现的同时,还出现腹疼、体重减轻,大便潜血阳性、贫血等报警症状,需要高度警惕,建议及时进行肠镜检查,来帮助明确是否出现结肠肿瘤。",Doc_train_0717_0451,train_0717,gold,1.0
Event_4f22190f33b3,结肠肿瘤,贫血,拉肚子、便秘交替出现,"拉肚子、便秘交替出现不一定是癌,但是也不能完全排除肠癌的可能性,因为出现拉肚子、便秘交替,不仅仅是结肠癌的症状表现,原因如下:1、功能性改变:如肠易激综合征,临床上可能表现为拉肚子、便秘交替出现;2、器质性病变:结肠癌在临床上最典型的症状,表现为排便习惯、排便性状的改变,即原来每天正常排便,但是现在出现拉肚子、便秘交替,大便性状有改变,大便表面变得凹凸不平,有凹槽或者变干,表面有脓血,还有存在排便不尽的感觉。所以拉肚子、便秘交替出现不一定是癌,但是癌有可能表现出排便习惯和排便性状的改变。如果拉肚子、便秘交替出现的同时,还出现腹疼、体重减轻,大便潜血阳性、贫血等报警症状,需要高度警惕,建议及时进行肠镜检查,来帮助明确是否出现结肠肿瘤。",Doc_train_0717_0451,train_0717,gold,1.0
Event_832f41ee4af9,一点点脂肪和胆固醇经过十二指肠,胆囊就会收缩,胆囊在急性炎症期或者结石已经嵌顿了或卡死了,",通过胃肠外来补充营养。为什么?因为胆汁是用来消化脂肪和胆固醇的,如果胆囊在急性炎症期或者结石已经嵌顿了或卡死了,这个时候只要任何的一点点脂肪和胆固醇经过十二指肠,胆囊就会收缩,因为这是无法控制的,这是一个生理过程,它需要排出胆汁。所以说急性期发",Doc_train_0717_0452,train_0717,gold,1.0
Event_3738a67d2419,睾酮素,严重的身体的损伤,健身时自己选择睾酮素希望增加肌肉量、提高塑形,"如果仅仅是有临床症状,而且化验仅有一次正常,就不能认为是睾酮缺乏而补充睾酮素。像健身时自己选择睾酮素希望增加肌肉量、提高塑形,会带来严重的身体的损伤,造成心肌梗死、脑血栓和前列腺癌,没有明确的诊断依据,千万不要自己补充",Doc_train_0717_0454,train_0717,gold,1.0
Event_ff4e4070f05a,睾酮素,心肌梗死,健身时自己选择睾酮素希望增加肌肉量、提高塑形,"如果仅仅是有临床症状,而且化验仅有一次正常,就不能认为是睾酮缺乏而补充睾酮素。像健身时自己选择睾酮素希望增加肌肉量、提高塑形,会带来严重的身体的损伤,造成心肌梗死、脑血栓和前列腺癌,没有明确的诊断依据,千万不要自己补充雄激素。",Doc_train_0717_0454,train_0717,gold,1.0
Event_342c9033ffc7,睾酮素,脑血栓,健身时自己选择睾酮素希望增加肌肉量、提高塑形,"如果仅仅是有临床症状,而且化验仅有一次正常,就不能认为是睾酮缺乏而补充睾酮素。像健身时自己选择睾酮素希望增加肌肉量、提高塑形,会带来严重的身体的损伤,造成心肌梗死、脑血栓和前列腺癌,没有明确的诊断依据,千万不要自己补充雄激素。",Doc_train_0717_0454,train_0717,gold,1.0
Event_eefe98c2a63e,睾酮素,前列腺癌,健身时自己选择睾酮素希望增加肌肉量、提高塑形,"如果仅仅是有临床症状,而且化验仅有一次正常,就不能认为是睾酮缺乏而补充睾酮素。像健身时自己选择睾酮素希望增加肌肉量、提高塑形,会带来严重的身体的损伤,造成心肌梗死、脑血栓和前列腺癌,没有明确的诊断依据,千万不要自己补充雄激素。",Doc_train_0717_0454,train_0717,gold,1.0
Event_d88fb0188c8d,局部的肌肉劳损,筋膜炎症,"频繁的刺痛,并且伴有右肩胛部肌肉的僵硬感","右肩胛骨疼痛如果出现频繁的刺痛,并且伴有右肩胛部肌肉的僵硬感,先排除是不是因为局部的肌肉劳损而引发的筋膜炎症。右肩胛骨疼痛,多数是见于经常伏案工作的人群,尤其是经常见于在电脑面前",Doc_train_0717_0455,train_0717,gold,1.0
Event_b76cd23d0bef,常常在经常性的伏案工作时间过长,酸痛,筋膜炎症,",并且伴有右肩胛部肌肉的僵硬感,先排除是不是因为局部的肌肉劳损而引发的筋膜炎症。右肩胛骨疼痛,多数是见于经常伏案工作的人群,尤其是经常见于在电脑面前工作的人群,这类的人群经常性的拿鼠标,往往会引起右肩胛部肌肉的劳损,从而导致慢性筋膜的炎症。这类患者常常在经常性的伏案工作时间过长,着凉、受寒或者在晨起以后疼痛尤为明显,患者常常表现为以酸痛为主,同时还常常伴有右肩背部明显肌肉的僵硬感。针对这种情况多数可以考虑",Doc_train_0717_0455,train_0717,gold,1.0
Event_2dd2e6d59934,常常在经常性的伏案工作时间过长,右肩背部明显肌肉的僵硬感,筋膜炎症,",并且伴有右肩胛部肌肉的僵硬感,先排除是不是因为局部的肌肉劳损而引发的筋膜炎症。右肩胛骨疼痛,多数是见于经常伏案工作的人群,尤其是经常见于在电脑面前工作的人群,这类的人群经常性的拿鼠标,往往会引起右肩胛部肌肉的劳损,从而导致慢性筋膜的炎症。这类患者常常在经常性的伏案工作时间过长,着凉、受寒或者在晨起以后疼痛尤为明显,患者常常表现为以酸痛为主,同时还常常伴有右肩背部明显肌肉的僵硬感。针对这种情况多数可以考虑口服非甾体的抗炎药物,以及肌松药物来针对性的",Doc_train_0717_0455,train_0717,gold,1.0
Event_3a8a11b17991,着凉、受寒或者在晨起以后,疼痛尤为明显,筋膜炎症,",并且伴有右肩胛部肌肉的僵硬感,先排除是不是因为局部的肌肉劳损而引发的筋膜炎症。右肩胛骨疼痛,多数是见于经常伏案工作的人群,尤其是经常见于在电脑面前工作的人群,这类的人群经常性的拿鼠标,往往会引起右肩胛部肌肉的劳损,从而导致慢性筋膜的炎症。这类患者常常在经常性的伏案工作时间过长,着凉、受寒或者在晨起以后疼痛尤为明显,患者常常表现为以酸痛为主,同时还常常伴有右肩背部明显肌肉的僵硬感。针",Doc_train_0717_0455,train_0717,gold,1.0
Event_d3678e0b3a49,着凉、受寒或者在晨起以后,右肩背部明显肌肉的僵硬感,筋膜炎症,",并且伴有右肩胛部肌肉的僵硬感,先排除是不是因为局部的肌肉劳损而引发的筋膜炎症。右肩胛骨疼痛,多数是见于经常伏案工作的人群,尤其是经常见于在电脑面前工作的人群,这类的人群经常性的拿鼠标,往往会引起右肩胛部肌肉的劳损,从而导致慢性筋膜的炎症。这类患者常常在经常性的伏案工作时间过长,着凉、受寒或者在晨起以后疼痛尤为明显,患者常常表现为以酸痛为主,同时还常常伴有右肩背部明显肌肉的僵硬感。针对这种情况多数可以考虑口服非甾体的抗炎药物,以及肌松药物来针对性的",Doc_train_0717_0455,train_0717,gold,1.0
Event_490b5e8eb21a,激素影响,阴道分泌物可能会有增加,孕期,"怀孕以后有孕妇会有白带增多的情况,其实孕期因为激素影响,阴道分泌物可能会有增加,这是正常现象。如果增加的比较多,或有瘙痒、白带性状发生变化,如豆渣样",Doc_train_0717_0465,train_0717,gold,1.0
Event_d2ecd8f43960,大量繁殖,不适,怀孕以后身体抵抗力下降,"。孕妇阴道内本身有一定霉菌,在正常情况下量比较少,也不会引起明显症状或不适感觉。如果在一定特殊条件下,如怀孕以后身体抵抗力下降,或怀孕期间体重长得比较多,血糖比较高,阴道环境比较适合霉菌生长,或在用抗生素的情况下都有可能造成大量繁殖。引起不适症状。如果检查出来确实是霉菌性阴道炎,可以用药去治疗,用制霉",Doc_train_0717_0465,train_0717,gold,1.0
Event_f3febb462aec,大量繁殖,不适,怀孕期间体重长得比较多,"。孕妇阴道内本身有一定霉菌,在正常情况下量比较少,也不会引起明显症状或不适感觉。如果在一定特殊条件下,如怀孕以后身体抵抗力下降,或怀孕期间体重长得比较多,血糖比较高,阴道环境比较适合霉菌生长,或在用抗生素的情况下都有可能造成大量繁殖。引起不适症状。如果检查出来确实是霉菌性阴道炎,可以用药去治疗,用制霉",Doc_train_0717_0465,train_0717,gold,1.0
Event_79137f513764,大量繁殖,不适,血糖比较高,"。孕妇阴道内本身有一定霉菌,在正常情况下量比较少,也不会引起明显症状或不适感觉。如果在一定特殊条件下,如怀孕以后身体抵抗力下降,或怀孕期间体重长得比较多,血糖比较高,阴道环境比较适合霉菌生长,或在用抗生素的情况下都有可能造成大量繁殖。引起不适症状。如果检查出来确实是霉菌性阴道炎,可以用药去治疗,用制霉",Doc_train_0717_0465,train_0717,gold,1.0
Event_3601218cad31,大量繁殖,不适,用抗生素,"。孕妇阴道内本身有一定霉菌,在正常情况下量比较少,也不会引起明显症状或不适感觉。如果在一定特殊条件下,如怀孕以后身体抵抗力下降,或怀孕期间体重长得比较多,血糖比较高,阴道环境比较适合霉菌生长,或在用抗生素的情况下都有可能造成大量繁殖。引起不适症状。如果检查出来确实是霉菌性阴道炎,可以用药去治疗,用制霉",Doc_train_0717_0465,train_0717,gold,1.0
Event_74af63ceee36,大量繁殖,不适,阴道环境比较适合霉菌生长,"。孕妇阴道内本身有一定霉菌,在正常情况下量比较少,也不会引起明显症状或不适感觉。如果在一定特殊条件下,如怀孕以后身体抵抗力下降,或怀孕期间体重长得比较多,血糖比较高,阴道环境比较适合霉菌生长,或在用抗生素的情况下都有可能造成大量繁殖。引起不适症状。如果检查出来确实是霉菌性阴道炎,可以用药去治疗,用制霉",Doc_train_0717_0465,train_0717,gold,1.0
Event_266755b0dc33,跟腱的变性又比较明显,断裂,跟腱受到很大力的刺激,"跟腱断裂的好发年龄段可以分布在各个年龄段,从15岁到78岁都有可能。但最好发的年龄段是在35-45岁之间,这是因为在这个年龄段,人的活动的运动量和运动的强度比较大,但是跟腱在35岁之后就会有不同程度的退变,特别是有跟腱炎存在的时候,跟腱的退变更加明显。在大剂量的运动或强度比较大的运动的过程中,例如打篮球的弹跳或踢足球的弹跳过程中,跟腱受到很大力的刺激,而跟腱的变性又比较明显,容易发生断裂的情况。",Doc_train_0717_0473,train_0717,gold,1.0
Event_882a874b9383,急性上呼吸道感染,同时有鼻塞、打喷嚏、咳嗽、发烧,"近期才有的,有受凉病史","6个月宝宝流鼻涕,如果是近期才有的,有受凉病史,同时有鼻塞、打喷嚏、咳嗽、发烧等症状,考虑急性上呼吸道感染的可能性大,俗称感冒,一般病毒感染引起的可能性大。如果孩子流鼻涕不多、",Doc_train_0717_0474,train_0717,gold,1.0
Event_283f4ddbcf27,体内水钠潴留,体重轻微的升高,月经期间以及月经来潮前,"月经期间以及月经来潮前,由于体内水钠潴留会导致体重轻微的升高,一般在月经来潮后就会恢复正常。女性的月经是由于雌激素和孕激素水平降低",Doc_train_0717_0475,train_0717,gold,1.0
Event_ef38f9287294,玫瑰痤疮第一期,阵发性潮红的斑,情绪紧张波动,"是颊部和鼻部受累,额部和颌部也可以受累,有些严重的时候还会侵犯到眼睛。玫瑰痤疮第一期的时候,称之为红斑期,会看到阵发性潮红的斑,尤其在情绪紧张波动或遇冷、遇热的时候出现,时间长了还可以出现毛细血管的扩张。逐渐发展到第",Doc_train_0717_0477,train_0717,gold,1.0
Event_6f225ba60bc6,玫瑰痤疮第一期,阵发性潮红的斑,遇冷、遇热的时候,"是颊部和鼻部受累,额部和颌部也可以受累,有些严重的时候还会侵犯到眼睛。玫瑰痤疮第一期的时候,称之为红斑期,会看到阵发性潮红的斑,尤其在情绪紧张波动或遇冷、遇热的时候出现,时间长了还可以出现毛细血管的扩张。逐渐发展到第二期的时候,在红斑",Doc_train_0717_0477,train_0717,gold,1.0
Event_6eaef8bbd904,玫瑰痤疮第一期,毛细血管的扩张,时间长了,"是颊部和鼻部受累,额部和颌部也可以受累,有些严重的时候还会侵犯到眼睛。玫瑰痤疮第一期的时候,称之为红斑期,会看到阵发性潮红的斑,尤其在情绪紧张波动或遇冷、遇热的时候出现,时间长了还可以出现毛细血管的扩张。逐渐发展到第二期的时候,在红斑的基础上可以出现丘疹和脓疱。到了第三期",Doc_train_0717_0477,train_0717,gold,1.0
Event_a80395460da1,酒精发生双硫仑样反应,恶心,消炎类药物,"不能饮酒,酒中含有乙醇,会和药物发生反应,让身体出现不适的症状,尤其是消炎类药物,会和酒精发生双硫仑样反应,出现恶心、呕吐、头晕、四肢无力的症状,严重时会出现休克。吃完药后,不能喝太多的",Doc_train_0717_0480,train_0717,gold,1.0
Event_f3632d55ed15,酒精发生双硫仑样反应,呕吐,消炎类药物,"不能饮酒,酒中含有乙醇,会和药物发生反应,让身体出现不适的症状,尤其是消炎类药物,会和酒精发生双硫仑样反应,出现恶心、呕吐、头晕、四肢无力的症状,严重时会出现休克。吃完药后,不能喝太多的水,水",Doc_train_0717_0480,train_0717,gold,1.0
Event_e7a5a3bcd98f,酒精发生双硫仑样反应,头晕,消炎类药物,"不能饮酒,酒中含有乙醇,会和药物发生反应,让身体出现不适的症状,尤其是消炎类药物,会和酒精发生双硫仑样反应,出现恶心、呕吐、头晕、四肢无力的症状,严重时会出现休克。吃完药后,不能喝太多的水,水会稀释",Doc_train_0717_0480,train_0717,gold,1.0
Event_703558738b73,酒精发生双硫仑样反应,四肢无力,消炎类药物,"不能饮酒,酒中含有乙醇,会和药物发生反应,让身体出现不适的症状,尤其是消炎类药物,会和酒精发生双硫仑样反应,出现恶心、呕吐、头晕、四肢无力的症状,严重时会出现休克。吃完药后,不能喝太多的水,水会稀释胃液,不利",Doc_train_0717_0480,train_0717,gold,1.0
Event_fedf53fbb18d,酒精发生双硫仑样反应,休克,消炎类药物,"不能饮酒,酒中含有乙醇,会和药物发生反应,让身体出现不适的症状,尤其是消炎类药物,会和酒精发生双硫仑样反应,出现恶心、呕吐、头晕、四肢无力的症状,严重时会出现休克。吃完药后,不能喝太多的水,水会稀释胃液,不利于药物的吸收,吃药后也不",Doc_train_0717_0480,train_0717,gold,1.0
Event_a5026e4a152a,药物和蜂蜜水形成一种复合物,影响身体对药效的吸收,立即喝蜂蜜水,"胃的效果,可减少药物对胃部的刺激,吃完药后一小时再喝蜂蜜水比较好,如果立即喝蜂蜜水,会让药物和蜂蜜水形成一种复合物,影响身体对药效的吸收。吃完药后,有很多注意事项,尤其不能饮酒,酒中含有乙醇,会和药物发生反",Doc_train_0717_0480,train_0717,gold,1.0
Event_e1c961ee3dc9,承受的血流压力比较大,破裂出血,动脉比较细,"纹动脉,因为豆纹动脉是大脑中动脉支角的分支,分出去供应基底节,所以这根动脉比较细,承受的血流压力比较大,容易破裂出血,其位置最好是基底节,主要是壳核,除基底节外,包括脑干、小脑,或者脑叶",Doc_train_0717_0485,train_0717,gold,1.0
Event_216aa3a10449,流行性腮腺炎,全身疼痛不适,没有明显腮腺肿大,"腮腺炎在临床上有很多种,常见的有流行性腮腺炎、慢性阻塞性腮腺炎、慢性复发性腮腺炎、急性化脓性腮腺炎等等。其中流行性腮腺炎在没有明显腮腺肿大的时候,会出现全身疼痛不适、全身无力、发热等症状,病人常常会觉得自己患了感冒。然后过1-2天,会",Doc_train_0717_0487,train_0717,gold,1.0
Event_60407fdc1ed1,流行性腮腺炎,全身无力,没有明显腮腺肿大,"腮腺炎在临床上有很多种,常见的有流行性腮腺炎、慢性阻塞性腮腺炎、慢性复发性腮腺炎、急性化脓性腮腺炎等等。其中流行性腮腺炎在没有明显腮腺肿大的时候,会出现全身疼痛不适、全身无力、发热等症状,病人常常会觉得自己患了感冒。然后过1-2天,会出现一侧的",Doc_train_0717_0487,train_0717,gold,1.0
Event_4a79dfddcfe6,流行性腮腺炎,发热,没有明显腮腺肿大,"腮腺炎在临床上有很多种,常见的有流行性腮腺炎、慢性阻塞性腮腺炎、慢性复发性腮腺炎、急性化脓性腮腺炎等等。其中流行性腮腺炎在没有明显腮腺肿大的时候,会出现全身疼痛不适、全身无力、发热等症状,病人常常会觉得自己患了感冒。然后过1-2天,会出现一侧的腮腺的",Doc_train_0717_0487,train_0717,gold,1.0
Event_ba74bfc56d26,川崎病,冠状动脉损伤,不及时治疗,"川崎病又叫皮肤黏膜淋巴结综合征,是一种全身血管炎性疾病,以中、小动脉炎为主要病理改变,主要表现为发热、皮疹、结膜充血和颈淋巴结非化脓性肿大等。如不及时治疗,20%左右的患儿会出现冠状动脉损伤,从而引起冠脉扩张和冠状动脉瘤形成,是后天性心脏病的最常见原因。川崎病",Doc_train_0717_0507,train_0717,gold,1.0
Event_8e82a866af6a,先兆流产,下腹痛,怀孕六周时,"察宫腔内是否有饱满的孕囊生长及胎芽的出现,才能诊断为正常的宫内妊娠。在怀孕六周时,少部分女性可能会出现下腹痛、少量阴道流血等先兆流产的情况,要注意适当的休息,必要时给予保胎药物治疗,保持生活规律,避免不",Doc_train_0717_0511,train_0717,gold,1.0
Event_e3e69e8ed236,先兆流产,少量阴道流血,怀孕六周时,"察宫腔内是否有饱满的孕囊生长及胎芽的出现,才能诊断为正常的宫内妊娠。在怀孕六周时,少部分女性可能会出现下腹痛、少量阴道流血等先兆流产的情况,要注意适当的休息,必要时给予保胎药物治疗,保持生活规律,避免不",Doc_train_0717_0511,train_0717,gold,1.0
Event_7986faba7043,吃了过多的油条,总热卡和总能量的超标,尿酸高,"尿酸高可以吃油条,但是一定要少吃。尿酸高的人群,其实在饮食上主要是要限制高嘌呤类的食物,如动物内脏、海产品以及一些肉类。油条虽然不属于高嘌呤类的食物,但是油条当中的热卡比较多,油脂含量也比较多,尿酸高的人群在吃了过多的油条以后,就会导致总热卡和总能量的超标,容易导致人体出现脂肪的累积。很多尿酸高的患者,都会处于一种代谢综合征",Doc_train_0717_0517,train_0717,gold,1.0
Event_1fbda178e17b,总热卡和总能量的超标,脂肪的累积,尿酸高,"尿酸高可以吃油条,但是一定要少吃。尿酸高的人群,其实在饮食上主要是要限制高嘌呤类的食物,如动物内脏、海产品以及一些肉类。油条虽然不属于高嘌呤类的食物,但是油条当中的热卡比较多,油脂含量也比较多,尿酸高的人群在吃了过多的油条以后,就会导致总热卡和总能量的超标,容易导致人体出现脂肪的累积。很多尿酸高的患者,都会处于一种代谢综合征的状态,体型上是超重和肥胖的",Doc_train_0717_0517,train_0717,gold,1.0
Event_5253cbf440e9,结石,尿液中就会存在细小的结石颗粒,经过治疗,"频、尿急、排尿疼痛,需要进行尿液化验检查来明确;2、盐类尿或者泌尿系统结石治疗以后,排出细小的结石。盐类尿多见于长期尿液浓缩状态,导致尿液中的溶质浓度成分增高,这样就会造成过饱和析出,形成结晶的现象。结石的患者经过治疗或者患者多饮水、多运动排石以后,尿液中就会存在细小的结石颗粒;3、血尿或者泌尿道肿瘤的患者,血尿的患者出血比较多,可以在尿液中形成",Doc_train_0717_0520,train_0717,gold,1.0
Event_593a264bbb98,结石,尿液中就会存在细小的结石颗粒,多饮水、多运动排石,"频、尿急、排尿疼痛,需要进行尿液化验检查来明确;2、盐类尿或者泌尿系统结石治疗以后,排出细小的结石。盐类尿多见于长期尿液浓缩状态,导致尿液中的溶质浓度成分增高,这样就会造成过饱和析出,形成结晶的现象。结石的患者经过治疗或者患者多饮水、多运动排石以后,尿液中就会存在细小的结石颗粒;3、血尿或者泌尿道肿瘤的患者,血尿的患者出血比较多,可以在尿液中形成",Doc_train_0717_0520,train_0717,gold,1.0
Event_b296c5452a86,受到外界的过敏原刺激或病原体感染,分泌物增多,儿童的鼻腔黏膜毛细血管比较丰富,"儿童的鼻腔黏膜毛细血管比较丰富,容易受到外界的过敏原刺激或病原体感染导致分泌物增多,出现流鼻水的情况,因此宝宝如果出现流鼻水要鉴别是受到刺激还是感染导致",Doc_train_0717_0526,train_0717,gold,1.0
Event_f1e23584431d,输卵管癌症,输卵管出现粗大,癌胚抗原、癌肿抗原出现增高,"如果输卵管出现粗大,很可能是由于局部炎症所导致的,在临床上往往会有患侧下腹部疼痛,并且在月经期、性生活或者劳累后会加重,而且也有可能会有不孕不育的病史。另外,输卵管如果粗大,还要排除输卵管癌症的可能性,建议可以通过b超检查或者必要的时候做ct检查,并且通过抽血检查妇科肿瘤三项来了解是否癌胚抗原、癌肿抗原出现增高的情况,如果增高,就高度怀疑是输卵管癌症所造成的。输卵管癌症常常会出现",Doc_train_0717_0528,train_0717,gold,1.0
Event_d2900e87cf6a,匆忙的进食,消化道的出血,检查后1-2个小时,"胃镜做完之后注意的事项有以下几个方面:1、检查后1-2个小时不要进食,因为麻药有部分还没有消散,如果匆忙的进食或者进食比较热的饮食可能会造成消化道的出血、食道的出血。如果是进食比较粗糙的饮食,同样也会损伤到胃黏膜。2、不要",Doc_train_0717_0532,train_0717,gold,1.0
Event_c2d7af10e702,匆忙的进食,食道的出血,检查后1-2个小时,"胃镜做完之后注意的事项有以下几个方面:1、检查后1-2个小时不要进食,因为麻药有部分还没有消散,如果匆忙的进食或者进食比较热的饮食可能会造成消化道的出血、食道的出血。如果是进食比较粗糙的饮食,同样也会损伤到胃黏膜。2、不要喝热水,因为",Doc_train_0717_0532,train_0717,gold,1.0
Event_0cf61683113e,进食比较热的饮食,消化道的出血,检查后1-2个小时,"胃镜做完之后注意的事项有以下几个方面:1、检查后1-2个小时不要进食,因为麻药有部分还没有消散,如果匆忙的进食或者进食比较热的饮食可能会造成消化道的出血、食道的出血。如果是进食比较粗糙的饮食,同样也会损伤到胃黏膜。2、不要",Doc_train_0717_0532,train_0717,gold,1.0
Event_1be5a14b1662,进食比较热的饮食,食道的出血,检查后1-2个小时,"胃镜做完之后注意的事项有以下几个方面:1、检查后1-2个小时不要进食,因为麻药有部分还没有消散,如果匆忙的进食或者进食比较热的饮食可能会造成消化道的出血、食道的出血。如果是进食比较粗糙的饮食,同样也会损伤到胃黏膜。2、不要喝热水,因为",Doc_train_0717_0532,train_0717,gold,1.0
Event_e80216285009,进食比较粗糙的饮食,损伤到胃黏膜,检查后1-2个小时,"胃镜做完之后注意的事项有以下几个方面:1、检查后1-2个小时不要进食,因为麻药有部分还没有消散,如果匆忙的进食或者进食比较热的饮食可能会造成消化道的出血、食道的出血。如果是进食比较粗糙的饮食,同样也会损伤到胃黏膜。2、不要喝热水,因为热水会刺激到食道黏膜,麻药没有过,没有感觉,也会",Doc_train_0717_0532,train_0717,gold,1.0
Event_0101c001cee2,热水,"刺激到食道黏膜,麻药没有过,没有感觉",检查后1-2个小时,"胃镜做完之后注意的事项有以下几个方面:1、检查后1-2个小时不要进食,因为麻药有部分还没有消散,如果匆忙的进食或者进食比较热的饮食可能会造成消化道的出血、食道的出血。如果是进食比较粗糙的饮食,同样也会损伤到胃黏膜。2、不要喝热水,因为热水会刺激到食道黏膜,麻药没有过,没有感觉,也会损伤到食道。3、做胃镜伴有做手术的治疗,比如胃息肉切除或者其他的",Doc_train_0717_0532,train_0717,gold,1.0
Event_1f41f7bad4d9,热水,损伤到食道,检查后1-2个小时,"胃镜做完之后注意的事项有以下几个方面:1、检查后1-2个小时不要进食,因为麻药有部分还没有消散,如果匆忙的进食或者进食比较热的饮食可能会造成消化道的出血、食道的出血。如果是进食比较粗糙的饮食,同样也会损伤到胃黏膜。2、不要喝热水,因为热水会刺激到食道黏膜,麻药没有过,没有感觉,也会损伤到食道。3、做胃镜伴有做手术的治疗,比如胃息肉切除或者其他的手术治疗,建议一",Doc_train_0717_0532,train_0717,gold,1.0
Event_4c8954b6cc40,前列腺的疾病,尿潴留,男士,"憋得慌又尿不出来,在临床上主要是两种状况,具体如下:第一、尿潴留:出现尿潴留的情况,最好到医院的急诊科或者泌尿外科,确诊在耻骨上有胀大的膀胱之后,建议尽快导尿,然后再查明尿不出来尿的原因。男士多见于前列腺的疾病,女士可能是膀胱的收缩无力,或者是膀胱颈硬化所造成。第二、膀胱过度活动",Doc_train_0717_0533,train_0717,gold,1.0
Event_575039c5cfe9,膀胱的收缩无力,尿潴留,女士,"憋得慌又尿不出来,在临床上主要是两种状况,具体如下:第一、尿潴留:出现尿潴留的情况,最好到医院的急诊科或者泌尿外科,确诊在耻骨上有胀大的膀胱之后,建议尽快导尿,然后再查明尿不出来尿的原因。男士多见于前列腺的疾病,女士可能是膀胱的收缩无力,或者是膀胱颈硬化所造成。第二、膀胱过度活动症:也就是其实没多少尿,但",Doc_train_0717_0533,train_0717,gold,1.0
Event_ddff7eebecc4,膀胱颈硬化,尿潴留,女士,"憋得慌又尿不出来,在临床上主要是两种状况,具体如下:第一、尿潴留:出现尿潴留的情况,最好到医院的急诊科或者泌尿外科,确诊在耻骨上有胀大的膀胱之后,建议尽快导尿,然后再查明尿不出来尿的原因。男士多见于前列腺的疾病,女士可能是膀胱的收缩无力,或者是膀胱颈硬化所造成。第二、膀胱过度活动症:也就是其实没多少尿,但是老感觉有尿急。这",Doc_train_0717_0533,train_0717,gold,1.0
Event_8e827a5d91fb,性生活,上行性感染,取环以后,"取环以后女性还会有阴道出血,注意事项如下:1、取环以后建议禁性生活一个月,禁盆浴,防止发生上行性感染;2、取环后要注意休息、避免劳累。如果出血多,超过月经量,建议其到医院",Doc_train_0717_0537,train_0717,gold,1.0
Event_236cdfcbcf1c,盆浴,上行性感染,取环以后,"取环以后女性还会有阴道出血,注意事项如下:1、取环以后建议禁性生活一个月,禁盆浴,防止发生上行性感染;2、取环后要注意休息、避免劳累。如果出血多,超过月经量,建议其到医院",Doc_train_0717_0537,train_0717,gold,1.0
Event_66ff800f58b3,弱视,低于同龄儿童视觉发育标准,年龄低于6岁,"弱视是视觉功能障碍,其危害远远大于近视,不仅影响孩子升学、将来就业和工作,更不能从事测绘和参军等特殊行业,而且给孩子的学习和生活带来不便,严重还可导致视力终身低下,产生自卑,影响到孩子的心里健康。那么,如何诊断弱视呢?对于成人来说,眼部无器质性病变、但矫正视力低于0.9者称为弱视。当年龄低于6岁时,低于同龄儿童视觉发育标准时称为弱视。弱视是眼科临床常见的儿童眼病,往往是在婴幼儿视觉发育关键时",Doc_train_0717_0538,train_0717,gold,1.0
Event_5e00c95ec796,性甲状腺激素、肾上腺激素分泌减少,闭经,女性,"体和神经垂体,如果神经垂体功能低下,会出现尿崩症。性垂体功能低下会引起性甲状腺激素、肾上腺激素分泌减少,而表现出相应的症状。主要表现为皮肤苍白、疲乏无力、纳差、食欲减退、腹胀、便秘、肌肉减少、力量减弱、耐力下降,以及记忆力下降和注意力受损。女性病人主要表现为闭经、乳房萎缩、性欲减退、阴道分泌物减少,男性病人表现为性欲减退、阳痿、胡",Doc_train_0717_0541,train_0717,gold,1.0
Event_d68ae22e39a3,性甲状腺激素、肾上腺激素分泌减少,乳房萎缩,女性,"体和神经垂体,如果神经垂体功能低下,会出现尿崩症。性垂体功能低下会引起性甲状腺激素、肾上腺激素分泌减少,而表现出相应的症状。主要表现为皮肤苍白、疲乏无力、纳差、食欲减退、腹胀、便秘、肌肉减少、力量减弱、耐力下降,以及记忆力下降和注意力受损。女性病人主要表现为闭经、乳房萎缩、性欲减退、阴道分泌物减少,男性病人表现为性欲减退、阳痿、胡须、阴毛稀",Doc_train_0717_0541,train_0717,gold,1.0
Event_1fd7546cc98a,性甲状腺激素、肾上腺激素分泌减少,性欲减退,女性,"体和神经垂体,如果神经垂体功能低下,会出现尿崩症。性垂体功能低下会引起性甲状腺激素、肾上腺激素分泌减少,而表现出相应的症状。主要表现为皮肤苍白、疲乏无力、纳差、食欲减退、腹胀、便秘、肌肉减少、力量减弱、耐力下降,以及记忆力下降和注意力受损。女性病人主要表现为闭经、乳房萎缩、性欲减退、阴道分泌物减少,男性病人表现为性欲减退、阳痿、胡须、阴毛稀少、肌肉减",Doc_train_0717_0541,train_0717,gold,1.0
Event_c41bd46d4c3e,性甲状腺激素、肾上腺激素分泌减少,阴道分泌物减少,女性,"体和神经垂体,如果神经垂体功能低下,会出现尿崩症。性垂体功能低下会引起性甲状腺激素、肾上腺激素分泌减少,而表现出相应的症状。主要表现为皮肤苍白、疲乏无力、纳差、食欲减退、腹胀、便秘、肌肉减少、力量减弱、耐力下降,以及记忆力下降和注意力受损。女性病人主要表现为闭经、乳房萎缩、性欲减退、阴道分泌物减少,男性病人表现为性欲减退、阳痿、胡须、阴毛稀少、肌肉减少、脂肪增多,男",Doc_train_0717_0541,train_0717,gold,1.0
Event_7c3d6f0bf910,性甲状腺激素、肾上腺激素分泌减少,性欲减退,男性,"体和神经垂体,如果神经垂体功能低下,会出现尿崩症。性垂体功能低下会引起性甲状腺激素、肾上腺激素分泌减少,而表现出相应的症状。主要表现为皮肤苍白、疲乏无力、纳差、食欲减退、腹胀、便秘、肌肉减少、力量减弱、耐力下降,以及记忆力下降和注意力受损。女性病人主要表现为闭经、乳房萎缩、性欲减退、阴道分泌物减少,男性病人表现为性欲减退、阳痿、胡须、阴毛稀少、肌肉减少、脂肪增多,男女均容",Doc_train_0717_0541,train_0717,gold,1.0
Event_ba315e2479d6,性甲状腺激素、肾上腺激素分泌减少,阳痿,男性,"体和神经垂体,如果神经垂体功能低下,会出现尿崩症。性垂体功能低下会引起性甲状腺激素、肾上腺激素分泌减少,而表现出相应的症状。主要表现为皮肤苍白、疲乏无力、纳差、食欲减退、腹胀、便秘、肌肉减少、力量减弱、耐力下降,以及记忆力下降和注意力受损。女性病人主要表现为闭经、乳房萎缩、性欲减退、阴道分泌物减少,男性病人表现为性欲减退、阳痿、胡须、阴毛稀少、肌肉减少、脂肪增多,男女均容易发生骨质疏松、精神萎靡",Doc_train_0717_0541,train_0717,gold,1.0
Event_b886195d206f,性甲状腺激素、肾上腺激素分泌减少,胡须,男性,"体和神经垂体,如果神经垂体功能低下,会出现尿崩症。性垂体功能低下会引起性甲状腺激素、肾上腺激素分泌减少,而表现出相应的症状。主要表现为皮肤苍白、疲乏无力、纳差、食欲减退、腹胀、便秘、肌肉减少、力量减弱、耐力下降,以及记忆力下降和注意力受损。女性病人主要表现为闭经、乳房萎缩、性欲减退、阴道分泌物减少,男性病人表现为性欲减退、阳痿、胡须、阴毛稀少、肌肉减少、脂肪增多,男女均容易发生骨质疏松、精神萎靡症状。",Doc_train_0717_0541,train_0717,gold,1.0
Event_b7666b882405,性甲状腺激素、肾上腺激素分泌减少,阴毛稀少,男性,"体和神经垂体,如果神经垂体功能低下,会出现尿崩症。性垂体功能低下会引起性甲状腺激素、肾上腺激素分泌减少,而表现出相应的症状。主要表现为皮肤苍白、疲乏无力、纳差、食欲减退、腹胀、便秘、肌肉减少、力量减弱、耐力下降,以及记忆力下降和注意力受损。女性病人主要表现为闭经、乳房萎缩、性欲减退、阴道分泌物减少,男性病人表现为性欲减退、阳痿、胡须、阴毛稀少、肌肉减少、脂肪增多,男女均容易发生骨质疏松、精神萎靡症状。",Doc_train_0717_0541,train_0717,gold,1.0
Event_8aafcf39a22f,性甲状腺激素、肾上腺激素分泌减少,肌肉减少,男性,"体和神经垂体,如果神经垂体功能低下,会出现尿崩症。性垂体功能低下会引起性甲状腺激素、肾上腺激素分泌减少,而表现出相应的症状。主要表现为皮肤苍白、疲乏无力、纳差、食欲减退、腹胀、便秘、肌肉减少、力量减弱、耐力下降,以及记忆力下降和注意力受损。女性病人主要表现为闭经、乳房萎缩、性欲减退、阴道分泌物减少,男性病人表现为性欲减退、阳痿、胡须、阴毛稀少、肌肉减少、脂肪增多,男女均容",Doc_train_0717_0541,train_0717,gold,1.0
Event_bb17c0fb3f32,性甲状腺激素、肾上腺激素分泌减少,脂肪增多,男性,"体和神经垂体,如果神经垂体功能低下,会出现尿崩症。性垂体功能低下会引起性甲状腺激素、肾上腺激素分泌减少,而表现出相应的症状。主要表现为皮肤苍白、疲乏无力、纳差、食欲减退、腹胀、便秘、肌肉减少、力量减弱、耐力下降,以及记忆力下降和注意力受损。女性病人主要表现为闭经、乳房萎缩、性欲减退、阴道分泌物减少,男性病人表现为性欲减退、阳痿、胡须、阴毛稀少、肌肉减少、脂肪增多,男女均容易发生骨质疏松、精神萎靡症状。",Doc_train_0717_0541,train_0717,gold,1.0
Event_2542657f7e30,黏膜下肌瘤,子宫出现不规则的出血,坏死,"层、肌层和黏膜层,按子宫肌瘤与肌壁间的关系分为肌壁间肌瘤、浆膜下肌瘤和黏膜下肌瘤。较大的子宫肌瘤会影响子宫收缩,不利于月经期间止血。除此之外,部分肌瘤可压迫附近的静脉,导致子宫内膜的静脉血管丛充血扩张,从而引发月经量增多和经期延长。黏膜下肌瘤如果伴有坏死、感染时,也可导致子宫出现不规则的出血或者血性脓臭样异常排液。浆膜下肌瘤因突出于子宫表面生长,所以并不影响宫",Doc_train_0717_0546,train_0717,gold,1.0
Event_43a9879d1b5d,黏膜下肌瘤,血性脓臭样异常排液,坏死,"层、肌层和黏膜层,按子宫肌瘤与肌壁间的关系分为肌壁间肌瘤、浆膜下肌瘤和黏膜下肌瘤。较大的子宫肌瘤会影响子宫收缩,不利于月经期间止血。除此之外,部分肌瘤可压迫附近的静脉,导致子宫内膜的静脉血管丛充血扩张,从而引发月经量增多和经期延长。黏膜下肌瘤如果伴有坏死、感染时,也可导致子宫出现不规则的出血或者血性脓臭样异常排液。浆膜下肌瘤因突出于子宫表面生长,所以并不影响宫腔形态及子宫内膜,不会",Doc_train_0717_0546,train_0717,gold,1.0
Event_b5883ada92d9,黏膜下肌瘤,子宫出现不规则的出血,感染,"层、肌层和黏膜层,按子宫肌瘤与肌壁间的关系分为肌壁间肌瘤、浆膜下肌瘤和黏膜下肌瘤。较大的子宫肌瘤会影响子宫收缩,不利于月经期间止血。除此之外,部分肌瘤可压迫附近的静脉,导致子宫内膜的静脉血管丛充血扩张,从而引发月经量增多和经期延长。黏膜下肌瘤如果伴有坏死、感染时,也可导致子宫出现不规则的出血或者血性脓臭样异常排液。浆膜下肌瘤因突出于子宫表面生长,所以并不影响宫",Doc_train_0717_0546,train_0717,gold,1.0
Event_deccfea0b9ef,黏膜下肌瘤,血性脓臭样异常排液,感染,"层、肌层和黏膜层,按子宫肌瘤与肌壁间的关系分为肌壁间肌瘤、浆膜下肌瘤和黏膜下肌瘤。较大的子宫肌瘤会影响子宫收缩,不利于月经期间止血。除此之外,部分肌瘤可压迫附近的静脉,导致子宫内膜的静脉血管丛充血扩张,从而引发月经量增多和经期延长。黏膜下肌瘤如果伴有坏死、感染时,也可导致子宫出现不规则的出血或者血性脓臭样异常排液。浆膜下肌瘤因突出于子宫表面生长,所以并不影响宫腔形态及子宫内膜,不会",Doc_train_0717_0546,train_0717,gold,1.0
Event_45a65cd3cb22,甲亢,甲亢性心脏病,长期不治疗,"跳都在106次/分,在休息时也很快,逐渐就会有危险性,比如会不会是由于甲亢所导致,长期不治疗就会形成甲亢性心脏病。还有一些人可能由于贫血所导致,逐渐不去干预治疗,可能会形成缺血性心肌",Doc_train_0717_0557,train_0717,gold,1.0
Event_99e25fd15020,贫血,缺血性心肌病,不去干预治疗,"会是由于甲亢所导致,长期不治疗就会形成甲亢性心脏病。还有一些人可能由于贫血所导致,逐渐不去干预治疗,可能会形成缺血性心肌病或者贫血性心脏病。所以要根据患者目前的实际情况,查找心跳快的原因,然后",Doc_train_0717_0557,train_0717,gold,1.0
Event_80ba1313f899,贫血,贫血性心脏病,不去干预治疗,"会是由于甲亢所导致,长期不治疗就会形成甲亢性心脏病。还有一些人可能由于贫血所导致,逐渐不去干预治疗,可能会形成缺血性心肌病或者贫血性心脏病。所以要根据患者目前的实际情况,查找心跳快的原因,然后才能去评估有没有",Doc_train_0717_0557,train_0717,gold,1.0
Event_1be433e5746d,淋巴结炎,小儿淋巴结肿大,"淋巴结局部有压痛,同时有发热、感冒的症状","小儿淋巴结肿大,如果孩子淋巴结没有压痛,体温正常,没有其他不适,一般不需要特殊处理;如果淋巴结局部有压痛,同时有发热、感冒的症状,考虑可能是淋巴结炎,需要及时消炎对症治疗。淋巴结具有免疫功能,小孩在发育的过程中,有的天",Doc_train_0717_0563,train_0717,gold,1.0
Event_70104eaef318,"淋巴结就会肿大比较明显,伴有疼痛",淋巴结炎,"病原体太多,超过了淋巴结的抗感染能力","需要特殊处理;如果淋巴结局部有压痛,同时有发热、感冒的症状,考虑可能是淋巴结炎,需要及时消炎对症治疗。淋巴结具有免疫功能,小孩在发育的过程中,有的天生有淋巴结,当受到细菌病毒的入侵时,淋巴结为了抵抗病原体,就会出现增大的情况,如果此时孩子体温正常,淋巴结没有疼痛,考虑是正常的现象,不需要特殊处理,也不需要治疗;如果病原体太多,超过了淋巴结的抗感染能力,淋巴结就会肿大比较明显,伴有疼痛,最终发展成淋巴结炎,出现局部压痛、发热等情况,这个时候就需要及时予以",Doc_train_0717_0563,train_0717,gold,1.0
Event_25d1ed99d23a,"乳糖不耐受,被乳糖酶分解后易产气、产酸",泡沫样大便,六个月以内的小婴儿,"拉泡沫样大便,主要是生理性腹泻引起。病理性腹泻有时也可引起泡沫样大便。生理性腹泻多见于六个月以内的小婴儿,一般是因乳糖不耐受,被乳糖酶分解后易产气、产酸,所以会出现泡沫样大便,但是腹泻次数一般在五次左右。不发热,也没有营养",Doc_train_0717_0565,train_0717,gold,1.0
Event_aa04726d4650,宫颈癌,经期延长,年轻患者,"宫颈癌的出血特点要分宫颈癌早期和宫颈癌晚期。一般宫颈癌早期时常常有接触性出血,即同房以后出血。但是到了中晚期,出血就不一样,会有不规则的出血,多数人都会有阴道排液,液体多为白色或者血性并且有腥臭味。出血的多少主要是根据病灶大小、癌细胞浸润血管的情况不同而有所不同。年轻患者主要表现为经期延长、经量增多、接触性出血;但是对于老年人绝经以后又出现出血,到医院检查才",Doc_train_0717_0571,train_0717,gold,1.0
Event_56200fa04351,宫颈癌,经量增多,年轻患者,"宫颈癌的出血特点要分宫颈癌早期和宫颈癌晚期。一般宫颈癌早期时常常有接触性出血,即同房以后出血。但是到了中晚期,出血就不一样,会有不规则的出血,多数人都会有阴道排液,液体多为白色或者血性并且有腥臭味。出血的多少主要是根据病灶大小、癌细胞浸润血管的情况不同而有所不同。年轻患者主要表现为经期延长、经量增多、接触性出血;但是对于老年人绝经以后又出现出血,到医院检查才能发现。总",Doc_train_0717_0571,train_0717,gold,1.0
Event_54823e9c77da,宫颈癌,接触性出血,年轻患者,"宫颈癌的出血特点要分宫颈癌早期和宫颈癌晚期。一般宫颈癌早期时常常有接触性出血,即同房以后出血。但是到了中晚期,出血就不一样,会有不规则的出血,多数人都会有阴道排液,液体多为白色或者血性并且有腥臭味。出血的多少主要是根据病灶大小、癌细胞浸润血管的情况不同而有所不同。年轻患者主要表现为经期延长、经量增多、接触性出血;但是对于老年人绝经以后又出现",Doc_train_0717_0571,train_0717,gold,1.0
Event_dab6d40f7c71,宫颈癌,绝经以后又出现出血,老年人,"宫颈癌的出血特点要分宫颈癌早期和宫颈癌晚期。一般宫颈癌早期时常常有接触性出血,即同房以后出血。但是到了中晚期,出血就不一样,会有不规则的出血,多数人都会有阴道排液,液体多为白色或者血性并且有腥臭味。出血的多少主要是根据病灶大小、癌细胞浸润血管的情况不同而有所不同。年轻患者主要表现为经期延长、经量增多、接触性出血;但是对于老年人绝经以后又出现出血,到医院检查才能发现。总之宫颈癌是可以预防的,女性朋友们只要坚持做体检",Doc_train_0717_0571,train_0717,gold,1.0
Event_e4cab34848c5,股骨颈的滑膜疝,疼痛会更加明显,负重活动时,"出现股骨颈的滑膜疝,会导致髋关节的疼痛,走路腿瘸,甚至导致髋关节的活动受限。疼痛的部位可以在髋关节的外侧,臀部或者腹股沟区,在负重活动时疼痛会更加明显,在髋关节部位按压的时候,会有疼痛加重的情况,屈伸关节、活动关节时疼痛",Doc_train_0717_0573,train_0717,gold,1.0
Event_908241419466,股骨颈的滑膜疝,疼痛加重,髋关节部位按压的时候,"出现股骨颈的滑膜疝,会导致髋关节的疼痛,走路腿瘸,甚至导致髋关节的活动受限。疼痛的部位可以在髋关节的外侧,臀部或者腹股沟区,在负重活动时疼痛会更加明显,在髋关节部位按压的时候,会有疼痛加重的情况,屈伸关节、活动关节时疼痛会加重,并且屈髋的时候还会有响声,严重",Doc_train_0717_0573,train_0717,gold,1.0
Event_a3e7ee38eb2f,股骨颈的滑膜疝,疼痛会加重,屈伸关节、活动关节时,"出现股骨颈的滑膜疝,会导致髋关节的疼痛,走路腿瘸,甚至导致髋关节的活动受限。疼痛的部位可以在髋关节的外侧,臀部或者腹股沟区,在负重活动时疼痛会更加明显,在髋关节部位按压的时候,会有疼痛加重的情况,屈伸关节、活动关节时疼痛会加重,并且屈髋的时候还会有响声,严重的会出现肢体不等长的情况。髋关节在做""",Doc_train_0717_0573,train_0717,gold,1.0
Event_b490cf357f77,股骨颈的滑膜疝,有响声,屈髋的时候,"出现股骨颈的滑膜疝,会导致髋关节的疼痛,走路腿瘸,甚至导致髋关节的活动受限。疼痛的部位可以在髋关节的外侧,臀部或者腹股沟区,在负重活动时疼痛会更加明显,在髋关节部位按压的时候,会有疼痛加重的情况,屈伸关节、活动关节时疼痛会加重,并且屈髋的时候还会有响声,严重的会出现肢体不等长的情况。髋关节在做""""4""""字试验的时候会疼痛",Doc_train_0717_0573,train_0717,gold,1.0
Event_894177ff89b2,股骨颈的滑膜疝,肢体不等长,屈髋的时候,"出现股骨颈的滑膜疝,会导致髋关节的疼痛,走路腿瘸,甚至导致髋关节的活动受限。疼痛的部位可以在髋关节的外侧,臀部或者腹股沟区,在负重活动时疼痛会更加明显,在髋关节部位按压的时候,会有疼痛加重的情况,屈伸关节、活动关节时疼痛会加重,并且屈髋的时候还会有响声,严重的会出现肢体不等长的情况。髋关节在做""""4""""字试验的时候会疼痛明显的加重。所以,出现股",Doc_train_0717_0573,train_0717,gold,1.0
Event_900253a3a29e,股骨颈的滑膜疝,疼痛明显的加重,"髋关节在做""""4""""字试验的时候","出现股骨颈的滑膜疝,会导致髋关节的疼痛,走路腿瘸,甚至导致髋关节的活动受限。疼痛的部位可以在髋关节的外侧,臀部或者腹股沟区,在负重活动时疼痛会更加明显,在髋关节部位按压的时候,会有疼痛加重的情况,屈伸关节、活动关节时疼痛会加重,并且屈髋的时候还会有响声,严重的会出现肢体不等长的情况。髋关节在做""""4""""字试验的时候会疼痛明显的加重。所以,出现股骨颈滑膜疝,一定要引起足够的重视,及时的去正规医院选择科",Doc_train_0717_0573,train_0717,gold,1.0
Event_e89529b38606,局部的瘙痒,咬指甲,儿童有指甲癣或者局部的发炎,"造成儿童经常咬指甲的原因比较复杂:首先,由于不良习惯引起的,如果儿童平时就有咬指甲的不良习惯,再加上情绪非常紧张或儿童在没有事情可做的情况下,会通过咬指甲缓解自己的心情。这种情况要让儿童及时改变不良习惯,慢慢就能纠正。其次,由于儿童患有微量元素缺乏造成的。如果儿童缺铁或者缺锌,会引起儿童咬指甲,需要及时的补铁、补锌。最后,由于手指非常瘙痒引起的。如果儿童有指甲癣或者局部的发炎,这种情况由于局部的瘙痒引起咬指甲,可以给儿童涂抹林可霉素利多卡因凝胶。",Doc_train_0717_0574,train_0717,gold,1.0
Event_80ae184ac00e,肺淤血,咳嗽,心衰发病时,"心衰发病时的咳嗽、咳痰,一般是由于肺淤血、肺水肿所导致。肺泡和支气管黏膜肿胀、淤血导致的咳嗽、咳痰,主要的止咳",Doc_train_0717_0578,train_0717,gold,1.0
Event_95d16d7c6bff,肺淤血,咳痰,心衰发病时,"心衰发病时的咳嗽、咳痰,一般是由于肺淤血、肺水肿所导致。肺泡和支气管黏膜肿胀、淤血导致的咳嗽、咳痰,主要的止咳",Doc_train_0717_0578,train_0717,gold,1.0
Event_147063d77502,肺水肿,咳嗽,心衰发病时,"心衰发病时的咳嗽、咳痰,一般是由于肺淤血、肺水肿所导致。肺泡和支气管黏膜肿胀、淤血导致的咳嗽、咳痰,主要的止咳方法还是",Doc_train_0717_0578,train_0717,gold,1.0
Event_376e5c438c8a,肺水肿,咳痰,心衰发病时,"心衰发病时的咳嗽、咳痰,一般是由于肺淤血、肺水肿所导致。肺泡和支气管黏膜肿胀、淤血导致的咳嗽、咳痰,主要的止咳方法还是",Doc_train_0717_0578,train_0717,gold,1.0
Event_1131ca55f2a7,咀嚼食物过程中很容易咬伤颊黏膜,创伤性溃疡,长歪或过长的智齿,"要根据其病因选择合适的治疗方案,具体如下:1、有些溃疡是创伤引起,比如长歪或过长的智齿,在咀嚼食物过程中很容易咬伤颊黏膜,形成创伤性溃疡,如果是这个原因,医生会建议拔除智齿,有的牙齿牙尖过于尖锐,会划伤舌缘",Doc_train_0717_0580,train_0717,gold,1.0
Event_ba78d95d57b8,酒精擦浴,皮肤的酒精吸收,小婴儿,"、除此以外,也可以给他用温水擦身或者洗温水浴,现在已经不提倡也是禁止用酒精擦浴了,因为发现酒精擦浴,尤其是小婴儿因而会引起皮肤的酒精吸收,造成酒精中毒,这个对身体健康是有危害的。三、除此以外,要看孩子除了发",Doc_train_0717_0583,train_0717,gold,1.0
Event_3b3e7e3d06f7,体内雌激素和孕激素的水平大幅度升高,"白带的分泌量增加,但是白带的性状不会改变,一般呈白色或者乳白色、黏稠状",怀孕,"在怀孕后,由于体内雌激素和孕激素的水平大幅度升高,可导致白带的分泌量增加,但是白带的性状不会改变,一般呈白色或者乳白色、黏稠状。如果白带出现黄色或者黄绿色、稀薄、凝乳块状,考虑是存在细菌、滴虫,或",Doc_train_0717_0585,train_0717,gold,1.0
Event_260547797492,怀孕,恶心,停经时间的延长,"在怀孕后,由于体内雌激素和孕激素的水平大幅度升高,可导致白带的分泌量增加,但是白带的性状不会改变,一般呈白色或者乳白色、黏稠状。如果白带出现黄色或者黄绿色、稀薄、凝乳块状,考虑是存在细菌、滴虫,或者霉菌感染的可能。怀孕后首要的症状是出现停经,也就是说正常规律的月经没有来,随着停经时间的延长会出现恶心、呕吐,有的女性还出现偶尔小腹部隐隐坠痛的症状,这种情形可以考虑有怀孕",Doc_train_0717_0585,train_0717,gold,1.0
Event_a66a0327c054,怀孕,呕吐,停经时间的延长,"在怀孕后,由于体内雌激素和孕激素的水平大幅度升高,可导致白带的分泌量增加,但是白带的性状不会改变,一般呈白色或者乳白色、黏稠状。如果白带出现黄色或者黄绿色、稀薄、凝乳块状,考虑是存在细菌、滴虫,或者霉菌感染的可能。怀孕后首要的症状是出现停经,也就是说正常规律的月经没有来,随着停经时间的延长会出现恶心、呕吐,有的女性还出现偶尔小腹部隐隐坠痛的症状,这种情形可以考虑有怀孕的可能",Doc_train_0717_0585,train_0717,gold,1.0
Event_4aab08b7ece4,怀孕,偶尔小腹部隐隐坠痛,停经时间的延长,"在怀孕后,由于体内雌激素和孕激素的水平大幅度升高,可导致白带的分泌量增加,但是白带的性状不会改变,一般呈白色或者乳白色、黏稠状。如果白带出现黄色或者黄绿色、稀薄、凝乳块状,考虑是存在细菌、滴虫,或者霉菌感染的可能。怀孕后首要的症状是出现停经,也就是说正常规律的月经没有来,随着停经时间的延长会出现恶心、呕吐,有的女性还出现偶尔小腹部隐隐坠痛的症状,这种情形可以考虑有怀孕的可能,仅仅依靠白带的变化而判断怀孕不准",Doc_train_0717_0585,train_0717,gold,1.0
Event_13022d0e97fc,泌尿系统感染,排尿火热,女性,"女性出现排尿火热的感觉,主要原因是由于泌尿系统感染,一般对于上火的说法,主要是由于免疫系统亢进而导致的。比如近期饮食结构",Doc_train_0717_0588,train_0717,gold,1.0
Event_c6961ab1f1f8,肠套叠,儿童肚脐周围疼痛伴有呕吐,两岁以内的婴幼儿,"儿童肚脐周围疼痛伴有呕吐,有以下几个可能性:如果是两岁以内的婴幼儿,首要考虑的是肠套叠的可能性。因为肠套叠是两岁以内儿童的好发疾病。临床表现是以阵发性腹痛以",Doc_train_0717_0590,train_0717,gold,1.0
Event_c8329af11986,肠痉挛,脐周疼痛伴有呕吐,大于两岁的孩子,"这种情况应该及时到医院,行b超检查,能够准确判断是否伴有肠套叠。如果是大于两岁的孩子出现了这种脐周疼痛伴有呕吐。首要考虑的是肠痉挛或便秘引起的疼痛,可以温热水毛巾热敷来判断,或者是用开塞露纳肛,通便后",Doc_train_0717_0590,train_0717,gold,1.0
Event_10294b4cafff,便秘,脐周疼痛伴有呕吐,大于两岁的孩子,"这种情况应该及时到医院,行b超检查,能够准确判断是否伴有肠套叠。如果是大于两岁的孩子出现了这种脐周疼痛伴有呕吐。首要考虑的是肠痉挛或便秘引起的疼痛,可以温热水毛巾热敷来判断,或者是用开塞露纳肛,通便后判断疼",Doc_train_0717_0590,train_0717,gold,1.0
Event_3b9c85004ecd,阑尾炎,脐周疼痛伴有呕吐,大龄儿童,"行b超检查,能够准确判断是否伴有肠套叠。如果是大于两岁的孩子出现了这种脐周疼痛伴有呕吐。首要考虑的是肠痉挛或便秘引起的疼痛,可以温热水毛巾热敷来判断,或者是用开塞露纳肛,通便后判断疼痛是否消失,进一步明确诊断。如果是大龄儿童脐周疼痛伴有呕吐的,要警惕阑尾炎的可能性。因为急性阑尾炎的首发症状就是以脐周疼痛为主,伴有呕吐或者发热",Doc_train_0717_0590,train_0717,gold,1.0
Event_e21a5d695010,穿刺股静脉的时候有时会误穿股动脉,股动脉压力比较大,穿刺过程中没有及时发现,"分股静脉和股动脉并行,但是有个别人股动脉和股静脉走行会存在异常,所以在穿刺股静脉的时候有时会误穿股动脉,如果穿刺过程中没有及时发现,因为股动脉压力比较大,在不停往外渗血,术后就会形成淤青;2、术中更换导管操作时,有部分病人",Doc_train_0717_0594,train_0717,gold,1.0
Event_bd750a3d7099,盆腔感染,腹痛,盆腔积液,"子宫直肠陷窝积液就是临床常说的盆腔积液。正常人做b超的时候多少都会有少量的积液,尤其在排卵以后或者是来完月经以后,盆腔积液就会比较常见,如果患者没有任何的不舒服,通常不需要治疗。但是盆腔积液也要有一个量度,一般积液在2-3cm之间,不需要治疗;如果盆腔积液还伴随腹痛、盆腔包块、血常规异常、体温升高等,有可能提示盆腔感染、脓肿,或者出血等疾病。因此在临床上判断到盆腔积液,一定要全面分析病人",Doc_train_0717_0605,train_0717,gold,1.0
Event_d7fd3a3e5262,盆腔感染,盆腔包块,盆腔积液,"子宫直肠陷窝积液就是临床常说的盆腔积液。正常人做b超的时候多少都会有少量的积液,尤其在排卵以后或者是来完月经以后,盆腔积液就会比较常见,如果患者没有任何的不舒服,通常不需要治疗。但是盆腔积液也要有一个量度,一般积液在2-3cm之间,不需要治疗;如果盆腔积液还伴随腹痛、盆腔包块、血常规异常、体温升高等,有可能提示盆腔感染、脓肿,或者出血等疾病。因此在临床上判断到盆腔积液,一定要全面分析病人",Doc_train_0717_0605,train_0717,gold,1.0
Event_1179fe6f9a07,盆腔感染,血常规异常,盆腔积液,"子宫直肠陷窝积液就是临床常说的盆腔积液。正常人做b超的时候多少都会有少量的积液,尤其在排卵以后或者是来完月经以后,盆腔积液就会比较常见,如果患者没有任何的不舒服,通常不需要治疗。但是盆腔积液也要有一个量度,一般积液在2-3cm之间,不需要治疗;如果盆腔积液还伴随腹痛、盆腔包块、血常规异常、体温升高等,有可能提示盆腔感染、脓肿,或者出血等疾病。因此在临床上判断到盆腔积液,一定要全面分析病人",Doc_train_0717_0605,train_0717,gold,1.0
Event_79ff658da6fd,盆腔感染,体温升高,盆腔积液,"子宫直肠陷窝积液就是临床常说的盆腔积液。正常人做b超的时候多少都会有少量的积液,尤其在排卵以后或者是来完月经以后,盆腔积液就会比较常见,如果患者没有任何的不舒服,通常不需要治疗。但是盆腔积液也要有一个量度,一般积液在2-3cm之间,不需要治疗;如果盆腔积液还伴随腹痛、盆腔包块、血常规异常、体温升高等,有可能提示盆腔感染、脓肿,或者出血等疾病。因此在临床上判断到盆腔积液,一定要全面分析病人",Doc_train_0717_0605,train_0717,gold,1.0
Event_9190a02b2738,脓肿,腹痛,盆腔积液,"子宫直肠陷窝积液就是临床常说的盆腔积液。正常人做b超的时候多少都会有少量的积液,尤其在排卵以后或者是来完月经以后,盆腔积液就会比较常见,如果患者没有任何的不舒服,通常不需要治疗。但是盆腔积液也要有一个量度,一般积液在2-3cm之间,不需要治疗;如果盆腔积液还伴随腹痛、盆腔包块、血常规异常、体温升高等,有可能提示盆腔感染、脓肿,或者出血等疾病。因此在临床上判断到盆腔积液,一定要全面分析病人的病史",Doc_train_0717_0605,train_0717,gold,1.0
Event_ad2b44e45df2,脓肿,盆腔包块,盆腔积液,"子宫直肠陷窝积液就是临床常说的盆腔积液。正常人做b超的时候多少都会有少量的积液,尤其在排卵以后或者是来完月经以后,盆腔积液就会比较常见,如果患者没有任何的不舒服,通常不需要治疗。但是盆腔积液也要有一个量度,一般积液在2-3cm之间,不需要治疗;如果盆腔积液还伴随腹痛、盆腔包块、血常规异常、体温升高等,有可能提示盆腔感染、脓肿,或者出血等疾病。因此在临床上判断到盆腔积液,一定要全面分析病人的病史",Doc_train_0717_0605,train_0717,gold,1.0
Event_067bf5415f8d,脓肿,血常规异常,盆腔积液,"子宫直肠陷窝积液就是临床常说的盆腔积液。正常人做b超的时候多少都会有少量的积液,尤其在排卵以后或者是来完月经以后,盆腔积液就会比较常见,如果患者没有任何的不舒服,通常不需要治疗。但是盆腔积液也要有一个量度,一般积液在2-3cm之间,不需要治疗;如果盆腔积液还伴随腹痛、盆腔包块、血常规异常、体温升高等,有可能提示盆腔感染、脓肿,或者出血等疾病。因此在临床上判断到盆腔积液,一定要全面分析病人的病史",Doc_train_0717_0605,train_0717,gold,1.0
Event_a5c3e5f0d3f9,脓肿,体温升高,盆腔积液,"子宫直肠陷窝积液就是临床常说的盆腔积液。正常人做b超的时候多少都会有少量的积液,尤其在排卵以后或者是来完月经以后,盆腔积液就会比较常见,如果患者没有任何的不舒服,通常不需要治疗。但是盆腔积液也要有一个量度,一般积液在2-3cm之间,不需要治疗;如果盆腔积液还伴随腹痛、盆腔包块、血常规异常、体温升高等,有可能提示盆腔感染、脓肿,或者出血等疾病。因此在临床上判断到盆腔积液,一定要全面分析病人的病史",Doc_train_0717_0605,train_0717,gold,1.0
Event_31e8993d6819,出血,腹痛,盆腔积液,"子宫直肠陷窝积液就是临床常说的盆腔积液。正常人做b超的时候多少都会有少量的积液,尤其在排卵以后或者是来完月经以后,盆腔积液就会比较常见,如果患者没有任何的不舒服,通常不需要治疗。但是盆腔积液也要有一个量度,一般积液在2-3cm之间,不需要治疗;如果盆腔积液还伴随腹痛、盆腔包块、血常规异常、体温升高等,有可能提示盆腔感染、脓肿,或者出血等疾病。因此在临床上判断到盆腔积液,一定要全面分析病人的病史、体征以及",Doc_train_0717_0605,train_0717,gold,1.0
Event_dd12b55d3727,出血,盆腔包块,盆腔积液,"子宫直肠陷窝积液就是临床常说的盆腔积液。正常人做b超的时候多少都会有少量的积液,尤其在排卵以后或者是来完月经以后,盆腔积液就会比较常见,如果患者没有任何的不舒服,通常不需要治疗。但是盆腔积液也要有一个量度,一般积液在2-3cm之间,不需要治疗;如果盆腔积液还伴随腹痛、盆腔包块、血常规异常、体温升高等,有可能提示盆腔感染、脓肿,或者出血等疾病。因此在临床上判断到盆腔积液,一定要全面分析病人的病史、体征以及",Doc_train_0717_0605,train_0717,gold,1.0
Event_541ec77f0b12,出血,体温升高,盆腔积液,"子宫直肠陷窝积液就是临床常说的盆腔积液。正常人做b超的时候多少都会有少量的积液,尤其在排卵以后或者是来完月经以后,盆腔积液就会比较常见,如果患者没有任何的不舒服,通常不需要治疗。但是盆腔积液也要有一个量度,一般积液在2-3cm之间,不需要治疗;如果盆腔积液还伴随腹痛、盆腔包块、血常规异常、体温升高等,有可能提示盆腔感染、脓肿,或者出血等疾病。因此在临床上判断到盆腔积液,一定要全面分析病人的病史、体征以及",Doc_train_0717_0605,train_0717,gold,1.0
Event_92456f20da9b,出血,血常规异常,盆腔积液,"子宫直肠陷窝积液就是临床常说的盆腔积液。正常人做b超的时候多少都会有少量的积液,尤其在排卵以后或者是来完月经以后,盆腔积液就会比较常见,如果患者没有任何的不舒服,通常不需要治疗。但是盆腔积液也要有一个量度,一般积液在2-3cm之间,不需要治疗;如果盆腔积液还伴随腹痛、盆腔包块、血常规异常、体温升高等,有可能提示盆腔感染、脓肿,或者出血等疾病。因此在临床上判断到盆腔积液,一定要全面分析病人的病史、体征以及",Doc_train_0717_0605,train_0717,gold,1.0
Event_0de55e17eaa8,榴莲,肠胃功能负担加重,腹胀患者食用后,"胃胀患者不建议食用以下类型水果:1、榴莲,因为榴莲属于高蛋白质、高糖分的水果,腹胀患者食用后,不仅会导致肠胃功能负担加重,容易引起功能性消化不良的情况,甚至会造成腹部胀痛、恶心、呕吐、排便不",Doc_train_0717_0609,train_0717,gold,1.0
Event_2cb68948bf49,西瓜,加重腹部闷胀,腹胀患者食用后,"不建议食用以下类型水果:1、榴莲,因为榴莲属于高蛋白质、高糖分的水果,腹胀患者食用后,不仅会导致肠胃功能负担加重,容易引起功能性消化不良的情况,甚至会造成腹部胀痛、恶心、呕吐、排便不畅等不良症状反应。2、西瓜,西瓜当中含有大量糖分以及水分,腹胀患者食用后会加重腹部闷胀的症状程度。西瓜属于寒凉性水果,肠胃功能欠佳者过量食用后,容易引起腹泻",Doc_train_0717_0609,train_0717,gold,1.0
Event_265644ec987e,西瓜,腹泻水样便,肠胃功能欠佳者,"良的情况,甚至会造成腹部胀痛、恶心、呕吐、排便不畅等不良症状反应。2、西瓜,西瓜当中含有大量糖分以及水分,腹胀患者食用后会加重腹部闷胀的症状程度。西瓜属于寒凉性水果,肠胃功能欠佳者过量食用后,容易引起腹泻水样便的情况发生。3、菠萝,菠萝是一种酸性物质含量较高的易过敏性水果。其容易",Doc_train_0717_0609,train_0717,gold,1.0
Event_80c92a4034f7,膝盖韧带拉伤,慢性损伤,治疗不及时或方法不当,"膝盖韧带拉伤多数是由于剧烈运动所导致,通常需要静养,前期应避免活动,并配合相应的辅助治疗。在急性期,膝盖韧带拉伤常伴随局部肿胀、关节活动受限,若治疗不及时或方法不当,可能转变成慢性损伤。在此阶段,患者需使用保护性支具固定损伤部位,持续时间一般是4-6周,",Doc_train_0717_0610,train_0717,gold,1.0
Event_232fd532ac25,局部肿胀,慢性损伤,治疗不及时或方法不当,"养,前期应避免活动,并配合相应的辅助治疗。在急性期,膝盖韧带拉伤常伴随局部肿胀、关节活动受限,若治疗不及时或方法不当,可能转变成慢性损伤。在此阶段,患者需使用保护性支具固定损伤部位,持续时间一般是4-6周,",Doc_train_0717_0610,train_0717,gold,1.0
Event_44ac7000e001,关节活动受限,慢性损伤,治疗不及时或方法不当,"避免活动,并配合相应的辅助治疗。在急性期,膝盖韧带拉伤常伴随局部肿胀、关节活动受限,若治疗不及时或方法不当,可能转变成慢性损伤。在此阶段,患者需使用保护性支具固定损伤部位,持续时间一般是4-6周,",Doc_train_0717_0610,train_0717,gold,1.0
Event_ae0b1e04089d,神经根型颈椎病,疼痛症状加重,颈部过伸,"颈椎病的典型症状有以下几类:第一、神经根型颈椎病典型症状有颈部疼痛伴上肢放射性疼痛、感觉异常、肌力改变、反射改变,咳嗽、颈部过伸或打喷嚏可以使疼痛症状加重,手指不灵活,精细动作完成困难;第二、脊髓型颈椎病典型症状为单侧或双侧",Doc_train_0717_0611,train_0717,gold,1.0
Event_aa041dfb1ddb,神经根型颈椎病,疼痛症状加重,打喷嚏,"颈椎病的典型症状有以下几类:第一、神经根型颈椎病典型症状有颈部疼痛伴上肢放射性疼痛、感觉异常、肌力改变、反射改变,咳嗽、颈部过伸或打喷嚏可以使疼痛症状加重,手指不灵活,精细动作完成困难;第二、脊髓型颈椎病典型症状为单侧或双侧",Doc_train_0717_0611,train_0717,gold,1.0
Event_d08e31c4e94c,神经根型颈椎病,疼痛症状加重,咳嗽,"颈椎病的典型症状有以下几类:第一、神经根型颈椎病典型症状有颈部疼痛伴上肢放射性疼痛、感觉异常、肌力改变、反射改变,咳嗽、颈部过伸或打喷嚏可以使疼痛症状加重,手指不灵活,精细动作完成困难;第二、脊髓型颈椎病典型症状为单侧或双侧",Doc_train_0717_0611,train_0717,gold,1.0
Event_59ef58aaf47c,没有涂润肤东西,裂口,泡脚后擦干,"又在比较承重的地方,每天都要走路,因为皮肤很厚、很干,又承受压力,容易裂口。如果泡脚后擦干,没有涂润肤东西,很容易裂口,建议洗澡水不要太热,洗脚水不要太烫,每次洗完脚之后都在脚",Doc_train_0717_0615,train_0717,gold,1.0
Event_a78216b21f20,皮脂腺的囊肿,压痛,发炎,"耳垂长疙瘩,这种情况主要见于两个方面,如下:第一、皮脂腺的囊肿,在皮肤里面小的时候摸着非常光滑、活动,当有发炎的时候可以有压痛,如果发炎比较重可以红肿,甚至形成脓肿。第二、瘢痕疙瘩,经常会是打耳洞",Doc_train_0717_0621,train_0717,gold,1.0
Event_6bfa176424da,皮脂腺的囊肿,红肿,发炎比较重,"耳垂长疙瘩,这种情况主要见于两个方面,如下:第一、皮脂腺的囊肿,在皮肤里面小的时候摸着非常光滑、活动,当有发炎的时候可以有压痛,如果发炎比较重可以红肿,甚至形成脓肿。第二、瘢痕疙瘩,经常会是打耳洞以后形成瘢痕,小的时候可",Doc_train_0717_0621,train_0717,gold,1.0
Event_b8be3d75a3c0,皮脂腺的囊肿,脓肿,发炎比较重,"耳垂长疙瘩,这种情况主要见于两个方面,如下:第一、皮脂腺的囊肿,在皮肤里面小的时候摸着非常光滑、活动,当有发炎的时候可以有压痛,如果发炎比较重可以红肿,甚至形成脓肿。第二、瘢痕疙瘩,经常会是打耳洞以后形成瘢痕,小的时候可以长在耳垂后面",Doc_train_0717_0621,train_0717,gold,1.0
Event_fe93d1f43199,更年期,容易出汗,长期有慢性病或者是亚健康人群,"处于更年期的人群,通常情绪波动比较大,容易激动,毛孔容易受到刺激,汗腺容易分泌汗液,如果长期有慢性病或者是亚健康人群,就更容易出汗了。更年期的人群通常免疫力低,气血失调,内分泌紊乱,微量元素匮乏,中医",Doc_train_0717_0622,train_0717,gold,1.0
Event_f507204b6283,新冠肺炎,咳黄痰,合并了细菌感染,"新冠肺炎导致的咳嗽,患者不一定会一直咳。轻度的新冠肺炎可表现为轻度干咳,而重症的新冠肺炎可以出现比较严重的干咳,有时会出现咳少许的白痰。如果合并了细菌感染,可以出现咳黄痰的症状。如果患者出现轻度咳嗽,无需用止咳的药物,可适当吃有润肺止咳作用",Doc_train_0717_0623,train_0717,gold,1.0
Event_23322f719099,心肌的受损,心口的疼痛,感冒但是并不咳嗽,"感冒但是并不咳嗽,只出现心口的疼痛,临床上需要考虑相对比较严重的并发症。最常见的并发症就是要考虑心肌的受损,甚至出现病毒性心肌炎。感冒最常见的就是由于病毒感染所引起的急性上呼吸",Doc_train_0717_0629,train_0717,gold,1.0
Event_3183162f0d3a,病毒性心肌炎,心口的疼痛,感冒但是并不咳嗽,"感冒但是并不咳嗽,只出现心口的疼痛,临床上需要考虑相对比较严重的并发症。最常见的并发症就是要考虑心肌的受损,甚至出现病毒性心肌炎。感冒最常见的就是由于病毒感染所引起的急性上呼吸道黏膜炎症反应,炎症反",Doc_train_0717_0629,train_0717,gold,1.0
Event_9876b7c2a88c,急性上呼吸道黏膜炎症反应,累及心脏,炎症反应如果比较强烈,"心肌的受损,甚至出现病毒性心肌炎。感冒最常见的就是由于病毒感染所引起的急性上呼吸道黏膜炎症反应,炎症反应如果比较强烈会累及心脏,使心肌受到分泌物的炎性因子的影响,中毒而导致心肌细胞受损,甚至引起心",Doc_train_0717_0629,train_0717,gold,1.0
Event_c489098121a1,手足口病,重症,三岁以下的小儿在发病后三日内如果出现高热不退、精神萎靡、呼吸浅表、心率加快、末梢循环不好、高血糖、外周白细胞计数增高或者明显降低,"ev71灭活疫苗是预防手足口病的疫苗,我国自行研制ev71灭活疫苗已经上市,可用于六个月龄到五岁的儿童,接种两剂,间隔28天肌肉注射,可以预防手足口病的发生,口病是由肠道病毒引起的急性传染病,主要由柯萨奇病毒和肠道病毒71型,也就是eb71型和埃可病毒引起的,是一种传染病,传染性很强,容易造成临床病人有严重的并发症,病情进展也很快,可以造成多脏器的损害,有时候可以得脑膜炎、脑水肿、肺出血、循环衰竭和导致死亡。三岁以下的小儿在发病后三日内如果出现高热不退、精神萎靡、呼吸浅表、心率加快、末梢循环不好、高血糖、外周白细胞计数增高或者明显降低,提示重症患儿,应该及时采取治疗措施。普通的患儿经过充分的休息和增加营养,补充水",Doc_train_0717_0633,train_0717,gold,1.0
Event_99180ecf52dc,肿瘤出血,明显的恶心,胃癌晚期,"胃癌晚期的患者,如果出现明显的恶心、呕吐,呕吐咖啡样物质,也就是黑色的液体,考虑是肿瘤出血所导致,尤其是胃酸和血红蛋白相互作用之后,就会表现为咖啡样或者黑色的改",Doc_train_0717_0639,train_0717,gold,1.0
Event_5487475abd88,肿瘤出血,"呕吐,呕吐咖啡样物质,也就是黑色的液体",胃癌晚期,"胃癌晚期的患者,如果出现明显的恶心、呕吐,呕吐咖啡样物质,也就是黑色的液体,考虑是肿瘤出血所导致,尤其是胃酸和血红蛋白相互作用之后,就会表现为咖啡样或者黑色的改",Doc_train_0717_0639,train_0717,gold,1.0
Event_210dc2723d8f,患处,"会分泌胶原蛋白,对受损组织进行修复","进行有效治疗后,逐步痊愈的过程中","。机体的一些组织、器官受到病毒细菌,有害微生物感染,或者创伤性损伤后,患处受到炎症刺激、出现损伤,在进行有效治疗后,逐步痊愈的过程中会分泌胶原蛋白,对受损组织进行修复,从而会出现增殖灶。增殖灶的原理与人体皮肤受外伤痊预后,瘢痕组织的形成",Doc_train_0717_0648,train_0717,gold,1.0
Event_422551bd0e94,龋齿,牙髓炎,不尽早修补,"情况下补牙的费用也就在二三百元左右。如果已经确定有了虫牙,也就是出现了龋齿,一定要尽早补牙,因为如果不尽早修补,龋齿会进一步发展,逐渐会形成牙髓炎,牙髓炎进一步发展则有可能会形成根尖周炎,颌骨骨髓炎,周围间隙感染等1",Doc_train_0717_0649,train_0717,gold,1.0
Event_ddc7e51e806e,脑血管痉挛,前额部缺血,年轻人,"症状,按发烧对症处理即可;2、少部分人主要是双侧的额颞部闷胀痛,如果是年轻人,可能就是脑血管痉挛所引起的前额部缺血。因为血管持续痉挛可导致脑部血液供应相对不足,从而引起头痛。如果是血管",Doc_train_0717_0650,train_0717,gold,1.0
Event_09fc31441afb,青光眼,前额部眼眶周围的疼痛,瞳孔散大,"做核磁可以看到有明显鼻窦炎,如果出现这些症状一定要及时到医院就诊。4、青光眼也可引起前额疼痛,青光眼的疼痛一般都比较剧烈,有少部分人伴有视物不清,要及时到医院检查,要看瞳孔有没有散大。如果瞳孔散大,伴有前额部眼眶周围的疼痛,一定要想到青光眼;5、最常见的还有紧张性头痛,有时也会出现前额部闷胀",Doc_train_0717_0650,train_0717,gold,1.0
Event_8411bb96c082,脑动脉硬化,总是头晕,老年患者,"头晕的原因比较多,如果患者最近老是感觉头晕,一定要引起重视。如果是老年患者,出现总是头晕的症状,可能与脑动脉硬化或者脑血管狭窄,血液处于高脂、高黏的状态或者血压升高有一定的关系。如果",Doc_train_0717_0656,train_0717,gold,1.0
Event_8bf699dd64b5,脑血管狭窄,总是头晕,老年患者,"头晕的原因比较多,如果患者最近老是感觉头晕,一定要引起重视。如果是老年患者,出现总是头晕的症状,可能与脑动脉硬化或者脑血管狭窄,血液处于高脂、高黏的状态或者血压升高有一定的关系。如果是年轻人,总是",Doc_train_0717_0656,train_0717,gold,1.0
Event_068582abdbd6,血液处于高脂、高黏的状态,总是头晕,老年患者,"头晕的原因比较多,如果患者最近老是感觉头晕,一定要引起重视。如果是老年患者,出现总是头晕的症状,可能与脑动脉硬化或者脑血管狭窄,血液处于高脂、高黏的状态或者血压升高有一定的关系。如果是年轻人,总是出现头晕的现象,要考虑患者",Doc_train_0717_0656,train_0717,gold,1.0
Event_bdfc341f45f3,血压升高,总是头晕,老年患者,"头晕的原因比较多,如果患者最近老是感觉头晕,一定要引起重视。如果是老年患者,出现总是头晕的症状,可能与脑动脉硬化或者脑血管狭窄,血液处于高脂、高黏的状态或者血压升高有一定的关系。如果是年轻人,总是出现头晕的现象,要考虑患者是否有不良的",Doc_train_0717_0656,train_0717,gold,1.0
Event_fc97661da781,不良的生活方式,总是出现头晕,年轻人,"者脑血管狭窄,血液处于高脂、高黏的状态或者血压升高有一定的关系。如果是年轻人,总是出现头晕的现象,要考虑患者是否有不良的生活方式,比如患者经常熬夜,大脑处于疲劳的状态,属于脑神经功能紊乱的一种表现,",Doc_train_0717_0656,train_0717,gold,1.0
Event_b990770f8b96,排便时有可能会导致吻合口撕脱,术后大出血,吻合器痔上黏膜环切术,"内扎术,这种最传统的手术方式,术后通常需要休息20天左右。如果选择的是吻合器痔上黏膜环切术,这种微创手术方式,术后建议休息1个月。因为这种手术方式虽然是微创,但微创同时伴随着高风险,也就是术后大出血的风险。术后半个月左右,属于高风险的时段,因为排便时有可能会导致吻合口撕脱,而造成术后大出血。所以不管哪种手术方式,如果能够保证术后休息1个月是",Doc_train_0717_0658,train_0717,gold,1.0
Event_8d772b950c8f,下肢广泛性的血栓形成,静脉淤血,下肢高度肿胀,"流受阻、组织水肿、皮肤紧张,就会导致皮肤颜色苍白,我们称之为股白肿,当下肢广泛性的血栓形成,就会出现在下肢高度肿胀的基础上,由于静脉淤血,皮肤会呈现紫绀、青紫色,下肢疼痛就会非常剧烈,我们称之为股青肿,这是",Doc_train_0717_0660,train_0717,gold,1.0
Event_6f9f6da83b69,妊娠相关的疾病或症状,女性在备孕期间出现小肚子痛,月经延期,"女性在备孕期间出现小肚子痛像月经来临:一、可能是女性食用寒凉以及油腻性过多的食物,导致胃肠道的不适应出现疼痛;二、也可能是女性患有子宫内膜炎、盆腔炎症或者卵巢囊肿扭转、破裂等情况,也会发生小肚子疼痛;三、如果出现月经延期,有可能是妊娠相关的疾病或症状,如先兆先兆流产、宫外孕;四、有可能是发生阑尾炎等相关疾病导致。当女性",Doc_train_0717_0663,train_0717,gold,1.0
Event_eb3e910ff398,智齿的周围逐渐形成囊肿的形态,右下颌骨囊肿,久而久之,"对较小的颌骨并不能容纳所有牙齿的萌出,而右下颌的智齿又想萌出,它就会在智齿的周围逐渐形成囊肿的形态,久而久之就形成右下颌骨囊肿。针对右下颌骨囊肿,最好的治疗办法是进行手术治疗,因为如果不进行手术,",Doc_train_0717_0664,train_0717,gold,1.0
Event_a094ebfa468f,右下颌骨囊肿,囊肿只会越来越大,不进行手术,"颌的智齿又想萌出,它就会在智齿的周围逐渐形成囊肿的形态,久而久之就形成右下颌骨囊肿。针对右下颌骨囊肿,最好的治疗办法是进行手术治疗,因为如果不进行手术,囊肿只会越来越大,最后可能会造成病理性骨折,而早期手术相对来说右下颌骨质恢复的时间还会",Doc_train_0717_0664,train_0717,gold,1.0
Event_12b345c7a863,心脏神经官能症,心慌,喝刺激性的饮品,"现心跳加快,说明患者自身对咖啡因比较敏感。还有一类人群,比如本身就存在心脏神经官能症、植物神经功能调节紊乱,这类人群如果喝刺激性的饮品,就容易出现心慌、心悸的症状。建议此类患者平日里不要饮浓茶、喝咖啡、饮酒、喝可乐,因为",Doc_train_0717_0668,train_0717,gold,1.0
Event_7ed13d7d75ab,植物神经功能调节紊乱,心慌,喝刺激性的饮品,"患者自身对咖啡因比较敏感。还有一类人群,比如本身就存在心脏神经官能症、植物神经功能调节紊乱,这类人群如果喝刺激性的饮品,就容易出现心慌、心悸的症状。建议此类患者平日里不要饮浓茶、喝咖啡、饮酒、喝可乐,因为",Doc_train_0717_0668,train_0717,gold,1.0
Event_9cbdace1dad9,心脏神经官能症,心悸,喝刺激性的饮品,"现心跳加快,说明患者自身对咖啡因比较敏感。还有一类人群,比如本身就存在心脏神经官能症、植物神经功能调节紊乱,这类人群如果喝刺激性的饮品,就容易出现心慌、心悸的症状。建议此类患者平日里不要饮浓茶、喝咖啡、饮酒、喝可乐,因为以上刺",Doc_train_0717_0668,train_0717,gold,1.0
Event_475708990b2e,植物神经功能调节紊乱,心悸,喝刺激性的饮品,"患者自身对咖啡因比较敏感。还有一类人群,比如本身就存在心脏神经官能症、植物神经功能调节紊乱,这类人群如果喝刺激性的饮品,就容易出现心慌、心悸的症状。建议此类患者平日里不要饮浓茶、喝咖啡、饮酒、喝可乐,因为以上刺",Doc_train_0717_0668,train_0717,gold,1.0
Event_67ae33035d81,喝完咖啡,心跳加快,冠心病,"如果患者喝咖啡容易出现心跳加快,说明患者自身对咖啡因比较敏感。还有一类人群,比如本身就存在心脏神经官能症、植物神经功能调节紊乱,这类人群如果喝刺激性的饮品,就容易出现心慌、心悸的症状。建议此类患者平日里不要饮浓茶、喝咖啡、饮酒、喝可乐,因为以上刺激性的饮品,都有可能会引发患者出现心跳加速的情况。还有患者可能本身就存在冠心病、心绞痛的问题,在喝完咖啡以后,相应的容易出现心跳加快的情况。建议患者在必要的时候,可以结合口服",Doc_train_0717_0668,train_0717,gold,1.0
Event_2bc5e57eb5df,喝完咖啡,心跳加快,心绞痛,"如果患者喝咖啡容易出现心跳加快,说明患者自身对咖啡因比较敏感。还有一类人群,比如本身就存在心脏神经官能症、植物神经功能调节紊乱,这类人群如果喝刺激性的饮品,就容易出现心慌、心悸的症状。建议此类患者平日里不要饮浓茶、喝咖啡、饮酒、喝可乐,因为以上刺激性的饮品,都有可能会引发患者出现心跳加速的情况。还有患者可能本身就存在冠心病、心绞痛的问题,在喝完咖啡以后,相应的容易出现心跳加快的情况。建议患者在必要的时候,可以结合口服",Doc_train_0717_0668,train_0717,gold,1.0
Event_5b942cc35389,起立的时候就会引起这些部位的牵拉,明显的疼痛感,肌肉以及周围的软组织出现紧张状态,"久之后会导致病灶的位置出现血液循环减慢,并且通常会有受凉的情况,会导致肌肉以及周围的软组织出现紧张状态,所以在起立的时候就会引起这些部位的牵拉,出现明显的疼痛感。出现这种情况之后应当采取卧床休息,口服盐酸乙哌立松片缓解局部肌肉的紧",Doc_train_0717_0673,train_0717,gold,1.0
Event_4a893bdbd48e,探头会对宫颈产生少量的压力,胚胎着床就会不稳固,在早期妊娠的时候已经有先兆流产的征兆,"b超的时候超声探头要放到宫颈处,通过探头的移动观察子宫腔及附件的情况,探头会对宫颈产生少量的压力,如果患者在早期妊娠的时候已经有先兆流产的征兆,胚胎着床就会不稳固从而会使子宫肌肉发生不节律的收缩,会导致流产的发生。做憋尿的盆腔b超时",Doc_train_0717_0674,train_0717,gold,1.0
Event_972a83652b21,"小孩局部会有分泌物,没脱落时家长不敢擦",感染,长期潮湿,"必再理会,脱落以后有点出血是正常现象,家长给他局部用酒精消毒即可。有的小孩局部会有分泌物,没脱落时家长不敢擦,长期潮湿容易感染,擦时要彻底,提起脐带,将脐周认真清理,脐带会正常脱落。如果不敢擦,可",Doc_train_0717_0675,train_0717,gold,1.0
Event_9cdac209a072,心绞痛,胸疼,心脏供血相对不足,"心口疼是通常说法,医学上把这类患者归为胸疼。胸疼原因相对比较复杂:1、常见的要考虑心脏本身的原因,这里面最多的是考虑心绞痛,就是心脏供血相对不足,活动量达到一定程度时表现出来的;2、目前发现比较多的有主动脉夹层。动",Doc_train_0717_0687,train_0717,gold,1.0
Event_0bae13efb6c1,心绞痛,胸疼,活动量达到一定程度,"心口疼是通常说法,医学上把这类患者归为胸疼。胸疼原因相对比较复杂:1、常见的要考虑心脏本身的原因,这里面最多的是考虑心绞痛,就是心脏供血相对不足,活动量达到一定程度时表现出来的;2、目前发现比较多的有主动脉夹层。动脉一般分三层,内膜、",Doc_train_0717_0687,train_0717,gold,1.0
Event_a137e1334ce7,眼药水流到喉咙里,咽部的刺激感觉,慢性咽炎的患者,"对黏膜造成伤害,所以滴眼药水时不用担心眼药水会流进喉咙里。另外,如果有慢性咽炎的患者,如果眼药水流到喉咙里,会出现咽部的刺激感觉。这时可以尽快漱口,漱口以后把药水漱出来,也不会对咽喉部造成不适的感觉",Doc_train_0717_0694,train_0717,gold,1.0
Event_5529b74cb45b,缺血,极容易发生猝死,有肺部疾病作为基础,"人的呼吸功频率减慢。很多人有呼吸暂停综合征和打呼噜等情况,常常可以导致缺血,再加上有肺部疾病作为基础,极容易发生猝死的现象。在半夜里也会出现脑卒中后猝死,主要是脑出血所致。由于在半夜里面",Doc_train_0717_0695,train_0717,gold,1.0
Event_199f18eda377,泌尿道感染,尿道突然刺痛,有红细胞、白细胞,"尿道突然刺痛建议多喝水,可以化验尿常规,看看尿中是否有红细胞、白细胞。如果有红细胞、白细胞,这就可能是泌尿道感染,建议吃消炎药可以有效的缓解,消炎药推荐左氧氟沙星0.2g,每天2次口",Doc_train_0717_0699,train_0717,gold,1.0
Event_b4007a0be302,结石排入尿道,尿道突然刺痛,"尿中就是有红细胞,没有白细胞","尿道突然刺痛建议多喝水,可以化验尿常规,看看尿中是否有红细胞、白细胞。如果有红细胞、白细胞,这就可能是泌尿道感染,建议吃消炎药可以有效的缓解,消炎药推荐左氧氟沙星0.2g,每天2次口服,口服3-5天。如果尿中就是有红细胞,没有白细胞,这可能就是结石排入尿道,对于这种情况,大量喝水,不停的排尿,可以有效的将结石排出尿道,结石排",Doc_train_0717_0699,train_0717,gold,1.0
Event_826715630c9f,皮肤松弛,大眼袋,老年人,"眼睛的美容方法有很多,下面简单介绍几项,按照年龄的不同总结一下:1、老年人,由于老年人大多是由于皮肤松弛导致大眼袋、眼角皱纹,所以大多是通过手术方式去解决,比如祛眼袋、皮肤松弛矫正和切",Doc_train_0717_0702,train_0717,gold,1.0
Event_fd79fbfe1e4f,皮肤松弛,眼角皱纹,老年人,"眼睛的美容方法有很多,下面简单介绍几项,按照年龄的不同总结一下:1、老年人,由于老年人大多是由于皮肤松弛导致大眼袋、眼角皱纹,所以大多是通过手术方式去解决,比如祛眼袋、皮肤松弛矫正和切提眉。2、",Doc_train_0717_0702,train_0717,gold,1.0
Event_e7c0ee67370d,脚垫,黄白色的,多汗、浸渍以后,"部,也容易导致鸡眼。刚长出来的鸡眼就是局部角质层增厚,是一片蜡黄色,像脚垫样的改变,但不是脚垫,脚垫是一片斑片黄白色的、腊黄色的,而鸡眼是一小片圆锥状的角质栓,按压的时候会有疼痛,是鸡眼的早期表现。脚垫面积更大在附着力的地方,像脚趾、足跟是大片的斑片,黄白色的蜡黄色的,如果多汗、浸渍以后可以是黄白色的,用力按压可能也有疼痛,但疼痛的程度远比鸡眼要轻,鸡眼只",Doc_train_0717_0703,train_0717,gold,1.0
Event_b5f33a13046a,鸡眼,"明显的疼痛,而且面积相对来说比较小",受力,"鸡眼是物理性皮肤病,是由于长期的压力或摩擦导致的皮肤局部角质层增厚,好发部位往往是在受压和摩擦的部位,例如足底、足掌和指缝,就是解剖关系非常紧密的三和四趾之间的摩擦部位,鞋不合适,挤压脚部,也容易导致鸡眼。刚长出来的鸡眼就是局部角质层增厚,是一片蜡黄色,像脚垫样的改变,但不是脚垫,脚垫是一片斑片黄白色的、腊黄色的,而鸡眼是一小片圆锥状的角质栓,按压的时候会有疼痛,是鸡眼的早期表现。脚垫面积更大在附着力的地方,像脚趾、足跟是大片的斑片,黄白色的蜡黄色的,如果多汗、浸渍以后可以是黄白色的,用力按压可能也有疼痛,但疼痛的程度远比鸡眼要轻,鸡眼只要受力就会有明显的疼痛,而且面积相对来说比较小。",Doc_train_0717_0703,train_0717,gold,1.0
Event_021769c51293,感冒,头痛,病毒性感染,"感冒即上呼吸道感染,其中感染的病原体种类不尽相同,多数感冒由病毒感染引起,也可能同时合并细菌感染。不同的病原体感染要选用不同的针对性药物才能尽快控制感冒。若感冒后表现为头痛、肌肉酸痛、少咳、无痰,可能是病毒性感染,可行胸片及血常规辅助诊断,并可使用奥司他韦等抗病毒药物,同时联合解热",Doc_train_0717_0704,train_0717,gold,1.0
Event_4b7be7cece78,感冒,肌肉酸痛,病毒性感染,"感冒即上呼吸道感染,其中感染的病原体种类不尽相同,多数感冒由病毒感染引起,也可能同时合并细菌感染。不同的病原体感染要选用不同的针对性药物才能尽快控制感冒。若感冒后表现为头痛、肌肉酸痛、少咳、无痰,可能是病毒性感染,可行胸片及血常规辅助诊断,并可使用奥司他韦等抗病毒药物,同时联合解热",Doc_train_0717_0704,train_0717,gold,1.0
Event_43b3a2c01ee7,感冒,少咳,病毒性感染,"感冒即上呼吸道感染,其中感染的病原体种类不尽相同,多数感冒由病毒感染引起,也可能同时合并细菌感染。不同的病原体感染要选用不同的针对性药物才能尽快控制感冒。若感冒后表现为头痛、肌肉酸痛、少咳、无痰,可能是病毒性感染,可行胸片及血常规辅助诊断,并可使用奥司他韦等抗病毒药物,同时联合解热",Doc_train_0717_0704,train_0717,gold,1.0
Event_ff7226eed1ad,感冒,无痰,病毒性感染,"感冒即上呼吸道感染,其中感染的病原体种类不尽相同,多数感冒由病毒感染引起,也可能同时合并细菌感染。不同的病原体感染要选用不同的针对性药物才能尽快控制感冒。若感冒后表现为头痛、肌肉酸痛、少咳、无痰,可能是病毒性感染,可行胸片及血常规辅助诊断,并可使用奥司他韦等抗病毒药物,同时联合解热",Doc_train_0717_0704,train_0717,gold,1.0
Event_6a1d386e96a4,病毒合并细菌感染,咳嗽,感冒,"感冒即上呼吸道感染,其中感染的病原体种类不尽相同,多数感冒由病毒感染引起,也可能同时合并细菌感染。不同的病原体感染要选用不同的针对性药物才能尽快控制感冒。若感冒后表现为头痛、肌肉酸痛、少咳、无痰,可能是病毒性感染,可行胸片及血常规辅助诊断,并可使用奥司他韦等抗病毒药物,同时联合解热止痛药物及减轻支气管收缩的药物进行治疗。此外应注意多饮水、休息。如此多方面共同治疗可在短期内缓解症状,清除病原体。若感冒后伴随咳嗽、脓痰,可能为病毒合并细菌感染,此时加用抗生素及一些化痰止咳的药物治疗即可很快控制症状。普通感冒多是",Doc_train_0717_0704,train_0717,gold,1.0
Event_4a32c462e051,病毒合并细菌感染,脓痰,感冒,"感冒即上呼吸道感染,其中感染的病原体种类不尽相同,多数感冒由病毒感染引起,也可能同时合并细菌感染。不同的病原体感染要选用不同的针对性药物才能尽快控制感冒。若感冒后表现为头痛、肌肉酸痛、少咳、无痰,可能是病毒性感染,可行胸片及血常规辅助诊断,并可使用奥司他韦等抗病毒药物,同时联合解热止痛药物及减轻支气管收缩的药物进行治疗。此外应注意多饮水、休息。如此多方面共同治疗可在短期内缓解症状,清除病原体。若感冒后伴随咳嗽、脓痰,可能为病毒合并细菌感染,此时加用抗生素及一些化痰止咳的药物治疗即可很快控制症状。普通感冒多是",Doc_train_0717_0704,train_0717,gold,1.0
Event_247415eb70eb,长期营养不良或使用免疫抑制剂,合并肠结核,克罗恩病患者,"误治,不但延误治疗时机,还会使病情加重,产生无法挽回的严重后果。此外,克罗恩病患者由于长期营养不良或使用免疫抑制剂等原因,可能合并肠结核,或者由于慢性炎症的刺激及药物副作用等原因,并发恶性淋巴瘤。因此肠结核",Doc_train_0717_0707,train_0717,gold,1.0
Event_e06f2b668413,慢性炎症的刺激,并发恶性淋巴瘤,克罗恩病患者,"误治,不但延误治疗时机,还会使病情加重,产生无法挽回的严重后果。此外,克罗恩病患者由于长期营养不良或使用免疫抑制剂等原因,可能合并肠结核,或者由于慢性炎症的刺激及药物副作用等原因,并发恶性淋巴瘤。因此肠结核与肠道淋巴瘤在克罗恩病的诊断与治疗中必须受到足够的重视。每",Doc_train_0717_0707,train_0717,gold,1.0
Event_f6697bfcc0b4,药物副作用,并发恶性淋巴瘤,克罗恩病患者,"误治,不但延误治疗时机,还会使病情加重,产生无法挽回的严重后果。此外,克罗恩病患者由于长期营养不良或使用免疫抑制剂等原因,可能合并肠结核,或者由于慢性炎症的刺激及药物副作用等原因,并发恶性淋巴瘤。因此肠结核与肠道淋巴瘤在克罗恩病的诊断与治疗中必须受到足够的重视。每",Doc_train_0717_0707,train_0717,gold,1.0
Event_13d52c276291,巨大的卵巢囊肿,小肚子增大,比较大的时候,"女人小肚子增大跟长期坐位有关系,比如长期的坐着工作导致脂肪堆积在小腹部,所以会出现肚子增大,只要改变生活习惯,经常做些锻炼比如仰卧起坐就可以消耗腹部的脂肪量,减轻肚子增大的情况。小肚子增大建议排除妇科肿瘤的可能性,比如有些巨大的卵巢囊肿、阔韧带的肌瘤、浆膜下的子宫肌瘤等,比较大的时候会发现小肚子增大,通过b超检查可以明确诊断,建议及时的给予手术治疗。另",Doc_train_0717_0708,train_0717,gold,1.0
Event_a24cb2de1ebc,阔韧带的肌瘤,小肚子增大,比较大的时候,"女人小肚子增大跟长期坐位有关系,比如长期的坐着工作导致脂肪堆积在小腹部,所以会出现肚子增大,只要改变生活习惯,经常做些锻炼比如仰卧起坐就可以消耗腹部的脂肪量,减轻肚子增大的情况。小肚子增大建议排除妇科肿瘤的可能性,比如有些巨大的卵巢囊肿、阔韧带的肌瘤、浆膜下的子宫肌瘤等,比较大的时候会发现小肚子增大,通过b超检查可以明确诊断,建议及时的给予手术治疗。另",Doc_train_0717_0708,train_0717,gold,1.0
Event_17ba351a1597,浆膜下的子宫肌瘤,小肚子增大,比较大的时候,"女人小肚子增大跟长期坐位有关系,比如长期的坐着工作导致脂肪堆积在小腹部,所以会出现肚子增大,只要改变生活习惯,经常做些锻炼比如仰卧起坐就可以消耗腹部的脂肪量,减轻肚子增大的情况。小肚子增大建议排除妇科肿瘤的可能性,比如有些巨大的卵巢囊肿、阔韧带的肌瘤、浆膜下的子宫肌瘤等,比较大的时候会发现小肚子增大,通过b超检查可以明确诊断,建议及时的给予手术治疗。另",Doc_train_0717_0708,train_0717,gold,1.0
Event_a03f41d9962d,左向右分流型的先天性心脏病,左向右分流,早期,"左向右分流型的心脏病,是在临床中较常见的先天性心脏病,常见的包括简单型先天性心脏病,比如室间隔缺损,因为左心的压力明显高于右心,当发生室间隔缺损时心内分流是从左到右,会加重肺循环。左向右分流型先天性心脏病,一般伴有肺血增多。除室间隔缺损,还可以包括房间隔缺损,同时还包括动脉导管未闭,即在主动脉和肺动脉之间存在异常通道,因为主动脉的压力明显高于肺动脉,虽然是心脏外的分流,但也是左向右分流型的先天性心脏病。左向右分流型的先天性心脏病,因为早期是左向右分流,会加重肺循环而使肺血发生明显增多。如果长时间的肺动脉血流",Doc_train_0717_0710,train_0717,gold,1.0
Event_09d0d80883ca,终末期,右向左分流,长时间的肺动脉血流增多,"性心脏病,因为早期是左向右分流,会加重肺循环而使肺血发生明显增多。如果长时间的肺动脉血流增多或肺动脉的压力升高,在终末期可能会出现右向左分流,比如出现艾森曼格综合征的表现,此时病人可能有明显的气促,甚至有紫绀的",Doc_train_0717_0710,train_0717,gold,1.0
Event_0ee1d56208c6,终末期,右向左分流,肺动脉的压力升高,"右分流,会加重肺循环而使肺血发生明显增多。如果长时间的肺动脉血流增多或肺动脉的压力升高,在终末期可能会出现右向左分流,比如出现艾森曼格综合征的表现,此时病人可能有明显的气促,甚至有紫绀的",Doc_train_0717_0710,train_0717,gold,1.0
Event_2d25e9f00bcb,便秘,直肠黏膜脱垂,老人,"特别是内痔发展到ii期、iii期,其就会表现出反复的便后脱出。另外就是直肠黏膜脱垂,这类疾病主要发生在比较容易便秘的老人家身上,随着现在高龄化社会的产生,这类症状也表现越来越多,表现出这类症",Doc_train_0717_0712,train_0717,gold,1.0
Event_7de0d7968c2a,肛乳头,随着大便排出脱出到肛门,大到一定程度,",这类症状也表现越来越多,表现出这类症状的病人也越来越多。而且还有就是肛乳头肥大脱出,肛乳头是人体正常组织发生了炎性增生后产生的病理性表现,其大到一定程度之后也会随着大便排出脱出到肛门,需要进行手托回纳,而这些都是良性病变,还有一些不应该忽视的就是会存在",Doc_train_0717_0712,train_0717,gold,1.0
Event_0e45c6450ee6,卵巢囊实性肿物,卵巢混合性回声,"卵巢混合性回声的范围为3-4cm,甚至是5cm","卵巢混合性回声,是b超中卵巢的描述性语言。有多种可能出现卵巢混合性回声,如卵巢排卵、血体、黄体,甚至是生理性囊肿,都可产生混合性回声,都属于正常现象。异常情况也可能出现卵巢混合性回声,如果卵巢混合性回声的范围为3-4cm,甚至是5cm,可能提示有卵巢囊实性肿物,即卵巢肿瘤。卵巢肿瘤分为良性肿瘤和恶性肿瘤,可通过查肿瘤标志物及核磁",Doc_train_0717_0713,train_0717,gold,1.0
Event_f418361e12c6,更年期卵巢功能失调,月经周期延长,内膜厚度<1cm,"素分泌量减少,使子宫内膜发生一系列变化,进而出现月经不调,患者可表现为月经周期延长或缩短,月经持续时间过长或淋漓不尽。一旦出现上述症状,应及时去医院进行b超检查,明确内膜厚度。对于月经周期延长者,若内膜厚度<1cm,可能与更年期卵巢功能失调有关;对于月经淋漓不尽者,若b超显示有内膜息肉,应及时进行宫腔镜检查并",Doc_train_0717_0714,train_0717,gold,1.0
Event_5d282cda9606,脑卒中,手指发麻或偏侧发麻,65岁以上,",或夜间睡觉手发麻,通常是由于颈椎病压迫造成;2、如果是中老年,尤其是65岁以上手指发麻或偏侧发麻,需警惕是否患有脑卒中。如果有高血压或糖尿病等危险因素,大拇指发麻时建议到医院就诊,可能需要",Doc_train_0717_0720,train_0717,gold,1.0
Event_ef201b88fb8f,肺炎,重症肺炎,婴儿由于免疫力低,"婴儿肺炎起病多数比较急,发病前数日多先有上呼吸道感染,主要临床表现为发热、咳嗽、气促,肺部固定性的中、细湿啰音。值得注意的是,重度营养不良的婴儿体温可以不升或者低于正常。咳嗽比较频繁,在早期为刺激性咳嗽,极期咳嗽反而减轻,恢复期咳嗽有痰。全身症状表现为精神不振、食欲减退、烦躁不安、轻度腹泻或呕吐,全身症状在小宝宝身上可能相对来说比较突出。婴儿由于免疫力低,所以患有肺炎时很容易引起重症肺炎。重症肺炎是由于严重的缺氧及毒血症,除了呼吸系统改变以外,可以发生循环",Doc_train_0717_0721,train_0717,gold,1.0
Event_4b8bfb0b77ea,婴儿肺炎,体温可以不升或者低于正常,重度营养不良的婴儿,"婴儿肺炎起病多数比较急,发病前数日多先有上呼吸道感染,主要临床表现为发热、咳嗽、气促,肺部固定性的中、细湿啰音。值得注意的是,重度营养不良的婴儿体温可以不升或者低于正常。咳嗽比较频繁,在早期为刺激性咳嗽,极期咳嗽反而减轻,恢复期咳嗽有痰。",Doc_train_0717_0721,train_0717,gold,1.0
Event_099b4d121bef,结肠癌,低热,早期,"结肠癌是常见的发生于结肠部位的消化道恶性肿瘤,好发于直肠与乙状结肠交界处。本病多见于中老年人,30~69岁占绝大多数,男性多于女性。慢性结肠炎患者、结肠息肉患者、男性肥胖者等为易感人群。早期主要表现为低热、腹痛、大便习惯改变、便血等症状,晚期可出现消瘦、黄疸、腹水等恶液质表",Doc_train_0717_0726,train_0717,gold,1.0
Event_5622ca82c13c,结肠癌,腹痛,早期,"结肠癌是常见的发生于结肠部位的消化道恶性肿瘤,好发于直肠与乙状结肠交界处。本病多见于中老年人,30~69岁占绝大多数,男性多于女性。慢性结肠炎患者、结肠息肉患者、男性肥胖者等为易感人群。早期主要表现为低热、腹痛、大便习惯改变、便血等症状,晚期可出现消瘦、黄疸、腹水等恶液质表现。",Doc_train_0717_0726,train_0717,gold,1.0
Event_bd41aa279747,结肠癌,大便习惯改变,早期,"结肠癌是常见的发生于结肠部位的消化道恶性肿瘤,好发于直肠与乙状结肠交界处。本病多见于中老年人,30~69岁占绝大多数,男性多于女性。慢性结肠炎患者、结肠息肉患者、男性肥胖者等为易感人群。早期主要表现为低热、腹痛、大便习惯改变、便血等症状,晚期可出现消瘦、黄疸、腹水等恶液质表现。",Doc_train_0717_0726,train_0717,gold,1.0
Event_8d335d19d9f0,结肠癌,便血,早期,"结肠癌是常见的发生于结肠部位的消化道恶性肿瘤,好发于直肠与乙状结肠交界处。本病多见于中老年人,30~69岁占绝大多数,男性多于女性。慢性结肠炎患者、结肠息肉患者、男性肥胖者等为易感人群。早期主要表现为低热、腹痛、大便习惯改变、便血等症状,晚期可出现消瘦、黄疸、腹水等恶液质表现。",Doc_train_0717_0726,train_0717,gold,1.0
Event_b0c38cc8fcc1,结肠癌,消瘦,晚期,"结肠癌是常见的发生于结肠部位的消化道恶性肿瘤,好发于直肠与乙状结肠交界处。本病多见于中老年人,30~69岁占绝大多数,男性多于女性。慢性结肠炎患者、结肠息肉患者、男性肥胖者等为易感人群。早期主要表现为低热、腹痛、大便习惯改变、便血等症状,晚期可出现消瘦、黄疸、腹水等恶液质表现。",Doc_train_0717_0726,train_0717,gold,1.0
Event_c5e6cbe4098a,结肠癌,黄疸,晚期,"结肠癌是常见的发生于结肠部位的消化道恶性肿瘤,好发于直肠与乙状结肠交界处。本病多见于中老年人,30~69岁占绝大多数,男性多于女性。慢性结肠炎患者、结肠息肉患者、男性肥胖者等为易感人群。早期主要表现为低热、腹痛、大便习惯改变、便血等症状,晚期可出现消瘦、黄疸、腹水等恶液质表现。",Doc_train_0717_0726,train_0717,gold,1.0
Event_743343a0c5ea,结肠癌,腹水,晚期,"结肠癌是常见的发生于结肠部位的消化道恶性肿瘤,好发于直肠与乙状结肠交界处。本病多见于中老年人,30~69岁占绝大多数,男性多于女性。慢性结肠炎患者、结肠息肉患者、男性肥胖者等为易感人群。早期主要表现为低热、腹痛、大便习惯改变、便血等症状,晚期可出现消瘦、黄疸、腹水等恶液质表现。",Doc_train_0717_0726,train_0717,gold,1.0
Event_1b9c9f29ff42,剧烈运动,流血,术后最初几天,"术过程中间,由于手术刺激,会导致患者在术后出现头晕、腹痛的情况。因此在术后最初几天,不适合剧烈运动,而术后前几天会有流血,及轻微腹痛症状,所以在术后要好好休息,休息好才会让身体恢复得更好。建",Doc_train_0717_0727,train_0717,gold,1.0
Event_c2d23fabd55e,剧烈运动,轻微腹痛,术后最初几天,"术过程中间,由于手术刺激,会导致患者在术后出现头晕、腹痛的情况。因此在术后最初几天,不适合剧烈运动,而术后前几天会有流血,及轻微腹痛症状,所以在术后要好好休息,休息好才会让身体恢复得更好。建议在半个月内",Doc_train_0717_0727,train_0717,gold,1.0
Event_c9e68e4b52bb,胸锁骨关节炎,明显的疼痛,扩胸的时候,"胸锁骨关节炎的症状主要表现为胸锁关节部位的疼痛、肿胀,局部有明显的凸起、按压有弹跳感,大部分是发生在一侧,有的病人会发生在两侧胸锁关节。还有的病人会表现为当扩胸的时候,或者搬重物的时候出现有明显的疼痛。拍x光片可以看到胸锁关节,局部有增生、退变、关节间隙变窄,有的还会有",Doc_train_0717_0730,train_0717,gold,1.0
Event_7867ced8385f,胸锁骨关节炎,明显的疼痛,搬重物的时候,"胸锁骨关节炎的症状主要表现为胸锁关节部位的疼痛、肿胀,局部有明显的凸起、按压有弹跳感,大部分是发生在一侧,有的病人会发生在两侧胸锁关节。还有的病人会表现为当扩胸的时候,或者搬重物的时候出现有明显的疼痛。拍x光片可以看到胸锁关节,局部有增生、退变、关节间隙变窄,有的还会有",Doc_train_0717_0730,train_0717,gold,1.0
Event_450f65c8f320,紫癜性肾炎,胃肠道症状,"出血性紫癜,伴有腹型紫癜","紫癜性肾炎的症状可分为两个方面:一方面为肾外表现;另一方面为肾脏表现。肾外表现最常见的为皮肤紫癜,可以累及全身皮肤,出现出血性紫癜,伴有腹型紫癜时可表现为胃肠道症状,如腹痛、恶心、呕吐、消化道出血等,累及关节时可出现关节疼痛、局部红肿",Doc_train_0717_0737,train_0717,gold,1.0
Event_d8f8cbe9bd51,紫癜性肾炎,关节疼痛、局部红肿、功能障碍,累及关节时,"紫癜性肾炎的症状可分为两个方面:一方面为肾外表现;另一方面为肾脏表现。肾外表现最常见的为皮肤紫癜,可以累及全身皮肤,出现出血性紫癜,伴有腹型紫癜时可表现为胃肠道症状,如腹痛、恶心、呕吐、消化道出血等,累及关节时可出现关节疼痛、局部红肿、功能障碍等。肾脏表现可表现为肾炎,如血尿、蛋白尿、水肿、高血压;也可表现为肾病",Doc_train_0717_0737,train_0717,gold,1.0
Event_ea43b903340d,先兆流产,出现褐色血,怀孕6周,"如果怀孕6周出现褐色血,考虑先兆流产或者宫外孕。怀孕6周妊娠囊刚形成,在子宫内还很不稳固,非常容易出现先兆",Doc_train_0717_0742,train_0717,gold,1.0
Event_fdcce9483181,宫外孕,出现褐色血,怀孕6周,"如果怀孕6周出现褐色血,考虑先兆流产或者宫外孕。怀孕6周妊娠囊刚形成,在子宫内还很不稳固,非常容易出现先兆流产,阴道",Doc_train_0717_0742,train_0717,gold,1.0
Event_35b83bc2980e,子宫内陈旧的血液排出,阴道出现褐色血,怀孕6周,"如果怀孕6周出现褐色血,考虑先兆流产或者宫外孕。怀孕6周妊娠囊刚形成,在子宫内还很不稳固,非常容易出现先兆流产,阴道出现褐色血,考虑是子宫内陈旧的血液排出,建议尽快去医院做b超检查和查血检查,看体内孕酮和人绒毛膜促性腺激素的",Doc_train_0717_0742,train_0717,gold,1.0
Event_5851bcf45435,接种疫苗,比较严重的疫苗接种反应,有生病的情况,"的时候应该是身体处于最佳的状态,如果这个孩子近段时间有拉肚子,有发热,有生病的情况那是不能接种疫苗的,应该等孩子所有症状都消失以后一周才能够正常的接种疫苗。因为接种疫苗以后会降低孩子的免疫功能,会造成短暂性的免疫功能低下,会使原来的症状加重,有可能会出现比较严重的疫苗接种反应。比如出现了发热、腹泻症状加重、恶心、呕吐、精神状态差等表现。因此在接",Doc_train_0717_0745,train_0717,gold,1.0
Event_2fc615c321a7,重大心脑血管意外,超敏c反应蛋白升高,"心脑血管疾病的问题,像脑卒中、脑出血或脑梗塞,或心血管问题,如急性心梗,同时合并胸闷、胸痛,或头疼、血压升高","非常的高,如果特别微量的c反应蛋白就能查到,往往提示血管性疾病。如判断心脑血管疾病的问题,像脑卒中、脑出血或脑梗塞,或心血管问题,如急性心梗,同时合并胸闷、胸痛,或头疼、血压升高等症状,这类患者如果出现超敏c反应蛋白升高,要特别警惕近期发生重大心脑血管意外的可能性。另外还要注意肿瘤病人也要特别的小心,也可能会出现超敏c反应蛋",Doc_train_0717_0746,train_0717,gold,1.0
Event_07b696b4cbcd,受到外界刺激,急性肠胃炎,1岁宝宝的肠胃功能比较差,"1岁宝宝急性肠胃炎可以使用蒙脱石散、妈咪爱、乳酶生改善。1岁宝宝的肠胃功能比较差,在受到外界刺激时就会诱发急性肠胃炎。发病期间家长能做好腹部保暖,同时多注意补充水分。",Doc_train_0717_0748,train_0717,gold,1.0
Event_b5bae9d2213d,进食过早,呛咳,胃镜检查前需要应用局部麻醉药,"镜检查时,未见到明显异常疾病,患者可在1-2小时后开始喝水、进食。因为胃镜检查前需要应用局部麻醉药,需避免进食过早出现呛咳、误吸等不适症状;2、如果患者在胃镜检查时,发现有息肉、溃疡或者占位性",Doc_train_0717_0756,train_0717,gold,1.0
Event_0ca763b12fec,进食过早,误吸,胃镜检查前需要应用局部麻醉药,"镜检查时,未见到明显异常疾病,患者可在1-2小时后开始喝水、进食。因为胃镜检查前需要应用局部麻醉药,需避免进食过早出现呛咳、误吸等不适症状;2、如果患者在胃镜检查时,发现有息肉、溃疡或者占位性病变,",Doc_train_0717_0756,train_0717,gold,1.0
Event_215cadfb319b,绑上收腹带,不适,顺产的产妇产后褥汗较多,"无需立即绑收腹带,剖腹产的产妇下手术台后应直接绑上,可以压迫止血。因为顺产的产妇产后褥汗较多,如果绑上收腹带会出现不适,所以建议顺产的产妇1个月后绑收腹带亦可。部分产妇绑上收腹带后可出现湿",Doc_train_0717_0767,train_0717,gold,1.0
Event_baa4822b8be1,绑收腹带,影响消化,饭后半小时内胃部比较充盈,",当天就能戴收腹带,但一般建议分娩后1个月再使用。剖腹产的女性可以立即绑收腹带,因为收腹带可以起到压迫止血的作用,能有效固定伤口,对产妇的身体恢复具有好处。绑收腹带的的时间应为饭后半小时,此时尿液已经基本排出。上床休息的产妇应将收腹带解除。临床上建议建议顺产的产妇无需立即绑收腹带,剖腹产的产妇下手术台后应直接绑上,可以压迫止血。因为顺产的产妇产后褥汗较多,如果绑上收腹带会出现不适,所以建议顺产的产妇1个月后绑收腹带亦可。部分产妇绑上收腹带后可出现湿疹,产妇应选择纯棉、透气性较好的收腹带,而且不要长期捆绑收腹带,部分产妇持续24小时绑收腹带,可产生一些压疮。产妇应间断性的绑收腹带,睡眠或休息时应将收腹带解开,下床活动后再绑上收腹带。产妇应饭后半小时再绑收腹带,因为饭后半小时内胃部比较充盈,绑收腹带可影响消化。",Doc_train_0717_0767,train_0717,gold,1.0
Event_5762191e219d,结石梗阻,无尿,结石出现在双侧或者只有一个肾(孤立肾),"痛、发热,表现为间断的发热,如果严重可出现寒战甚至感染性休克。4、如果结石出现在双侧或者只有一个肾(孤立肾),结石梗阻可以出现无尿和急性的肾功能不全等表现。",Doc_train_0717_0776,train_0717,gold,1.0
Event_aa286193b26f,结石梗阻,急性的肾功能不全,结石出现在双侧或者只有一个肾(孤立肾),"痛、发热,表现为间断的发热,如果严重可出现寒战甚至感染性休克。4、如果结石出现在双侧或者只有一个肾(孤立肾),结石梗阻可以出现无尿和急性的肾功能不全等表现。",Doc_train_0717_0776,train_0717,gold,1.0
Event_a5ed6741c43c,血压波动升高,头晕,老年人因为有长期的高血压,"导致走路不稳、头晕的原因较多,要根据患者发病的诱因、发病的程度、经常发作,还是偶然间发作来进行判断。比如很多患者在夜间休息不好时,早晨起来走路就会感觉到不稳、头昏昏沉沉的,属于大脑疲劳、脑神经功能紊乱的表现。如果患者头晕的程度比较重、走路不稳,一定要高度重视,可能是因为小脑脑干部位的缺血或者是梗死出血等问题导致的,需要积极进行治疗。老年人因为有长期的高血压等问题,当血压波动升高时,也会导致患者有头晕、头胀、走路不稳的问题。所以一旦出现走路不稳、头",Doc_train_0717_0784,train_0717,gold,1.0
Event_dd25cb0f6dd3,血压波动升高,头胀,老年人因为有长期的高血压,"是因为小脑脑干部位的缺血或者是梗死出血等问题导致的,需要积极进行治疗。老年人因为有长期的高血压等问题,当血压波动升高时,也会导致患者有头晕、头胀、走路不稳的问题。所以一旦出现走路不稳、头晕,应立即就诊进行相关的检查",Doc_train_0717_0784,train_0717,gold,1.0
Event_2c12c0baf320,血压波动升高,走路不稳,老年人因为有长期的高血压,"导致走路不稳、头晕的原因较多,要根据患者发病的诱因、发病的程度、经常发作,还是偶然间发作来进行判断。比如很多患者在夜间休息不好时,早晨起来走路就会感觉到不稳、头昏昏沉沉的,属于大脑疲劳、脑神经功能紊乱的表现。如果患者头晕的程度比较重、走路不稳,一定要高度重视,可能是因为小脑脑干部位的缺血或者是梗死出血等问题导致的,需要积极进行治疗。老年人因为有长期的高血压等问题,当血压波动升高时,也会导致患者有头晕、头胀、走路不稳的问题。所以一旦出现走路不稳、头",Doc_train_0717_0784,train_0717,gold,1.0
Event_780e44f92d20,血压波动升高,走路不稳、头晕,老年人因为有长期的高血压,"导致走路不稳、头晕的原因较多,要根据患者发病的诱因、发病的程度、经常发作,还是偶然间发作来进行判断。比如很多患者在夜间休息不好时,早晨起来走路就会感觉到不稳、头昏昏沉沉的,属于大脑疲劳、脑神经功能紊乱的表现。如果患者头晕的程度比较重、走路不稳,一定要高度重视,可能是因为小脑脑干部位的缺血或者是梗死出血等问题导致的,需要积极进行治疗。老年人因为有长期的高血压等问题,当血压波动升高时,也会导致患者有头晕、头胀、走路不稳的问题。所以一旦出现走路不稳、头",Doc_train_0717_0784,train_0717,gold,1.0
Event_0d756be1fcfc,精神性烦渴,突然出现口渴,没有实质性的器质性病变,"于几种情况,比较常见的是糖尿病,如果家里有糖尿病的家族史就更需要注意,突然出现口渴、多尿、多饮、多食,伴有体重下降就是糖尿病的临床表现,这样的患者应该到正规医院去就诊,化验血糖相关的指标,来判断是否患有糖尿病。另外,有些疾病,比如尿崩症,也可以出现口渴,这样的患者口渴更加严重,有的甚至需要在夜间起床饮水,否则难以入睡,还有一种疾病也会出现突然的口渴,在患者受到精神刺激或精神压力的时候,突然出现口渴,这种情况下没有实质性的器质性病变,称为精神性烦渴,需要心理科的干预。",Doc_train_0717_0788,train_0717,gold,1.0
Event_81a496431104,干眼,眼睛酸胀,看电视,"对于看电视后出现的眼睛酸胀,通常是由于干眼以及视力疲劳所造成。首先可通过远离电视屏幕、远眺远方、闭目休息的方法,",Doc_train_0717_0790,train_0717,gold,1.0
Event_57330af565e6,视力疲劳,眼睛酸胀,看电视,"对于看电视后出现的眼睛酸胀,通常是由于干眼以及视力疲劳所造成。首先可通过远离电视屏幕、远眺远方、闭目休息的方法,使眼睛酸胀的",Doc_train_0717_0790,train_0717,gold,1.0
Event_7dfd5404fa7c,呼吸系统的疾病,胸口左侧就疼痛,呼吸时,"如果患者呼吸时,胸口左侧就疼痛,考虑是呼吸系统的疾病,常见因素有气胸,例如交通性气胸、开放性气胸、张力性气胸等等,都会在呼",Doc_train_0717_0792,train_0717,gold,1.0
Event_18d804d9b2fa,感染,胸口左侧就疼痛,呼吸时,"如果患者呼吸时,胸口左侧就疼痛,考虑是呼吸系统的疾病,常见因素有气胸,例如交通性气胸、开放性气胸、张力性气胸等等,都会在呼吸时胸口左侧疼痛。还要考虑感染因素,例如大叶性肺炎、肺感染,或者感染性胸膜炎、胸腔积液等,在呼吸时左",Doc_train_0717_0792,train_0717,gold,1.0
Event_93a5914057a9,心血管疾病,胸口左侧就疼痛,呼吸时,"如果患者呼吸时,胸口左侧就疼痛,考虑是呼吸系统的疾病,常见因素有气胸,例如交通性气胸、开放性气胸、张力性气胸等等,都会在呼吸时胸口左侧疼痛。还要考虑感染因素,例如大叶性肺炎、肺感染,或者感染性胸膜炎、胸腔积液等,在呼吸时左侧胸口会出现疼痛。还有心血管疾病,例如冠状动脉粥样硬化性心脏病、不稳定性心绞痛,也会随呼吸出现左侧胸口",Doc_train_0717_0792,train_0717,gold,1.0
Event_d5e8d29c7b2b,骨关节炎,胸口左侧就疼痛,呼吸时,"如果患者呼吸时,胸口左侧就疼痛,考虑是呼吸系统的疾病,常见因素有气胸,例如交通性气胸、开放性气胸、张力性气胸等等,都会在呼吸时胸口左侧疼痛。还要考虑感染因素,例如大叶性肺炎、肺感染,或者感染性胸膜炎、胸腔积液等,在呼吸时左侧胸口会出现疼痛。还有心血管疾病,例如冠状动脉粥样硬化性心脏病、不稳定性心绞痛,也会随呼吸出现左侧胸口疼痛,如果患者出现不同程度的骨关节炎、肋骨炎、肋软骨炎,也会有上述症状的发生。",Doc_train_0717_0792,train_0717,gold,1.0
Event_4dcd451d4ce3,肋骨炎,胸口左侧就疼痛,呼吸时,"如果患者呼吸时,胸口左侧就疼痛,考虑是呼吸系统的疾病,常见因素有气胸,例如交通性气胸、开放性气胸、张力性气胸等等,都会在呼吸时胸口左侧疼痛。还要考虑感染因素,例如大叶性肺炎、肺感染,或者感染性胸膜炎、胸腔积液等,在呼吸时左侧胸口会出现疼痛。还有心血管疾病,例如冠状动脉粥样硬化性心脏病、不稳定性心绞痛,也会随呼吸出现左侧胸口疼痛,如果患者出现不同程度的骨关节炎、肋骨炎、肋软骨炎,也会有上述症状的发生。",Doc_train_0717_0792,train_0717,gold,1.0
Event_57ae07d78fed,肋软骨炎,胸口左侧就疼痛,呼吸时,"如果患者呼吸时,胸口左侧就疼痛,考虑是呼吸系统的疾病,常见因素有气胸,例如交通性气胸、开放性气胸、张力性气胸等等,都会在呼吸时胸口左侧疼痛。还要考虑感染因素,例如大叶性肺炎、肺感染,或者感染性胸膜炎、胸腔积液等,在呼吸时左侧胸口会出现疼痛。还有心血管疾病,例如冠状动脉粥样硬化性心脏病、不稳定性心绞痛,也会随呼吸出现左侧胸口疼痛,如果患者出现不同程度的骨关节炎、肋骨炎、肋软骨炎,也会有上述症状的发生。",Doc_train_0717_0792,train_0717,gold,1.0
Event_d66c6574858e,消瘦且易饥饿,低血糖反应,不及时补充热量,"不吃饭出现头晕的原因如下:1、低血糖反应:多见于有糖尿病基础病的患者,对于糖尿病患者出现高代谢状态,容易消瘦且易饥饿,如果不及时补充热量,会出现低血糖反应,出现头晕、乏力症状,严重时还会出现出汗、心慌、心悸",Doc_train_0717_0793,train_0717,gold,1.0
Event_6ba723bac05b,不进食,加重症状程度或诱发头晕,中重度贫血患者,"出汗、心慌、心悸等症状,此时需及时补充能量,症状可得到缓解;2、贫血:中重度贫血患者由于本身机体血容量较少,同时血红蛋白含量降低,本身诱发脑供血不足,但不进食会加重症状程度或诱发头晕症状,故建议需按时进餐;3、脑供血不足:对于身体较弱的患者,由于机体能",Doc_train_0717_0793,train_0717,gold,1.0
Event_c73402c975fc,机体血容量较少,诱发脑供血不足,中重度贫血患者,"出汗、心慌、心悸等症状,此时需及时补充能量,症状可得到缓解;2、贫血:中重度贫血患者由于本身机体血容量较少,同时血红蛋白含量降低,本身诱发脑供血不足,但不进食会加重症状程度或诱发头晕症状,故建议需按时进餐;3、脑供血不",Doc_train_0717_0793,train_0717,gold,1.0
Event_8ba1e3a15492,能量补充不足,脑供血不足,身体较弱的患者,":中重度贫血患者由于本身机体血容量较少,同时血红蛋白含量降低,本身诱发脑供血不足,但不进食会加重症状程度或诱发头晕症状,故建议需按时进餐;3、脑供血不足:对于身体较弱的患者,由于机体能量补充不足导致脑供血不足,出现头晕、心慌、无力等症状。",Doc_train_0717_0793,train_0717,gold,1.0
Event_b85f8b28a516,血红蛋白含量降低,诱发脑供血不足,中重度贫血患者,"出汗、心慌、心悸等症状,此时需及时补充能量,症状可得到缓解;2、贫血:中重度贫血患者由于本身机体血容量较少,同时血红蛋白含量降低,本身诱发脑供血不足,但不进食会加重症状程度或诱发头晕症状,故建议需按时进餐;3、脑供血不",Doc_train_0717_0793,train_0717,gold,1.0
Event_1b481a2c158b,高代谢状态,消瘦且易饥饿,糖尿病患者,"饭出现头晕的原因如下:1、低血糖反应:多见于有糖尿病基础病的患者,对于糖尿病患者出现高代谢状态,容易消瘦且易饥饿,如果不及时补充热量,会出现低血糖反应,出现头晕、乏力症状,严重时还会",Doc_train_0717_0793,train_0717,gold,1.0
Event_7df11afe3bb2,吃肉,血尿酸增高,中年肥胖的男性,"于炎症的刺激,也会要出现疼痛的症状。3、可见于痛风性关节炎,尤其是见于中年肥胖的男性,平时比较喜欢吃肉、喝酒,导致血尿酸增高。在不利因素的刺激下,比如受凉,损伤等等,导致尿酸盐结晶,沉积在关节周",Doc_train_0717_0797,train_0717,gold,1.0
Event_1c837d926b88,喝酒,血尿酸增高,中年肥胖的男性,"于炎症的刺激,也会要出现疼痛的症状。3、可见于痛风性关节炎,尤其是见于中年肥胖的男性,平时比较喜欢吃肉、喝酒,导致血尿酸增高。在不利因素的刺激下,比如受凉,损伤等等,导致尿酸盐结晶,沉积在关节周",Doc_train_0717_0797,train_0717,gold,1.0
Event_4285b89d8143,尿酸盐结晶,沉积在关节周围,"在不利因素的刺激下,比如受凉,损伤","炎,尤其是见于中年肥胖的男性,平时比较喜欢吃肉、喝酒,导致血尿酸增高。在不利因素的刺激下,比如受凉,损伤等等,导致尿酸盐结晶,沉积在关节周围,刺激性的产生肿胀和疼痛的症状,尤其是局部比较典型的红、肿、热、痛症状",Doc_train_0717_0797,train_0717,gold,1.0
Event_d40b0d1640c9,肩周炎,疼痛,急性期,"对于肩周炎的不同期别,可采取不同的治疗方案,往往处于急性期、亚急性期时会采用针灸进行治疗,应用针灸有比较理想的镇痛消炎的作用;而发展到了亚急性期、冻结期,可以采取推拿的治疗方案。特别是冻结期,可以通过应用一次粘连分离术治疗冻结肩,该技术已经应用了30多年,而且效果非常理想。只需要3天的时间,即可将冻结肩一次性治愈,从而能够恢复肩关节的功能。对于肩周炎,老百姓称之为五十肩。一般是指50岁左右的人群会患有肩周炎,如果存在糖尿病等基础疾病,发病不一定受到年龄的限制,因为糖尿病是肩周炎好发的因素,肩周炎往往分为以下三个期别:1、急性期:患者主要表现为疼痛,并且疼痛的症状会比较严重,甚至会影响到患者夜间的睡眠,疼痛在夜间比白",Doc_train_0717_0801,train_0717,gold,1.0
Event_8a8f185a6a75,肩周炎,"疼痛的症状会比较严重,甚至会影响到患者夜间的睡眠",急性期,"对于肩周炎的不同期别,可采取不同的治疗方案,往往处于急性期、亚急性期时会采用针灸进行治疗,应用针灸有比较理想的镇痛消炎的作用;而发展到了亚急性期、冻结期,可以采取推拿的治疗方案。特别是冻结期,可以通过应用一次粘连分离术治疗冻结肩,该技术已经应用了30多年,而且效果非常理想。只需要3天的时间,即可将冻结肩一次性治愈,从而能够恢复肩关节的功能。对于肩周炎,老百姓称之为五十肩。一般是指50岁左右的人群会患有肩周炎,如果存在糖尿病等基础疾病,发病不一定受到年龄的限制,因为糖尿病是肩周炎好发的因素,肩周炎往往分为以下三个期别:1、急性期:患者主要表现为疼痛,并且疼痛的症状会比较严重,甚至会影响到患者夜间的睡眠,疼痛在夜间比白天更为严重;2、亚急性期:疼痛比急性期有所缓解,但是肩",Doc_train_0717_0801,train_0717,gold,1.0
Event_55a8c5651ddf,肩周炎,疼痛在夜间比白天更为严重,急性期,"对于肩周炎的不同期别,可采取不同的治疗方案,往往处于急性期、亚急性期时会采用针灸进行治疗,应用针灸有比较理想的镇痛消炎的作用;而发展到了亚急性期、冻结期,可以采取推拿的治疗方案。特别是冻结期,可以通过应用一次粘连分离术治疗冻结肩,该技术已经应用了30多年,而且效果非常理想。只需要3天的时间,即可将冻结肩一次性治愈,从而能够恢复肩关节的功能。对于肩周炎,老百姓称之为五十肩。一般是指50岁左右的人群会患有肩周炎,如果存在糖尿病等基础疾病,发病不一定受到年龄的限制,因为糖尿病是肩周炎好发的因素,肩周炎往往分为以下三个期别:1、急性期:患者主要表现为疼痛,并且疼痛的症状会比较严重,甚至会影响到患者夜间的睡眠,疼痛在夜间比白天更为严重;2、亚急性期:疼痛比急性期有所缓解,但是肩关节的功能开始逐渐受限,并",Doc_train_0717_0801,train_0717,gold,1.0
Event_d8730127f299,肩周炎,肩关节的功能开始逐渐受限,亚急性期,"对于肩周炎的不同期别,可采取不同的治疗方案,往往处于急性期、亚急性期时会采用针灸进行治疗,应用针灸有比较理想的镇痛消炎的作用;而发展到了亚急性期、冻结期,可以采取推拿的治疗方案。特别是冻结期,可以通过应用一次粘连分离术治疗冻结肩,该技术已经应用了30多年,而且效果非常理想。只需要3天的时间,即可将冻结肩一次性治愈,从而能够恢复肩关节的功能。对于肩周炎,老百姓称之为五十肩。一般是指50岁左右的人群会患有肩周炎,如果存在糖尿病等基础疾病,发病不一定受到年龄的限制,因为糖尿病是肩周炎好发的因素,肩周炎往往分为以下三个期别:1、急性期:患者主要表现为疼痛,并且疼痛的症状会比较严重,甚至会影响到患者夜间的睡眠,疼痛在夜间比白天更为严重;2、亚急性期:疼痛比急性期有所缓解,但是肩关节的功能开始逐渐受限,并且出现炎症、粘连并存的情况;3、冻结期:发展到这一期时疼痛完全消失",Doc_train_0717_0801,train_0717,gold,1.0
Event_788de284de5f,肩周炎,炎症、粘连并存,亚急性期,"对于肩周炎的不同期别,可采取不同的治疗方案,往往处于急性期、亚急性期时会采用针灸进行治疗,应用针灸有比较理想的镇痛消炎的作用;而发展到了亚急性期、冻结期,可以采取推拿的治疗方案。特别是冻结期,可以通过应用一次粘连分离术治疗冻结肩,该技术已经应用了30多年,而且效果非常理想。只需要3天的时间,即可将冻结肩一次性治愈,从而能够恢复肩关节的功能。对于肩周炎,老百姓称之为五十肩。一般是指50岁左右的人群会患有肩周炎,如果存在糖尿病等基础疾病,发病不一定受到年龄的限制,因为糖尿病是肩周炎好发的因素,肩周炎往往分为以下三个期别:1、急性期:患者主要表现为疼痛,并且疼痛的症状会比较严重,甚至会影响到患者夜间的睡眠,疼痛在夜间比白天更为严重;2、亚急性期:疼痛比急性期有所缓解,但是肩关节的功能开始逐渐受限,并且出现炎症、粘连并存的情况;3、冻结期:发展到这一期时疼痛完全消失,最突出的表现是整个肩关",Doc_train_0717_0801,train_0717,gold,1.0
Event_8e8a47e3b2de,肩周炎,上举、外展、后伸以及各个方向活动肩关节都极度受限,冻结期,"对于肩周炎的不同期别,可采取不同的治疗方案,往往处于急性期、亚急性期时会采用针灸进行治疗,应用针灸有比较理想的镇痛消炎的作用;而发展到了亚急性期、冻结期,可以采取推拿的治疗方案。特别是冻结期,可以通过应用一次粘连分离术治疗冻结肩,该技术已经应用了30多年,而且效果非常理想。只需要3天的时间,即可将冻结肩一次性治愈,从而能够恢复肩关节的功能。对于肩周炎,老百姓称之为五十肩。一般是指50岁左右的人群会患有肩周炎,如果存在糖尿病等基础疾病,发病不一定受到年龄的限制,因为糖尿病是肩周炎好发的因素,肩周炎往往分为以下三个期别:1、急性期:患者主要表现为疼痛,并且疼痛的症状会比较严重,甚至会影响到患者夜间的睡眠,疼痛在夜间比白天更为严重;2、亚急性期:疼痛比急性期有所缓解,但是肩关节的功能开始逐渐受限,并且出现炎症、粘连并存的情况;3、冻结期:发展到这一期时疼痛完全消失,最突出的表现是整个肩关节的功能受限,包括上举、外展、后伸以及各个方向活动肩关节都极度受限,基本上关节已丧失功能。",Doc_train_0717_0801,train_0717,gold,1.0
Event_226b1babbdd7,肩周炎,整个肩关节的功能受限,冻结期,"对于肩周炎的不同期别,可采取不同的治疗方案,往往处于急性期、亚急性期时会采用针灸进行治疗,应用针灸有比较理想的镇痛消炎的作用;而发展到了亚急性期、冻结期,可以采取推拿的治疗方案。特别是冻结期,可以通过应用一次粘连分离术治疗冻结肩,该技术已经应用了30多年,而且效果非常理想。只需要3天的时间,即可将冻结肩一次性治愈,从而能够恢复肩关节的功能。对于肩周炎,老百姓称之为五十肩。一般是指50岁左右的人群会患有肩周炎,如果存在糖尿病等基础疾病,发病不一定受到年龄的限制,因为糖尿病是肩周炎好发的因素,肩周炎往往分为以下三个期别:1、急性期:患者主要表现为疼痛,并且疼痛的症状会比较严重,甚至会影响到患者夜间的睡眠,疼痛在夜间比白天更为严重;2、亚急性期:疼痛比急性期有所缓解,但是肩关节的功能开始逐渐受限,并且出现炎症、粘连并存的情况;3、冻结期:发展到这一期时疼痛完全消失,最突出的表现是整个肩关节的功能受限,包括上举、外展、后伸以及各个方向活动肩关节都极度受限,基本上关节已丧",Doc_train_0717_0801,train_0717,gold,1.0
Event_1e74311d0636,肩周炎,疼痛比急性期有所缓解,亚急性期,"对于肩周炎的不同期别,可采取不同的治疗方案,往往处于急性期、亚急性期时会采用针灸进行治疗,应用针灸有比较理想的镇痛消炎的作用;而发展到了亚急性期、冻结期,可以采取推拿的治疗方案。特别是冻结期,可以通过应用一次粘连分离术治疗冻结肩,该技术已经应用了30多年,而且效果非常理想。只需要3天的时间,即可将冻结肩一次性治愈,从而能够恢复肩关节的功能。对于肩周炎,老百姓称之为五十肩。一般是指50岁左右的人群会患有肩周炎,如果存在糖尿病等基础疾病,发病不一定受到年龄的限制,因为糖尿病是肩周炎好发的因素,肩周炎往往分为以下三个期别:1、急性期:患者主要表现为疼痛,并且疼痛的症状会比较严重,甚至会影响到患者夜间的睡眠,疼痛在夜间比白天更为严重;2、亚急性期:疼痛比急性期有所缓解,但是肩关节的功能开始逐渐受限,并且出现炎症、粘连并存的情况;3、冻结",Doc_train_0717_0801,train_0717,gold,1.0
Event_00849d31de7b,肩周炎,疼痛完全消失,冻结期,"对于肩周炎的不同期别,可采取不同的治疗方案,往往处于急性期、亚急性期时会采用针灸进行治疗,应用针灸有比较理想的镇痛消炎的作用;而发展到了亚急性期、冻结期,可以采取推拿的治疗方案。特别是冻结期,可以通过应用一次粘连分离术治疗冻结肩,该技术已经应用了30多年,而且效果非常理想。只需要3天的时间,即可将冻结肩一次性治愈,从而能够恢复肩关节的功能。对于肩周炎,老百姓称之为五十肩。一般是指50岁左右的人群会患有肩周炎,如果存在糖尿病等基础疾病,发病不一定受到年龄的限制,因为糖尿病是肩周炎好发的因素,肩周炎往往分为以下三个期别:1、急性期:患者主要表现为疼痛,并且疼痛的症状会比较严重,甚至会影响到患者夜间的睡眠,疼痛在夜间比白天更为严重;2、亚急性期:疼痛比急性期有所缓解,但是肩关节的功能开始逐渐受限,并且出现炎症、粘连并存的情况;3、冻结期:发展到这一期时疼痛完全消失,最突出的表现是整个肩关节的功能受限,包括上举、外展、后伸以及各个方向",Doc_train_0717_0801,train_0717,gold,1.0
Event_939c6a74f944,肩周炎,关节已丧失功能,冻结期,"对于肩周炎的不同期别,可采取不同的治疗方案,往往处于急性期、亚急性期时会采用针灸进行治疗,应用针灸有比较理想的镇痛消炎的作用;而发展到了亚急性期、冻结期,可以采取推拿的治疗方案。特别是冻结期,可以通过应用一次粘连分离术治疗冻结肩,该技术已经应用了30多年,而且效果非常理想。只需要3天的时间,即可将冻结肩一次性治愈,从而能够恢复肩关节的功能。对于肩周炎,老百姓称之为五十肩。一般是指50岁左右的人群会患有肩周炎,如果存在糖尿病等基础疾病,发病不一定受到年龄的限制,因为糖尿病是肩周炎好发的因素,肩周炎往往分为以下三个期别:1、急性期:患者主要表现为疼痛,并且疼痛的症状会比较严重,甚至会影响到患者夜间的睡眠,疼痛在夜间比白天更为严重;2、亚急性期:疼痛比急性期有所缓解,但是肩关节的功能开始逐渐受限,并且出现炎症、粘连并存的情况;3、冻结期:发展到这一期时疼痛完全消失,最突出的表现是整个肩关节的功能受限,包括上举、外展、后伸以及各个方向活动肩关节都极度受限,基本上关节已丧失功能。",Doc_train_0717_0801,train_0717,gold,1.0
Event_e07ddbe778a5,血管神经性的头痛,太阳穴一阵一阵的疼痛,血压不高,"太阳穴一阵一阵的疼痛,建议患者先测血压,血压升高会导致太阳穴出现跳痛,如果是血压升高导致,患者要口服降压药物使血压下降,达到缓解头痛的目的。常用的速效的降压药硝苯地平片或者是长效的降压药物,施慧达、络活喜、安博维等药物都可以使血压下降,缓解头痛。如果患者血压不高,太阳穴一阵一阵的疼痛,考虑是血管神经性的头痛,可以对症口服止疼的药物来缓解头痛,可以口服氨酚待因片、布洛芬缓释胶囊",Doc_train_0717_0803,train_0717,gold,1.0
Event_077c4de6946d,太厚,孩子出汗,孩子穿衣服,"比如鱼、虾、肉等,同时要注意手心出汗是跟新陈代谢旺盛有关系,要注意少给孩子穿衣服,不要穿的过厚,如果太厚容易导致孩子出汗的情况,也容易导致感冒受凉,适当穿衣就可以。另外一个情况就是注意补充富",Doc_train_0717_0805,train_0717,gold,1.0
Event_b6812655943a,肺癌,疼痛,转移到脑部,"肺癌在早期没有什么特殊的症状,一般是通过体检发现,或者是仅有呼吸系统的共有症状,比如咳嗽、咳痰、痰中带血、低热、胸痛、胸闷、憋气等。肺癌晚期可以有面颈部的水肿、声音嘶哑、呼吸困难等表现,如果肺癌出现胸腔积液,会呼吸困难明显加重,一些中心型肺癌堵塞中央气道,会有一些不可缓解的喘憋,也就是说喘憋用药物缓解不明显,患者非常痛苦。后期肺癌可能会转移到其它脏器引起相应的表现,比如转移到脑部会出现疼痛、视觉昏矇,继发可以导致意识障碍,转移到肝、肺、肠道等其它的部位都会有",Doc_train_0717_0806,train_0717,gold,1.0
Event_85c62d4682ae,肺癌,视觉昏矇,转移到脑部,"肺癌在早期没有什么特殊的症状,一般是通过体检发现,或者是仅有呼吸系统的共有症状,比如咳嗽、咳痰、痰中带血、低热、胸痛、胸闷、憋气等。肺癌晚期可以有面颈部的水肿、声音嘶哑、呼吸困难等表现,如果肺癌出现胸腔积液,会呼吸困难明显加重,一些中心型肺癌堵塞中央气道,会有一些不可缓解的喘憋,也就是说喘憋用药物缓解不明显,患者非常痛苦。后期肺癌可能会转移到其它脏器引起相应的表现,比如转移到脑部会出现疼痛、视觉昏矇,继发可以导致意识障碍,转移到肝、肺、肠道等其它的部位都会有相应的临床",Doc_train_0717_0806,train_0717,gold,1.0
Event_8b76e20cfb3e,肺癌,意识障碍,转移到脑部,"肺癌在早期没有什么特殊的症状,一般是通过体检发现,或者是仅有呼吸系统的共有症状,比如咳嗽、咳痰、痰中带血、低热、胸痛、胸闷、憋气等。肺癌晚期可以有面颈部的水肿、声音嘶哑、呼吸困难等表现,如果肺癌出现胸腔积液,会呼吸困难明显加重,一些中心型肺癌堵塞中央气道,会有一些不可缓解的喘憋,也就是说喘憋用药物缓解不明显,患者非常痛苦。后期肺癌可能会转移到其它脏器引起相应的表现,比如转移到脑部会出现疼痛、视觉昏矇,继发可以导致意识障碍,转移到肝、肺、肠道等其它的部位都会有相应的临床表现。",Doc_train_0717_0806,train_0717,gold,1.0
Event_0ed63ef6259c,急性扁桃体炎,慢性扁桃体炎,控制不好,"总是扁桃体发炎、舌头起疱,这种情况如果是急性扁桃体炎,控制不好,反复发作,迁延不愈会导致慢性扁桃体炎症,慢性扁桃体炎症会因为抵抗力下降反复引起急性的发作,所以通常在扁桃体",Doc_train_0717_0808,train_0717,gold,1.0
Event_62aeab4f0532,急性扁桃体炎,慢性扁桃体炎,反复发作,"总是扁桃体发炎、舌头起疱,这种情况如果是急性扁桃体炎,控制不好,反复发作,迁延不愈会导致慢性扁桃体炎症,慢性扁桃体炎症会因为抵抗力下降反复引起急性的发作,所以通常在扁桃体",Doc_train_0717_0808,train_0717,gold,1.0
Event_45b77233a268,急性扁桃体炎,慢性扁桃体炎,迁延不愈,"总是扁桃体发炎、舌头起疱,这种情况如果是急性扁桃体炎,控制不好,反复发作,迁延不愈会导致慢性扁桃体炎症,慢性扁桃体炎症会因为抵抗力下降反复引起急性的发作,所以通常在扁桃体",Doc_train_0717_0808,train_0717,gold,1.0
Event_cd3d98a178f4,慢性扁桃体炎,反复引起急性的发作,抵抗力下降,"头起疱,这种情况如果是急性扁桃体炎,控制不好,反复发作,迁延不愈会导致慢性扁桃体炎症,慢性扁桃体炎症会因为抵抗力下降反复引起急性的发作,所以通常在扁桃体急性炎症期一定要足量、足疗程的用抗生素将扁桃体急性炎",Doc_train_0717_0808,train_0717,gold,1.0
Event_0fb5c507f70b,合并有糖尿病,心绞痛也会发作频繁,血糖控制不佳,"制血压,将血压尽快降低到正常范围,此时患者的心绞痛发作也会减少;有些人合并有糖尿病,而在血糖控制不佳的情况下,心绞痛也会发作频繁,因此需要控制血糖。",Doc_train_0717_0812,train_0717,gold,1.0
Event_1be68c2fb39d,老年人一旦出现心绞痛,心肌梗死,在2-3分钟以后仍无法得到缓解,"老年人一旦出现心绞痛发作需要立即停止运动,停止活动,原地休息,如果自备有硝酸甘油或者速效救心丸等药物时则应立即含服。如果在2-3分钟以后仍无法得到缓解,则有可能会演变为心肌梗死。患者需要立即求助于他人,拨打120电话、胸痛急救电话。尽快到医院得到",Doc_train_0717_0812,train_0717,gold,1.0
Event_87eee1ce7a68,消化道中营养吸收的不足,营养摄入的不足,严重腹泻,"刺激、生冷、辛辣的食物吃得过多,比较容易引起女性消化系统的问题。当出现严重腹泻或者消化不良的情况下,就容易引起对于消化道中营养吸收的不足,从而间接的导致营养摄入的不足,可能会对于胎儿的营养供给产生影响,所以在怀孕期间的女性没有忌口,只要",Doc_train_0717_0816,train_0717,gold,1.0
Event_b0998f498633,消化道中营养吸收的不足,营养摄入的不足,消化不良,"辛辣的食物吃得过多,比较容易引起女性消化系统的问题。当出现严重腹泻或者消化不良的情况下,就容易引起对于消化道中营养吸收的不足,从而间接的导致营养摄入的不足,可能会对于胎儿的营养供给产生影响,所以在怀孕期间的女性没有忌口,只要",Doc_train_0717_0816,train_0717,gold,1.0
Event_46b87b1223a3,长期卧床,褥疮,老年人,"股骨颈骨折是一种很常见的骨折,尤其是对老年人来说,是一种很常见的髋关节周围骨折。对于股骨颈骨折的治疗方法,无论是老年人还是青年人,如果可以都应该首选手术治疗。因为手术治疗不但恢复快,而且疗效更好,可以更好的预防以后股骨头坏死的发生。如果保守治疗,只能是给予局部骨牵引治疗,以维持骨折断端的位置。这样至少要持续牵引1.5-2个月的时间,才能促进骨折断端的稳定。因此股骨颈骨折保守治疗有很大的并发症,尤其是对于老年人,并不是由于骨折本身造成的,而是由于保守治疗中患者需要卧床休息不能活动,更不能下床,长期卧床过程中可能会形成褥疮、形成深静脉血栓等,也有可能造成坠积性肺炎的发生。所以股骨颈骨折保守治",Doc_train_0717_0817,train_0717,gold,1.0
Event_e3c31d31b27d,长期卧床,坠积性肺炎,老年人,"股骨颈骨折是一种很常见的骨折,尤其是对老年人来说,是一种很常见的髋关节周围骨折。对于股骨颈骨折的治疗方法,无论是老年人还是青年人,如果可以都应该首选手术治疗。因为手术治疗不但恢复快,而且疗效更好,可以更好的预防以后股骨头坏死的发生。如果保守治疗,只能是给予局部骨牵引治疗,以维持骨折断端的位置。这样至少要持续牵引1.5-2个月的时间,才能促进骨折断端的稳定。因此股骨颈骨折保守治疗有很大的并发症,尤其是对于老年人,并不是由于骨折本身造成的,而是由于保守治疗中患者需要卧床休息不能活动,更不能下床,长期卧床过程中可能会形成褥疮、形成深静脉血栓等,也有可能造成坠积性肺炎的发生。所以股骨颈骨折保守治疗是可以的,但是保守治疗带来的并发症也是很",Doc_train_0717_0817,train_0717,gold,1.0
Event_d2392ecc851b,长期卧床,深静脉血栓,老年人,"股骨颈骨折是一种很常见的骨折,尤其是对老年人来说,是一种很常见的髋关节周围骨折。对于股骨颈骨折的治疗方法,无论是老年人还是青年人,如果可以都应该首选手术治疗。因为手术治疗不但恢复快,而且疗效更好,可以更好的预防以后股骨头坏死的发生。如果保守治疗,只能是给予局部骨牵引治疗,以维持骨折断端的位置。这样至少要持续牵引1.5-2个月的时间,才能促进骨折断端的稳定。因此股骨颈骨折保守治疗有很大的并发症,尤其是对于老年人,并不是由于骨折本身造成的,而是由于保守治疗中患者需要卧床休息不能活动,更不能下床,长期卧床过程中可能会形成褥疮、形成深静脉血栓等,也有可能造成坠积性肺炎的发生。所以股骨颈骨折保守治疗是可以的,但是",Doc_train_0717_0817,train_0717,gold,1.0
Event_29a710329411,复发性口腔溃疡长在舌尖上,较为明显的疼痛,舌尖对疼痛较为敏感,"可采用局部消炎止痛、促进溃疡愈合的治疗,溃疡愈合后疼痛即得以缓解。由于舌尖对疼痛较为敏感,所以当复发性口腔溃疡长在舌尖上时,会引起较为明显的疼痛,此时可使用局部麻药进行缓解。此外,曲安奈德口腔膏能够保护创面、隔绝刺",Doc_train_0717_0818,train_0717,gold,1.0
Event_54101765101c,消化液会反流,胃痛,平躺着睡觉,"半夜突然胃痛有以下几个原因:1、十二指肠溃疡,通常出现在青壮年身上,半夜饥饿就会导致胃痛,稍微吃点食物,疼痛的症状会有所缓解。2、胃黏膜脱垂症,胃黏膜感染了幽门螺杆菌、幽门功能失调、胃黏膜出现炎症等都可能会引发胃黏膜脱垂症,会导致胃痛,尤其是晚上右侧位睡觉会压迫到胃部,疼痛会更剧烈。3、晚上吃了很辣的食物,辣椒素对胃黏膜的刺激非常大,可能会导致胃痛,疼痛的表现是胃部灼痛,尤其是平躺着睡觉,消化液会反流,疼痛更剧烈。4、晚上吃特别难消化的食物,比如糯米粉做的食物,这些食物",Doc_train_0717_0819,train_0717,gold,1.0
Event_a0dbd426b8f2,胃黏膜脱垂症,疼痛会更剧烈,晚上右侧位睡觉会压迫到胃部,"年身上,半夜饥饿就会导致胃痛,稍微吃点食物,疼痛的症状会有所缓解。2、胃黏膜脱垂症,胃黏膜感染了幽门螺杆菌、幽门功能失调、胃黏膜出现炎症等都可能会引发胃黏膜脱垂症,会导致胃痛,尤其是晚上右侧位睡觉会压迫到胃部,疼痛会更剧烈。3、晚上吃了很辣的食物,辣椒素对胃黏膜的刺激非常大,可能会导致胃痛,",Doc_train_0717_0819,train_0717,gold,1.0
Event_6b86274cffc3,压力性尿失禁,尿液从尿道外口流出,增加腹压,"成的原因,包括泌尿系感染造成急迫性尿失禁、膀胱过度活动症造成尿失禁以及压力性尿失禁等。其中压力性尿失禁最常见,增加腹压时,造成尿液从尿道外口流出。患者出现压力性尿失禁,如果同时合并尿急的情况,一般建议使用m受体阻断",Doc_train_0717_0821,train_0717,gold,1.0
Event_362d360486ee,一次进食过多,腹胀,豆浆产气量较大,"多脂肪,防止加重肥胖。但豆浆也有一定的坏处,主要表现为胃肠道症状,由于豆浆产气量较大,一次进食过多可能会导致出现腹胀和消化不良。同时豆浆较为寒凉,进食过多可能会出现胃肠功能紊乱。因此孩子",Doc_train_0717_0822,train_0717,gold,1.0
Event_5da667e6babd,一次进食过多,消化不良,豆浆产气量较大,"多脂肪,防止加重肥胖。但豆浆也有一定的坏处,主要表现为胃肠道症状,由于豆浆产气量较大,一次进食过多可能会导致出现腹胀和消化不良。同时豆浆较为寒凉,进食过多可能会出现胃肠功能紊乱。因此孩子可以喝豆浆",Doc_train_0717_0822,train_0717,gold,1.0
Event_1dc5ec11bb5f,豆浆,加重脾胃虚弱,孩子脾胃虚弱,"儿童喝豆浆可以补充各种营养元素,具体如下:1、植物蛋白:豆浆含有丰富的植物蛋白,被人们誉为植物奶,经常喝豆浆可以充分补充植物蛋白,促进孩子的生长发育;2、维生素和矿物质:豆浆含有丰富的维生素和矿物质,可以提供孩子的生长发育所需要的营养元素;3、蛋白质:豆浆的胆固醇含量较低,肥胖的孩子适合通过口服豆浆来补充蛋白质,还能避免摄入过多脂肪,防止加重肥胖。但豆浆也有一定的坏处,主要表现为胃肠道症状,由于豆浆产气量较大,一次进食过多可能会导致出现腹胀和消化不良。同时豆浆较为寒凉,进食过多可能会出现胃肠功能紊乱。因此孩子可以喝豆浆,但不建议一次进食过多,以免加重胃肠道负担,如果孩子脾胃虚弱则不建议进食豆浆,以免加重脾胃虚弱的症状。",Doc_train_0717_0822,train_0717,gold,1.0
Event_497b61a709ae,累及肾脏,蛋白尿,糖尿病肾病患者早期,"可出现心脑血管问题,比如脑卒中、心肌梗死、心衰等;2、微血管病变:主要累及肾脏,糖尿病肾病患者早期可能有蛋白尿,随着肾脏逐渐损伤,还有肾病综合征表现,肌酐和尿素氮升高,最终需要透析",Doc_train_0717_0824,train_0717,gold,1.0
Event_4a78f0a5b884,肝癌的晚期,"疼痛比较明显,会有非常非常明显的疼痛",肝癌靠近被膜下,"肝癌后期就是肝癌的晚期,主要的不适症状表现为以下几点:1、如果是肝癌靠近被膜下,可能疼痛比较明显,会有非常非常明显的疼痛,常常不能晚上睡着觉,导致失眠引起的一系列综合征,最后导致恶病质,引起",Doc_train_0717_0825,train_0717,gold,1.0
Event_7d2cb8fd7f83,进食差,恶病质,肝癌的晚期,"肝癌后期就是肝癌的晚期,主要的不适症状表现为以下几点:1、如果是肝癌靠近被膜下,可能疼痛比较明显,会有非常非常明显的疼痛,常常不能晚上睡着觉,导致失眠引起的一系列综合征,最后导致恶病质,引起患者最后肝衰竭,导致死亡。2、肝癌的晚期如果最后肝功能出现异常,伴有明显黄疸的情况下,如果全身黄疸,会伴有皮肤的瘙痒,所以也基本上不能入睡,最后导致非常痛苦。而且进食差,会有恶病质的现象,身体最后全身瘙痒,又不能入睡,身体又极度衰弱,这种",Doc_train_0717_0825,train_0717,gold,1.0
Event_850a6e64c26f,肝癌的晚期,皮肤的瘙痒,"肝功能出现异常,伴有明显黄疸","肝癌后期就是肝癌的晚期,主要的不适症状表现为以下几点:1、如果是肝癌靠近被膜下,可能疼痛比较明显,会有非常非常明显的疼痛,常常不能晚上睡着觉,导致失眠引起的一系列综合征,最后导致恶病质,引起患者最后肝衰竭,导致死亡。2、肝癌的晚期如果最后肝功能出现异常,伴有明显黄疸的情况下,如果全身黄疸,会伴有皮肤的瘙痒,所以也基本上不能入睡,最后导致非常痛苦。而且进食差,会有恶病质的现象",Doc_train_0717_0825,train_0717,gold,1.0
Event_b58b29081718,幽门螺旋杆菌,细菌定植,进食不洁食物到达胃里,"幽门螺旋杆菌是目前在胃内生存的唯一细菌,其症状有以下几个方面:1、可以引起慢性胃炎、消化性溃疡甚至胃癌等;2、可以引起上腹饱胀不适、疼痛、腹胀,常伴消化不良症状,包括口腔异味、反酸、嗳气,有时可以出现剧烈上腹痛,甚至出现急性上消化道出血症状。及早发现幽门螺旋杆菌早期治疗,有利于预防此类疾病发生。幽门螺旋杆菌一般经口传播,通过进食不洁食物到达胃里,能够引起细菌定植,引起幽门螺旋杆菌感染。",Doc_train_0717_0826,train_0717,gold,1.0
Event_89ebb95d11df,心率在190次/分是属于心率过快,身体是有一定危害,运动后,"运动后的心率如果190次/分对于身体有一定的危害,运动后应该将心率控制在220-年龄×80%,为标准的运动后心率,运动后如果心率在190次/分是属于心率过快的情况,对于身体是有一定危害的。例如心率过快时患者会出现冠状动脉射血能力不足,因此会出现胸闷、气短",Doc_train_0717_0827,train_0717,gold,1.0
Event_5e4954aa920d,心率如果190次/分,身体有一定的危害,运动后,"运动后的心率如果190次/分对于身体有一定的危害,运动后应该将心率控制在220-年龄×80%,为标准的运动后心率,运动",Doc_train_0717_0827,train_0717,gold,1.0
Event_de0b0eab1522,冠状动脉射血能力不足,冠状动脉缺血和痉挛的改变,长期如此,"是属于心率过快的情况,对于身体是有一定危害的。例如心率过快时患者会出现冠状动脉射血能力不足,因此会出现胸闷、气短、心悸、心前区不适,长期如此会造成冠状动脉缺血和痉挛的改变,这样会加重心脏的负担,会引起冠心病、不稳定型心绞痛等疾病的发作。另外",Doc_train_0717_0827,train_0717,gold,1.0
Event_830f07f1895b,摄入过多,胃肠道的不适,"脾胃虚弱、胃寒的人,在吃青菜","节的作用非常明显。青菜的禁忌就是从中医食疗角度上来讲其性味偏寒凉,对于脾胃虚弱、胃寒的人,在吃青菜时不要摄入过多,否则会寒上加寒而引起胃肠道的不适。",Doc_train_0717_0829,train_0717,gold,1.0
Event_1178a87366be,咬伤人体,局部的丘疹、水疱、红肿,蜱虫,"蜱虫是老百姓说的虱子,它咬伤人体后会出现局部的丘疹、水疱、红肿,甚至糜烂、结节,也可以出现肢体麻木,这些症状在小孩比较多见。也可以出",Doc_train_0717_0831,train_0717,gold,1.0
Event_4561091c2d64,咬伤人体,糜烂,蜱虫,"蜱虫是老百姓说的虱子,它咬伤人体后会出现局部的丘疹、水疱、红肿,甚至糜烂、结节,也可以出现肢体麻木,这些症状在小孩比较多见。也可以出现嗜睡、神",Doc_train_0717_0831,train_0717,gold,1.0
Event_364818f18710,咬伤人体,结节,蜱虫,"蜱虫是老百姓说的虱子,它咬伤人体后会出现局部的丘疹、水疱、红肿,甚至糜烂、结节,也可以出现肢体麻木,这些症状在小孩比较多见。也可以出现嗜睡、神志不清",Doc_train_0717_0831,train_0717,gold,1.0
Event_f641c715addf,咬伤人体,肢体麻木,蜱虫,"蜱虫是老百姓说的虱子,它咬伤人体后会出现局部的丘疹、水疱、红肿,甚至糜烂、结节,也可以出现肢体麻木,这些症状在小孩比较多见。也可以出现嗜睡、神志不清的症状,则属于比较重",Doc_train_0717_0831,train_0717,gold,1.0
Event_201301ff1f38,咬伤人体,嗜睡,蜱虫,"蜱虫是老百姓说的虱子,它咬伤人体后会出现局部的丘疹、水疱、红肿,甚至糜烂、结节,也可以出现肢体麻木,这些症状在小孩比较多见。也可以出现嗜睡、神志不清的症状,则属于比较重的情况。局部可以有瘙痒,少数也可以有灼痛",Doc_train_0717_0831,train_0717,gold,1.0
Event_95716ca657fb,咬伤人体,神志不清,蜱虫,"蜱虫是老百姓说的虱子,它咬伤人体后会出现局部的丘疹、水疱、红肿,甚至糜烂、结节,也可以出现肢体麻木,这些症状在小孩比较多见。也可以出现嗜睡、神志不清的症状,则属于比较重的情况。局部可以有瘙痒,少数也可以有灼痛,处理不好",Doc_train_0717_0831,train_0717,gold,1.0
Event_30b2847742a2,咬伤人体,局部可以有瘙痒,蜱虫,"蜱虫是老百姓说的虱子,它咬伤人体后会出现局部的丘疹、水疱、红肿,甚至糜烂、结节,也可以出现肢体麻木,这些症状在小孩比较多见。也可以出现嗜睡、神志不清的症状,则属于比较重的情况。局部可以有瘙痒,少数也可以有灼痛,处理不好局部容易有感染的症状。若感染严重会引起,如",Doc_train_0717_0831,train_0717,gold,1.0
Event_010ff02e8d5b,咬伤人体,灼痛,蜱虫,"蜱虫是老百姓说的虱子,它咬伤人体后会出现局部的丘疹、水疱、红肿,甚至糜烂、结节,也可以出现肢体麻木,这些症状在小孩比较多见。也可以出现嗜睡、神志不清的症状,则属于比较重的情况。局部可以有瘙痒,少数也可以有灼痛,处理不好局部容易有感染的症状。若感染严重会引起,如淋巴结肿大、淋巴管",Doc_train_0717_0831,train_0717,gold,1.0
Event_7f7d29838cd1,咬伤人体,处理不好局部容易有感染,蜱虫,"蜱虫是老百姓说的虱子,它咬伤人体后会出现局部的丘疹、水疱、红肿,甚至糜烂、结节,也可以出现肢体麻木,这些症状在小孩比较多见。也可以出现嗜睡、神志不清的症状,则属于比较重的情况。局部可以有瘙痒,少数也可以有灼痛,处理不好局部容易有感染的症状。若感染严重会引起,如淋巴结肿大、淋巴管炎等症状,则要及时处理,",Doc_train_0717_0831,train_0717,gold,1.0
Event_bf97f906d111,孕妇的腹壁肌肉薄弱、弹性差,腹直肌分离,怀孕以后,"盘后置这一说法,胎盘后置应该指的是胎盘附着在子宫的后壁上,而显怀指的是怀孕以后腹部膨隆的程度,腹部膨隆的程度与胎盘的附着位置没有关系。女性在怀孕以后从外形上看腹部膨隆的程度,与以下因素有关系:一、肥胖,如果孕妇的体重高,腹部脂肪厚,怀孕以后可能会比正常人早出现腹部膨隆,而体重轻且腹部脂肪薄的孕妇,外形上看出腹部膨隆的时间会晚。二、腹壁肌肉的厚度和弹性,如果孕妇的腹壁肌肉薄弱、弹性差,怀孕以后容易出现腹直肌分离,腹部膨隆的程度会比没有腹直肌分离的孕妇明显。三、巨大儿、羊水过多,如",Doc_train_0717_0842,train_0717,gold,1.0
Event_ff1faad50926,体内的雌激素水平降低,外阴痒,更年期,"更年期外阴痒大多是由于体内的雌激素水平降低,乳酸杆菌不再为优势菌,这个时候其他细菌可以过多的侵入到阴道和外阴,而",Doc_train_0717_0844,train_0717,gold,1.0
Event_2057b61a0e79,"乳酸杆菌不再为优势菌,这个时候其他细菌可以过多的侵入到阴道和外阴",外阴痒,更年期,"更年期外阴痒大多是由于体内的雌激素水平降低,乳酸杆菌不再为优势菌,这个时候其他细菌可以过多的侵入到阴道和外阴,而导致出现症状。在临床上,可以通过补充雌激素来进行治疗,可以局部用药",Doc_train_0717_0844,train_0717,gold,1.0
Event_1676c1ccede5,小孩子反复发热,持续的时间会比较长,没有进行比较好的对症治疗,"小孩子反复发热,要看什么疾病引起来,才能知道几天有缓解。孩子发热只是临床的症状,并不是疾病。很多疾病都可能引发症状,比较常见的是呼吸道感染,如果是比较轻的病毒性的呼吸道感染,可能2-3天之后孩子就可能出现症状的缓解。当然了,如果其他原因引起来,没有进行比较好的对症治疗,可能持续的时间会比较长。有的细菌感染,如果没有进行合理的敏感性药物抗炎治疗,会拖的时间也会比",Doc_train_0717_0850,train_0717,gold,1.0
Event_dda4e8f98f68,小孩子反复发热,拖的时间也会比较长,没有进行合理的敏感性药物抗炎治疗,"小孩子反复发热,要看什么疾病引起来,才能知道几天有缓解。孩子发热只是临床的症状,并不是疾病。很多疾病都可能引发症状,比较常见的是呼吸道感染,如果是比较轻的病毒性的呼吸道感染,可能2-3天之后孩子就可能出现症状的缓解。当然了,如果其他原因引起来,没有进行比较好的对症治疗,可能持续的时间会比较长。有的细菌感染,如果没有进行合理的敏感性药物抗炎治疗,会拖的时间也会比较长。再有像其他疾病引起的反复发热,像川崎病、eb病毒感染,或者因为血液疾",Doc_train_0717_0850,train_0717,gold,1.0
Event_6800bbba7b0b,"其他疾病引起的反复发热,像川崎病、eb病毒感染","可以持续存在十几天,甚至半个月到一个月的时间都可能存在",没有对症治疗,"染,如果没有进行合理的敏感性药物抗炎治疗,会拖的时间也会比较长。再有像其他疾病引起的反复发热,像川崎病、eb病毒感染,或者因为血液疾病引发的反复发热,以及结核造成的反复发热,如果没有对症治疗,可以持续存在十几天,甚至半个月到一个月的时间都可能存在。如果孩子存在发热超过三天以上还没有缓解,或者是在三天之内孩子的症状很",Doc_train_0717_0850,train_0717,gold,1.0
Event_cbedd8cfc266,血液疾病引发的反复发热,"可以持续存在十几天,甚至半个月到一个月的时间都可能存在",没有对症治疗,"比较长。再有像其他疾病引起的反复发热,像川崎病、eb病毒感染,或者因为血液疾病引发的反复发热,以及结核造成的反复发热,如果没有对症治疗,可以持续存在十几天,甚至半个月到一个月的时间都可能存在。如果孩子存在发热超过三天以上还没有缓解,或者是在三天之内孩子的症状很",Doc_train_0717_0850,train_0717,gold,1.0
Event_9f0147b338a3,结核造成的反复发热,"可以持续存在十几天,甚至半个月到一个月的时间都可能存在",没有对症治疗,"反复发热,像川崎病、eb病毒感染,或者因为血液疾病引发的反复发热,以及结核造成的反复发热,如果没有对症治疗,可以持续存在十几天,甚至半个月到一个月的时间都可能存在。如果孩子存在发热超过三天以上还没有缓解,或者是在三天之内孩子的症状很",Doc_train_0717_0850,train_0717,gold,1.0
Event_f79bf739b243,小细胞低色素性缺铁性贫血,头晕,大一点的宝宝,"宝宝缺铁会导致血红蛋白合成减少,出现小细胞低色素性缺铁性贫血,孩子可以出现皮肤黏膜苍白,表现为口唇、口腔黏膜、甲床比较明显,孩子容易疲乏,不爱活动,大一点的宝宝可以有头晕、眼前发黑、耳鸣等表现。孩子可以出现各系统的损害,如消化系统,食欲减退",Doc_train_0717_0851,train_0717,gold,1.0
Event_8ca1f2ee8c4c,小细胞低色素性缺铁性贫血,眼前发黑,大一点的宝宝,"宝宝缺铁会导致血红蛋白合成减少,出现小细胞低色素性缺铁性贫血,孩子可以出现皮肤黏膜苍白,表现为口唇、口腔黏膜、甲床比较明显,孩子容易疲乏,不爱活动,大一点的宝宝可以有头晕、眼前发黑、耳鸣等表现。孩子可以出现各系统的损害,如消化系统,食欲减退,少数宝宝",Doc_train_0717_0851,train_0717,gold,1.0
Event_652ebb05c0b0,小细胞低色素性缺铁性贫血,耳鸣,大一点的宝宝,"宝宝缺铁会导致血红蛋白合成减少,出现小细胞低色素性缺铁性贫血,孩子可以出现皮肤黏膜苍白,表现为口唇、口腔黏膜、甲床比较明显,孩子容易疲乏,不爱活动,大一点的宝宝可以有头晕、眼前发黑、耳鸣等表现。孩子可以出现各系统的损害,如消化系统,食欲减退,少数宝宝有益食",Doc_train_0717_0851,train_0717,gold,1.0
Event_c56023175cc6,产后宫腔内胎盘、胎膜组织残留,异常出血,出血量明显过多或者是过少,"情况,出血量如同日常的月经量,一般持续5-7天左右自己会干净。2、如果出血量明显过多或者是过少,出血时间延长,淋漓不尽,则考虑是产后宫腔内胎盘、胎膜组织残留引起的异常出血。3、如果伴有发热、腹痛症状,或者是流出的血液具有明显的异味,则高度考",Doc_train_0717_0854,train_0717,gold,1.0
Event_7f27848e6be9,产后宫腔内胎盘、胎膜组织残留,异常出血,出血时间延长,"量,一般持续5-7天左右自己会干净。2、如果出血量明显过多或者是过少,出血时间延长,淋漓不尽,则考虑是产后宫腔内胎盘、胎膜组织残留引起的异常出血。3、如果伴有发热、腹痛症状,或者是流出的血液具有明显的异味,则高度考",Doc_train_0717_0854,train_0717,gold,1.0
Event_63cb7d231e1d,产后宫腔内胎盘、胎膜组织残留,异常出血,淋漓不尽,"-7天左右自己会干净。2、如果出血量明显过多或者是过少,出血时间延长,淋漓不尽,则考虑是产后宫腔内胎盘、胎膜组织残留引起的异常出血。3、如果伴有发热、腹痛症状,或者是流出的血液具有明显的异味,则高度考",Doc_train_0717_0854,train_0717,gold,1.0
Event_eed2247abab3,宫腔内感染性疾病,产后恶露快干净的时候又有鲜红色的血液流出,"伴有发热、腹痛症状,或者是流出的血液具有明显的异味","产妇在产后恶露快干净的时候又有鲜红色的血液流出,这种情况可能的原因主要包括以下几种:1、考虑是产后月经来潮的表现,这种情况,出血量如同日常的月经量,一般持续5-7天左右自己会干净。2、如果出血量明显过多或者是过少,出血时间延长,淋漓不尽,则考虑是产后宫腔内胎盘、胎膜组织残留引起的异常出血。3、如果伴有发热、腹痛症状,或者是流出的血液具有明显的异味,则高度考虑宫腔内感染性疾病引起异常出血的可能,应当及时到医院就诊。",Doc_train_0717_0854,train_0717,gold,1.0
Event_5ea6a7242097,宫腔内感染性疾病,异常出血,"伴有发热、腹痛症状,或者是流出的血液具有明显的异味","少,出血时间延长,淋漓不尽,则考虑是产后宫腔内胎盘、胎膜组织残留引起的异常出血。3、如果伴有发热、腹痛症状,或者是流出的血液具有明显的异味,则高度考虑宫腔内感染性疾病引起异常出血的可能,应当及时到医院就诊。",Doc_train_0717_0854,train_0717,gold,1.0
Event_1662ec13d692,骨折,手指关节疼痛和肿胀,有外伤,"手指关节疼痛和肿胀,如果是有外伤可能是外伤导致的骨折或者是软组织损伤,如果没有明显的外伤,局部伴随红肿,需要注意痛风的可能",Doc_train_0717_0855,train_0717,gold,1.0
Event_107515717c71,软组织损伤,手指关节疼痛和肿胀,有外伤,"手指关节疼痛和肿胀,如果是有外伤可能是外伤导致的骨折或者是软组织损伤,如果没有明显的外伤,局部伴随红肿,需要注意痛风的可能性,及时到医院骨",Doc_train_0717_0855,train_0717,gold,1.0
Event_e7281111e51c,痛风,局部伴随红肿,没有明显的外伤,"关节疼痛和肿胀,如果是有外伤可能是外伤导致的骨折或者是软组织损伤,如果没有明显的外伤,局部伴随红肿,需要注意痛风的可能性,及时到医院骨科找医生面诊。如果是有外伤,需要常规的完善x片检",Doc_train_0717_0855,train_0717,gold,1.0
Event_61fe57cd6ccf,气管、支气管结核,呼吸困难,不进行气道阻塞解除,"患者症状很多,最常见的是咳嗽、咳痰和午后低热、消瘦等,但是部分患者是以呼吸困难为首发症状进行求治。一旦出现呼吸困难,首先要考虑患者是否为急性粟粒性肺结核,或者长期久治不愈的纤维空洞型肺结核,另外一方面要警惕患者是否有气管、支气管结核。特别是气管、支气管结核,如果不进行气道阻塞解除,患者的呼吸困难症状无法缓解,而且只会越来越重,是肺结核患者的临床急症",Doc_train_0717_0856,train_0717,gold,1.0
Event_78f005239229,胆囊炎,发热,后期,"阵发性疼痛,在阵发性的疼痛的基础上还有加重,表现为一阵阵的持续性加重,后期如果有伴有胆囊炎、坏疽性胆囊炎穿孔,还伴有发热、寒战、黄疸。肝痛可能没有胆囊疼痛那么明显。具体是哪一种疼痛需要检查b",Doc_train_0717_0858,train_0717,gold,1.0
Event_ac9901c38dc5,坏疽性胆囊炎穿孔,发热,后期,"阵发性疼痛,在阵发性的疼痛的基础上还有加重,表现为一阵阵的持续性加重,后期如果有伴有胆囊炎、坏疽性胆囊炎穿孔,还伴有发热、寒战、黄疸。肝痛可能没有胆囊疼痛那么明显。具体是哪一种疼痛需要检查b",Doc_train_0717_0858,train_0717,gold,1.0
Event_93ea3df0c32e,胆囊炎,寒战,后期,"阵发性疼痛,在阵发性的疼痛的基础上还有加重,表现为一阵阵的持续性加重,后期如果有伴有胆囊炎、坏疽性胆囊炎穿孔,还伴有发热、寒战、黄疸。肝痛可能没有胆囊疼痛那么明显。具体是哪一种疼痛需要检查b超、c",Doc_train_0717_0858,train_0717,gold,1.0
Event_421c97d36135,坏疽性胆囊炎穿孔,寒战,后期,"阵发性疼痛,在阵发性的疼痛的基础上还有加重,表现为一阵阵的持续性加重,后期如果有伴有胆囊炎、坏疽性胆囊炎穿孔,还伴有发热、寒战、黄疸。肝痛可能没有胆囊疼痛那么明显。具体是哪一种疼痛需要检查b超、c",Doc_train_0717_0858,train_0717,gold,1.0
Event_c2b3b1eb2484,胆囊炎,黄疸,后期,"阵发性疼痛,在阵发性的疼痛的基础上还有加重,表现为一阵阵的持续性加重,后期如果有伴有胆囊炎、坏疽性胆囊炎穿孔,还伴有发热、寒战、黄疸。肝痛可能没有胆囊疼痛那么明显。具体是哪一种疼痛需要检查b超、ct、磁",Doc_train_0717_0858,train_0717,gold,1.0
Event_076b758a0ae4,坏疽性胆囊炎穿孔,黄疸,后期,"阵发性疼痛,在阵发性的疼痛的基础上还有加重,表现为一阵阵的持续性加重,后期如果有伴有胆囊炎、坏疽性胆囊炎穿孔,还伴有发热、寒战、黄疸。肝痛可能没有胆囊疼痛那么明显。具体是哪一种疼痛需要检查b超、ct、磁",Doc_train_0717_0858,train_0717,gold,1.0
Event_2d0f607fee61,急性或慢性痛风关节炎,红、肿、热、痛5-7天可以明显好转,不治疗,"痛风是由于长期血尿酸增高引起的一组代谢综合征,常见的临床表现包括急性或慢性痛风关节炎、痛风性肾病。另外,长期血尿酸增高对患者心脑血管和血糖会造成不良影响。痛风消肿一般要几天?急性或慢性痛风关节炎是痛风最常见的临床表现,急性痛风关节炎表现为突发的某个下肢大关节红、肿、热、痛。如果不治疗,一般红、肿、热、痛5-7天可以明显好转。经过规律的消炎、消肿、止痛治疗,红、肿、热、痛3-5天应该能明显缓解",Doc_train_0717_0860,train_0717,gold,1.0
Event_4cf3e2620427,急性或慢性痛风关节炎,红、肿、热、痛3-5天应该能明显缓解,经过规律的消炎、消肿、止痛治疗,"痛风是由于长期血尿酸增高引起的一组代谢综合征,常见的临床表现包括急性或慢性痛风关节炎、痛风性肾病。另外,长期血尿酸增高对患者心脑血管和血糖会造成不良影响。痛风消肿一般要几天?急性或慢性痛风关节炎是痛风最常见的临床表现,急性痛风关节炎表现为突发的某个下肢大关节红、肿、热、痛。如果不治疗,一般红、肿、热、痛5-7天可以明显好转。经过规律的消炎、消肿、止痛治疗,红、肿、热、痛3-5天应该能明显缓解。",Doc_train_0717_0860,train_0717,gold,1.0
Event_378d54c2cec4,癫痫,大脑长时间缺氧,"发作时间较长,达到癫痫持续状态","癫痫对儿童智力是否有影响,取决于发作范围、发作程度、发作频率以及特定癫痫综合征,具体如下:1、发作范围:若范围较为局限,仅影响脑部小范围放电,对智力无明显影响。但若未弥漫性、广泛性放电,则对大脑影响范围较大,可导致智力发育低下的发生;2、发作程度:若发作较为轻微,则对智力无明显影响。若发作时间较长,达到癫痫持续状态,则可导致大脑长时间缺氧或脑功能损伤的发生,进而影响智力发育;3、发作频率:若患儿发作频率较低",Doc_train_0717_0865,train_0717,gold,1.0
Event_29bc42c05567,癫痫,脑功能损伤,"发作时间较长,达到癫痫持续状态","癫痫对儿童智力是否有影响,取决于发作范围、发作程度、发作频率以及特定癫痫综合征,具体如下:1、发作范围:若范围较为局限,仅影响脑部小范围放电,对智力无明显影响。但若未弥漫性、广泛性放电,则对大脑影响范围较大,可导致智力发育低下的发生;2、发作程度:若发作较为轻微,则对智力无明显影响。若发作时间较长,达到癫痫持续状态,则可导致大脑长时间缺氧或脑功能损伤的发生,进而影响智力发育;3、发作频率:若患儿发作频率较低,则对智力无",Doc_train_0717_0865,train_0717,gold,1.0
Event_1ee2ec5b78b3,癫痫,患儿的智力发育会产生一定影响,发作频率较高,"癫痫对儿童智力是否有影响,取决于发作范围、发作程度、发作频率以及特定癫痫综合征,具体如下:1、发作范围:若范围较为局限,仅影响脑部小范围放电,对智力无明显影响。但若未弥漫性、广泛性放电,则对大脑影响范围较大,可导致智力发育低下的发生;2、发作程度:若发作较为轻微,则对智力无明显影响。若发作时间较长,达到癫痫持续状态,则可导致大脑长时间缺氧或脑功能损伤的发生,进而影响智力发育;3、发作频率:若患儿发作频率较低,则对智力无明显影响。若发作频率较高,则对患儿的智力发育会产生一定影响。",Doc_train_0717_0865,train_0717,gold,1.0
Event_beace40fb76c,癫痫,大脑影响范围较大,未弥漫性、广泛性放电,"癫痫对儿童智力是否有影响,取决于发作范围、发作程度、发作频率以及特定癫痫综合征,具体如下:1、发作范围:若范围较为局限,仅影响脑部小范围放电,对智力无明显影响。但若未弥漫性、广泛性放电,则对大脑影响范围较大,可导致智力发育低下的发生;2、发作程度:若发作较为轻微,则对智力无明",Doc_train_0717_0865,train_0717,gold,1.0
Event_fffb32d89db7,怀孕,月经推迟后,"生育年龄的女性有性生活史,而没有采取避孕措施","月经推迟四天可以检测出怀孕的状态,但有时可能还需要复查。一般在月经推迟后伴有早孕反应,比如恶心、呕吐、吐酸水、喜食酸性的食物、厌恶油腻性的气味,就高度怀疑怀孕。在生育年龄的女性有性生活史,而没有采取避孕措施,出现停经的情况,月经推迟后最大的可能性就是怀孕。而查尿hcg检测早晨",Doc_train_0717_0868,train_0717,gold,1.0
Event_c628c7bcbc21,怀孕,停经,"生育年龄的女性有性生活史,而没有采取避孕措施","月经推迟四天可以检测出怀孕的状态,但有时可能还需要复查。一般在月经推迟后伴有早孕反应,比如恶心、呕吐、吐酸水、喜食酸性的食物、厌恶油腻性的气味,就高度怀疑怀孕。在生育年龄的女性有性生活史,而没有采取避孕措施,出现停经的情况,月经推迟后最大的可能性就是怀孕。而查尿hcg检测早晨的尿液比较",Doc_train_0717_0868,train_0717,gold,1.0
Event_84ca5093c1dd,怀孕,月经推迟,早孕反应,"月经推迟四天可以检测出怀孕的状态,但有时可能还需要复查。一般在月经推迟后伴有早孕反应,比如恶心、呕吐、吐酸水、喜食酸性的食物、厌恶油腻性的气味,就高度怀疑",Doc_train_0717_0868,train_0717,gold,1.0
Event_877725161e80,青春期机体代谢非常旺盛,痤疮,18-25岁年龄段,"痘痘又叫青春痘,学名痤疮,是毛囊皮脂腺的慢性炎症性皮肤病。青春痘是一个多因素疾病,比如内分泌因素、毛囊皮脂腺导管堵塞、痤疮丙酸杆菌感染、炎症因子参与、遗传因素等都会导致痤疮出现。日常饮食,比如辛辣、刺激、油炸、油腻、甜食也可能诱发或者加重痤疮。另外一些人喜欢熬夜,反复长时间的熬夜也容易导致痤疮反复出现。临床上这些原因都很难完全避免,尤其在18-25岁年龄段,这是青春期机体代谢非常旺盛的年龄段,出现个别痤疮在正常范围内,只要单纯外用药物即可。但是如果出现",Doc_train_0717_0869,train_0717,gold,1.0
Event_918af565c2ca,软骨一经裸露,关节面不光滑,关节软骨增生能力比较差,"以后很难修复。膝关节软骨损伤比较轻的患者可能短时间疼痛,到了晚期,如果关节软骨增生能力比较差,软骨一经裸露,导致关节面不光滑,可能晚期会产生骨关节炎症状。所以要提醒大家,在做运动时,包括在其它锻",Doc_train_0717_0877,train_0717,gold,1.0
Event_9d8efca2fd17,软骨一经裸露,晚期会产生骨关节炎症状,关节软骨增生能力比较差,"以后很难修复。膝关节软骨损伤比较轻的患者可能短时间疼痛,到了晚期,如果关节软骨增生能力比较差,软骨一经裸露,导致关节面不光滑,可能晚期会产生骨关节炎症状。所以要提醒大家,在做运动时,包括在其它锻炼时,一定要注意保护自己,避",Doc_train_0717_0877,train_0717,gold,1.0
Event_7e7c7314e825,充血,阴茎的勃起,包含有海绵体,"裹,形成阴茎的全长。尿道海绵体内包含有尿道,所以具有排尿的功能。其中也包含有海绵体,所以也会发生充血造成阴茎的勃起。共同与阴茎的海绵体维持正常人的排尿及其充分的勃起来完成性交,使女方怀",Doc_train_0717_0878,train_0717,gold,1.0
Event_5343eda9368d,消化不良,肚子胀痛,怀孕,"怀孕期间如果肚子胀痛,大多是由于消化不良导致或者肠胃功能紊乱、胃肠蠕动减慢所致。因为绒毛膜促性腺素有抑制胃肠道",Doc_train_0717_0884,train_0717,gold,1.0
Event_3ee0815ed174,肠胃功能紊乱,肚子胀痛,怀孕,"怀孕期间如果肚子胀痛,大多是由于消化不良导致或者肠胃功能紊乱、胃肠蠕动减慢所致。因为绒毛膜促性腺素有抑制胃肠道蠕动的作用,所以孕妇",Doc_train_0717_0884,train_0717,gold,1.0
Event_67d08aa3e68f,胃肠蠕动减慢,肚子胀痛,怀孕,"怀孕期间如果肚子胀痛,大多是由于消化不良导致或者肠胃功能紊乱、胃肠蠕动减慢所致。因为绒毛膜促性腺素有抑制胃肠道蠕动的作用,所以孕妇更容易出现恶心",Doc_train_0717_0884,train_0717,gold,1.0
Event_7baa6f601a3c,绒毛膜促性腺素有抑制胃肠道蠕动,恶心,孕妇,"子胀痛,大多是由于消化不良导致或者肠胃功能紊乱、胃肠蠕动减慢所致。因为绒毛膜促性腺素有抑制胃肠道蠕动的作用,所以孕妇更容易出现恶心呕吐、腹胀等消化不良的症状。饮食上,少吃油腻、不易消化的食物,可以用健",Doc_train_0717_0884,train_0717,gold,1.0
Event_166c599ce7ca,绒毛膜促性腺素有抑制胃肠道蠕动,呕吐,孕妇,"子胀痛,大多是由于消化不良导致或者肠胃功能紊乱、胃肠蠕动减慢所致。因为绒毛膜促性腺素有抑制胃肠道蠕动的作用,所以孕妇更容易出现恶心呕吐、腹胀等消化不良的症状。饮食上,少吃油腻、不易消化的食物,可以用健脾胃",Doc_train_0717_0884,train_0717,gold,1.0
Event_c6f8b57a7b41,绒毛膜促性腺素有抑制胃肠道蠕动,腹胀,孕妇,"子胀痛,大多是由于消化不良导致或者肠胃功能紊乱、胃肠蠕动减慢所致。因为绒毛膜促性腺素有抑制胃肠道蠕动的作用,所以孕妇更容易出现恶心呕吐、腹胀等消化不良的症状。饮食上,少吃油腻、不易消化的食物,可以用健脾胃助消化",Doc_train_0717_0884,train_0717,gold,1.0
Event_95294abf82d3,同房,交叉感染给男性,炎症没有完全治疗好,"阴道用药,也不能冲洗阴道,能够保证检查结果的准确性。患者在停药后也不能同房,如果患者的炎症没有完全治疗好,患者同房容易交叉感染给男性,或者女性阴道炎已经治愈,但男性带菌的情况下可以交叉感染给女性。如果患",Doc_train_0717_0886,train_0717,gold,1.0
Event_d0694143df81,同房,交叉感染给女性,"女性阴道炎已经治愈,但男性带菌","阴道用药,也不能冲洗阴道,能够保证检查结果的准确性。患者在停药后也不能同房,如果患者的炎症没有完全治疗好,患者同房容易交叉感染给男性,或者女性阴道炎已经治愈,但男性带菌的情况下可以交叉感染给女性。如果患者用药三天之后来月经或者有阴道流血情况时,也不宜进行白带检查,",Doc_train_0717_0886,train_0717,gold,1.0
Event_89bccfe5370c,过度食用水果,消化不良,"夜间人体的消化系统处于休息状态,消化速度较慢","快也有利于带走人体内的部分热量,对于人体减肥有一定的作用,但是需要注意夜间人体的消化系统处于休息状态,消化速度较慢,过度食用水果容易造成人体消化不良,并囤积水果的热量,使人体发胖,所以夜间吃水果需要适度。",Doc_train_0717_0890,train_0717,gold,1.0
Event_dbd859d1307b,大量蛋白尿、肾病综合征的病人,肾小球滤过率都会下降,得不到积极的处理,"便在肾脏病的起始阶段,肌酐正常,我们也要对病人采取积极处理的方式,比如大量蛋白尿、肾病综合征的病人,有一些病理类型像iga肾病,如果得不到积极的处理,每年肾小球滤过率都会下降,所以不治疗,有的时候肾功能会出现由好到坏的明显进展。",Doc_train_0717_0891,train_0717,gold,1.0
Event_d50672133c22,iga肾病,肾小球滤过率都会下降,得不到积极的处理,"采取积极处理的方式,比如大量蛋白尿、肾病综合征的病人,有一些病理类型像iga肾病,如果得不到积极的处理,每年肾小球滤过率都会下降,所以不治疗,有的时候肾功能会出现由好到坏的明显进展。",Doc_train_0717_0891,train_0717,gold,1.0
Event_674dd2db56aa,大量蛋白尿、肾病综合征的病人,肾功能会出现由好到坏的明显进展,不治疗,"便在肾脏病的起始阶段,肌酐正常,我们也要对病人采取积极处理的方式,比如大量蛋白尿、肾病综合征的病人,有一些病理类型像iga肾病,如果得不到积极的处理,每年肾小球滤过率都会下降,所以不治疗,有的时候肾功能会出现由好到坏的明显进展。",Doc_train_0717_0891,train_0717,gold,1.0
Event_b31f1a1c7be9,iga肾病,肾功能会出现由好到坏的明显进展,不治疗,"采取积极处理的方式,比如大量蛋白尿、肾病综合征的病人,有一些病理类型像iga肾病,如果得不到积极的处理,每年肾小球滤过率都会下降,所以不治疗,有的时候肾功能会出现由好到坏的明显进展。",Doc_train_0717_0891,train_0717,gold,1.0
Event_925488fe968a,合并有支气管肺炎,咳嗽,肺炎,"洁,多饮水。对症治疗,高热时可酌情使用小剂量的解热的药物或者物理降温,咳嗽可用祛痰镇咳药,剧咳或烦躁不安可用少量的镇静药,体弱病重患儿可早期注射丙种球蛋白,必要时候要输氧,保证水电解质及酸碱平衡等。并发症治疗包括喉炎、肺炎、心肌炎、脑炎等方面的治疗。如果出现喉炎一定要注意保持咽喉部通畅,防止出现喉部梗阻、喉头水肿,要积极抗感染治疗,肺炎如果出现咳嗽、咳痰,咳得比较厉害,持续发热、高热,一定要给小孩拍胸片,进一步排查是不是合并有支气管肺炎,要积极抗感染治疗,用排痰药物。小孩子突然出现胸闷、气促很厉害或心跳异",Doc_train_0717_0897,train_0717,gold,1.0
Event_329cb68b2c00,合并有支气管肺炎,咳痰,肺炎,"球蛋白,必要时候要输氧,保证水电解质及酸碱平衡等。并发症治疗包括喉炎、肺炎、心肌炎、脑炎等方面的治疗。如果出现喉炎一定要注意保持咽喉部通畅,防止出现喉部梗阻、喉头水肿,要积极抗感染治疗,肺炎如果出现咳嗽、咳痰,咳得比较厉害,持续发热、高热,一定要给小孩拍胸片,进一步排查是不是合并有支气管肺炎,要积极抗感染治疗,用排痰药物。小孩子突然出现胸闷、气促很厉害或心跳异",Doc_train_0717_0897,train_0717,gold,1.0
Event_81d639f4677b,合并有支气管肺炎,咳得比较厉害,肺炎,"球蛋白,必要时候要输氧,保证水电解质及酸碱平衡等。并发症治疗包括喉炎、肺炎、心肌炎、脑炎等方面的治疗。如果出现喉炎一定要注意保持咽喉部通畅,防止出现喉部梗阻、喉头水肿,要积极抗感染治疗,肺炎如果出现咳嗽、咳痰,咳得比较厉害,持续发热、高热,一定要给小孩拍胸片,进一步排查是不是合并有支气管肺炎,要积极抗感染治疗,用排痰药物。小孩子突然出现胸闷、气促很厉害或心跳异",Doc_train_0717_0897,train_0717,gold,1.0
Event_34c823c94e80,合并有支气管肺炎,持续发热、高热,肺炎,"球蛋白,必要时候要输氧,保证水电解质及酸碱平衡等。并发症治疗包括喉炎、肺炎、心肌炎、脑炎等方面的治疗。如果出现喉炎一定要注意保持咽喉部通畅,防止出现喉部梗阻、喉头水肿,要积极抗感染治疗,肺炎如果出现咳嗽、咳痰,咳得比较厉害,持续发热、高热,一定要给小孩拍胸片,进一步排查是不是合并有支气管肺炎,要积极抗感染治疗,用排痰药物。小孩子突然出现胸闷、气促很厉害或心跳异",Doc_train_0717_0897,train_0717,gold,1.0
Event_52866570914a,酗酒的男性,缺乏锌元素,酒精类饮料可以加速锌的排泄,"放顶体酶,需要的时候却没有可用的顶体酶破坏卵子外膜,生育变得无望。此外酒精类饮料可以加速锌的排泄,经常酗酒的男性更加缺乏锌元素,而微量元素锌是保障男性前列腺健康和精子活动能力的重要成分之一,因此对",Doc_train_0717_0904,train_0717,gold,1.0
Event_047129bdbadb,脂肪粒,眼皮上的白点,"在眼睑皮肤,没有疼痛症状","眼皮上的白点如果在眼睑皮肤,没有疼痛症状,一般是脂肪粒,没有特殊治疗必要。如果患者感觉影响外观可以将皮肤挑开,取出内部脂质组",Doc_train_0717_0905,train_0717,gold,1.0
Event_36747a642d45,睑板腺腺口堵塞,脂栓,在睑缘上,"皮肤挑开,取出内部脂质组织,皮肤愈合后可自行恢复,但容易反复形成。如果在睑缘上,考虑是睑板腺腺口堵塞形成的脂栓,如果没有明显的眼部干涩等不适,也可以先观察。主要的治疗方式是使用热敷",Doc_train_0717_0905,train_0717,gold,1.0
Event_5614420d3e83,恶性,不适症状,癌胚抗原在正常值范围内,",没有任何临床症状,这种情况建议患者定期复查、密切随诊。第二、若患者有不适症状或者有病变,有肿物或占位,尽管癌胚抗原在正常值范围内,也同样不能够排除恶性的可能性,一定要结合相关检查,必要时做穿刺活检病理检查进一步明确诊断。",Doc_train_0717_0910,train_0717,gold,1.0
Event_1cd3c704a4e5,恶性,病变,癌胚抗原在正常值范围内,"症状,这种情况建议患者定期复查、密切随诊。第二、若患者有不适症状或者有病变,有肿物或占位,尽管癌胚抗原在正常值范围内,也同样不能够排除恶性的可能性,一定要结合相关检查,必要时做穿刺活检病理检查进一步明确诊断。",Doc_train_0717_0910,train_0717,gold,1.0
Event_9d5a3580c9c7,恶性,肿物,癌胚抗原在正常值范围内,"种情况建议患者定期复查、密切随诊。第二、若患者有不适症状或者有病变,有肿物或占位,尽管癌胚抗原在正常值范围内,也同样不能够排除恶性的可能性,一定要结合相关检查,必要时做穿刺活检病理检查进一步明确诊断。",Doc_train_0717_0910,train_0717,gold,1.0
Event_cf245c4ef9bf,恶性,占位,癌胚抗原在正常值范围内,"建议患者定期复查、密切随诊。第二、若患者有不适症状或者有病变,有肿物或占位,尽管癌胚抗原在正常值范围内,也同样不能够排除恶性的可能性,一定要结合相关检查,必要时做穿刺活检病理检查进一步明确诊断。",Doc_train_0717_0910,train_0717,gold,1.0
Event_1207a7ace727,类风湿性的疾病,晨起时的腰疼,类风湿累及脊柱,"的患者也可以出现晨起时腰疼的厉害,而在活动一会之后就能有所好转。第三、类风湿性的疾病,当类风湿累及脊柱时,就可以出现晨起时的腰疼,这时要进行血的化验以及脊柱的x线片、核磁的检查进行早期的诊断和治疗。",Doc_train_0717_0914,train_0717,gold,1.0
Event_87c9f72cea2f,趴着睡觉,压迫宝宝,怀孕早期,"孕期睡觉正确姿势根据怀孕时期不同,睡觉的姿势也不同。在怀孕早期孕妇可以采取自己喜欢的睡觉姿势,但是不能趴着睡觉,容易压迫宝宝,影响孩子的发育,可以平躺、侧卧等。到了怀孕中期,由于子宫增大,容易压",Doc_train_0717_0917,train_0717,gold,1.0
Event_0b4c5dae9f20,子宫增大,压迫主动脉和髋动脉,怀孕中期,"但是不能趴着睡觉,容易压迫宝宝,影响孩子的发育,可以平躺、侧卧等。到了怀孕中期,由于子宫增大,容易压迫主动脉和髋动脉,会影响血液循环,最好采取左侧卧位,可以增加胎盘血流量,预防胎儿宫内缺",Doc_train_0717_0917,train_0717,gold,1.0
Event_88bafd14699b,平躺,呼吸困难,怀孕中期,"己喜欢的睡觉姿势,但是不能趴着睡觉,容易压迫宝宝,影响孩子的发育,可以平躺、侧卧等。到了怀孕中期,由于子宫增大,容易压迫主动脉和髋动脉,会影响血液循环,最好采取左侧卧位,可以增加胎盘血流量,预防胎儿宫内缺氧,有助于宝宝发育。最好不要平躺,以免引起呼吸困难等。到了孕晚期可以采取左侧卧位和右侧卧位,都不会影响宝宝的发育。在孕晚",Doc_train_0717_0917,train_0717,gold,1.0
Event_02ac3572be50,脑子缺氧,影响到脑子的意识状态,时间长,",一般贫血不至于引起到嗜睡的情况,但是严重贫血有可能因为严重缺氧,导致脑子缺氧可以晕厥,时间长可能影响到脑子的意识状态,会引起容易嗜睡、睡眠不多等情况。贫血不重,纠正贫血后仍旧失眠,容易嗜",Doc_train_0717_0920,train_0717,gold,1.0
Event_4880c5e322d7,感冒进一步入侵,血小板减少,不得到及时的救治,"感冒可能会导致血小板减少,感冒是常见的疾病,主要的类型是由于抵抗力下降,病原体入侵导致上呼吸道感染,如果不得到及时的救治,感冒进一步入侵,可能会导致血小板减少的情况。血小板减少会影响患者的凝血功能,在受伤时",Doc_train_0717_0921,train_0717,gold,1.0
Event_358759f6aedd,动脉粥样硬化,二尖瓣少量反流,老年的患者,"二尖瓣少量反流多数患者是没有相关症状的,一少部分的患者会出现自觉的胸闷气短、心慌、呼吸困难,甚至是心前区疼痛、头晕等一些心脏的相关症状。多数患者是在体检中查心脏彩超时候发现的,多见于老年的患者,是动脉粥样硬化的表现。如果查出有二尖瓣少量的反流,要嘱患者每年定期的查心脏彩超进行随",Doc_train_0717_0922,train_0717,gold,1.0
Event_50f50de5665a,过多的说话,明显的头晕,"长时间的熬夜、睡眠严重的不足或者睡眠的质量不好,身体比较疲乏","可能和说话的时候,过度的激动或者兴奋等,导致的血压升高有关系。如果是在长时间的熬夜、睡眠严重的不足或者睡眠的质量不好,身体比较疲乏的情况下,过多的说话,很容易导致出现明显的头晕、乏力、精神不振等症状。说话多了会头晕,也有可能是和说话的频率过快,长",Doc_train_0717_0923,train_0717,gold,1.0
Event_c2b049e146b9,过多的说话,乏力,"长时间的熬夜、睡眠严重的不足或者睡眠的质量不好,身体比较疲乏","可能和说话的时候,过度的激动或者兴奋等,导致的血压升高有关系。如果是在长时间的熬夜、睡眠严重的不足或者睡眠的质量不好,身体比较疲乏的情况下,过多的说话,很容易导致出现明显的头晕、乏力、精神不振等症状。说话多了会头晕,也有可能是和说话的频率过快,长时间说",Doc_train_0717_0923,train_0717,gold,1.0
Event_df25c85d21e5,过多的说话,精神不振,"长时间的熬夜、睡眠严重的不足或者睡眠的质量不好,身体比较疲乏","可能和说话的时候,过度的激动或者兴奋等,导致的血压升高有关系。如果是在长时间的熬夜、睡眠严重的不足或者睡眠的质量不好,身体比较疲乏的情况下,过多的说话,很容易导致出现明显的头晕、乏力、精神不振等症状。说话多了会头晕,也有可能是和说话的频率过快,长时间说话,通气和",Doc_train_0717_0923,train_0717,gold,1.0
Event_8a41eab005de,说话过多,加重脑部缺血、缺氧,脑血管的疾病,"二氧化碳增多,吸入氧气减少,头部血流灌注不足而出现的头晕有关。如果患有脑血管的疾病,腔隙性的脑梗塞、脑供血不足、脑动脉硬化等疾病,说话过多的时候,也有可能会加重脑部缺血、缺氧,导致出现头晕、头痛等症状。",Doc_train_0717_0923,train_0717,gold,1.0
Event_546ef4ddc801,出血风险非常大,脑出血出血量一般比较大,"使用抗凝药物常见的是用华法林,如果患者inr值控制不好","造成脑出血,像服用抗凝药物或抗血小板药物,可以造成药物性脑出血。尤其是使用抗凝药物常见的是用华法林,如果患者inr值控制不好出血风险非常大,脑出血出血量一般比较大,还有脑出血的原因是患者存在血管畸形或动脉瘤、烟雾病,这类疾病是造成脑",Doc_train_0717_0927,train_0717,gold,1.0
Event_45fdb77b38e6,血管壁的直接损伤作用,激活了凝血系统,高血压,"肾小动脉有纤维梗死是原发性恶性高血压所表现出来的一种症状。那么,什么原因会引致患者肾小动脉有纤维梗死?下面简单介绍一下:1、血压增高的直接作用:当血压显著升高时血管壁张力增大,使得血管内皮细胞损伤,通透性增强,血液中纤维素等成分渗入血管壁,产生小动脉的病理改变。2、肾素、血管紧张素的作用:在恶性小动脉性肾硬化时血中肾素和血管紧张素水平升高,提示其在发病中起一定作用。当高血压引起肾血管损伤时,使得肾组织明显缺血,激活肾素、血管紧张素系统,使肾素、血管紧张素产生增加,这又加剧了血压升高和肾血管的病变,加重肾脏缺血,从而构成恶性循环。3、微血管内凝血:高血压时血管壁的直接损伤作用,激活了凝血系统,使管壁发生血小板凝聚和纤维蛋白的沉积,刺激平滑肌细胞肥大和增生。同时",Doc_train_0717_0928,train_0717,gold,1.0
Event_5145a40c38e6,胆汁淤积综合征,尿黄,孕晚期,"在怀孕晚期尿液偏黄,这种情况应该注意观察有没有不舒服的现象。引起尿液偏黄的原因有很多种,首先是泌尿系感染,会出现尿黄,在这期间还会伴随有尿频、尿急、尿痛的现象。需要做尿常规的检查,确定有炎症感染的时候,需要及时的用消炎的药物治疗,平时应该注意多喝温开水加速代谢,还需要注意卫生。其次就是在上火的时候会出现尿黄的症状,需要注意多喝水缓解症状。最后如果在孕晚期有胆汁淤积综合征的时候,也会出现尿黄的症状,需要及时的抽取孕妇的血清,检查血清总胆黄素",Doc_train_0717_0932,train_0717,gold,1.0
Event_5aa254f460ba,胆汁淤积综合征,尿液偏黄,孕晚期,"在怀孕晚期尿液偏黄,这种情况应该注意观察有没有不舒服的现象。引起尿液偏黄的原因有很多种,首先是泌尿系感染,会出现尿黄,在这期间还会伴随有尿频、尿急、尿痛的现象。需要做尿常规的检查,确定有炎症感染的时候,需要及时的用消炎的药物治疗,平时应该注意多喝温开水加速代谢,还需要注意卫生。其次就是在上火的时候会出现尿黄的症状,需要注意多喝水缓解症状。最后如果在孕晚期有胆汁淤积综合征的时候,也会出现尿黄的症状,需要及时的抽取孕妇的血清,检查血清总胆黄素",Doc_train_0717_0932,train_0717,gold,1.0
Event_81fb9693e502,肩关节周围炎症,肩胛部疼痛,肩锁关节损伤为主,"右后背肩胛附近疼痛的原因主要有肩袖损伤、肩关节周围炎症、牵涉痛、肿瘤等,具体如下:1、肩袖损伤:以肩袖损伤最为常见,这里面以撞击综合征、肩袖的肌腱炎、肩袖韧带变细和肩袖韧带撕裂等为主要表现,可以结合影像学资料、体征检查来明确诊断。2、肩关节周围炎症:肩关节周围炎症也可以出现右后背肩胛骨附近疼痛,如果患者以肩锁关节损伤为主,可以伴发肩胛部疼痛,这里还包括肩胛下的滑囊炎,通过局部麻醉药物进行封闭治疗有效。在肩关节",Doc_train_0717_0934,train_0717,gold,1.0
Event_8239afcc41da,肩关节周围炎症,肩胛下的滑囊炎,肩锁关节损伤为主,"右后背肩胛附近疼痛的原因主要有肩袖损伤、肩关节周围炎症、牵涉痛、肿瘤等,具体如下:1、肩袖损伤:以肩袖损伤最为常见,这里面以撞击综合征、肩袖的肌腱炎、肩袖韧带变细和肩袖韧带撕裂等为主要表现,可以结合影像学资料、体征检查来明确诊断。2、肩关节周围炎症:肩关节周围炎症也可以出现右后背肩胛骨附近疼痛,如果患者以肩锁关节损伤为主,可以伴发肩胛部疼痛,这里还包括肩胛下的滑囊炎,通过局部麻醉药物进行封闭治疗有效。在肩关节周围炎中,如骨性关节炎、炎",Doc_train_0717_0934,train_0717,gold,1.0
Event_8d184a9c3580,腰椎横突综合征,大腿出现抽筋,腰部疼痛和腿部抽筋症状同时出现,"腰部疼痛和腿部抽筋症状同时出现,如果是大腿出现抽筋的症状,很有可能是腰椎横突综合征导致的。腰椎横突综合征最经常发生在第3腰椎,而第3腰椎神经所控制的区域",Doc_train_0717_0936,train_0717,gold,1.0
Event_996a987918b0,骨质疏松,腰疼,女性,"否患有腰椎间盘突出,如果腰椎没有相关的病变,出现这种症状很有可能是由于骨质疏松导致的,尤其是女性的骨质疏松患者经常会出现腰疼和腿部抽筋的症状。",Doc_train_0717_0936,train_0717,gold,1.0
Event_04ecb97ad3a5,骨质疏松,腿部抽筋,女性,"腰部疼痛和腿部抽筋症状同时出现,如果是大腿出现抽筋的症状,很有可能是腰椎横突综合征导致的。腰椎横突综合征最经常发生在第3腰椎,而第3腰椎神经所控制的区域一般都在膝关节以上,当腰部经常活动,经常弯腰劳动,腰椎横突反复摩擦周围软组织,会造成周围软组织的炎症,炎症会刺激到第3腰椎神经使腿部产生疼痛的症状。有一些患者会在神经受到刺激后出现大腿的痉挛、抽筋的表现。出现这种症状,最好及时检查腰椎的ct或者核磁共振,检查腰椎横突的同时还能排除是否患有腰椎间盘突出,如果腰椎没有相关的病变,出现这种症状很有可能是由于骨质疏松导致的,尤其是女性的骨质疏松患者经常会出现腰疼和腿部抽筋的症状。",Doc_train_0717_0936,train_0717,gold,1.0
Event_f6ed8afea9f5,食管癌,进食哽噎,出现多处转移,"食管肿瘤患者存活时间基本上在几个月到几十年,为什么跨度这么大,因为食管癌如果出现多处转移,进食哽噎,而且导致恶病质的情况,生存期就是几个月,倒计时的时候可能一个月都活不",Doc_train_0717_0937,train_0717,gold,1.0
Event_3fed73a874d4,食管癌,恶病质,出现多处转移,"食管肿瘤患者存活时间基本上在几个月到几十年,为什么跨度这么大,因为食管癌如果出现多处转移,进食哽噎,而且导致恶病质的情况,生存期就是几个月,倒计时的时候可能一个月都活不上。如果食管肿瘤",Doc_train_0717_0937,train_0717,gold,1.0
Event_dfd1da2f9366,癌症,很难活过1-2个月,晚期、多发转移、广泛转移、恶病质,"灶小,而且是良性,很快就解决了病灶,能够切掉病灶,病人就能生存。但如果癌症又是晚期、多发转移、广泛转移、恶病质,病人就很难活过1-2个月。",Doc_train_0717_0937,train_0717,gold,1.0
Event_7d4e89d992ae,胚胎发育出现了问题,5天之后检查胎心还是呈微弱的状态,"这个时候正常情况下,会发现原始心管搏动是非常明显的","发现的原始心管波动相对比较微弱,建议可以间隔5天再做1次b超检查。如果这个时候正常情况下,会发现原始心管搏动是非常明显的,建议临床上可以继续妊娠,如果通过5天之后检查胎心还是呈微弱的状态,在临床上有可能胚胎发育出现了问题,建议临床上继续监测,必要的时候3天以后再做b超检查。",Doc_train_0717_0942,train_0717,gold,1.0
Event_f4a40b573f28,胃消化功能不好,想吐,孕晚期,"孕晚期还有想吐的感觉,应该是胃消化功能不好引发的。在孕晚期的时候,由于胎儿增长,子宫增大,会压迫到附近的脏器,导",Doc_train_0717_0944,train_0717,gold,1.0
Event_f37d5b3fc497,胎儿增长,压迫到附近的脏器,孕晚期,"孕晚期还有想吐的感觉,应该是胃消化功能不好引发的。在孕晚期的时候,由于胎儿增长,子宫增大,会压迫到附近的脏器,导致胃肠道的容积变小,蠕动功能缓慢,会表现出消化不良的症状,会出现恶",Doc_train_0717_0944,train_0717,gold,1.0
Event_085f9d4186d4,子宫增大,压迫到附近的脏器,孕晚期,"孕晚期还有想吐的感觉,应该是胃消化功能不好引发的。在孕晚期的时候,由于胎儿增长,子宫增大,会压迫到附近的脏器,导致胃肠道的容积变小,蠕动功能缓慢,会表现出消化不良的症状,会出现恶",Doc_train_0717_0944,train_0717,gold,1.0
Event_741019259b66,某些慢性的疾病,浑身乏力,没有得到比较好的治疗,"能有以下几方面的原因:1、睡眠不足:如果存在长期的睡眠不足,可能会感觉浑身乏力、精神不振;2、抑郁状态:如果感到情绪低落,对很多事情都缺乏兴趣,从事以前感兴趣的事情时乐趣丧失,如果出现类似症状,可能伴有浑身乏力、没有精神等情况,属于抑郁状态或者抑郁症的表现。这时可能需要针对抑郁情绪进行干预和治疗;3、慢性疾病:某些慢性的疾病如果没有得到比较好的治疗,也可能出现浑身乏力、没有精神的情况,如恶性肿瘤和消耗性疾病的患者可能",Doc_train_0717_0945,train_0717,gold,1.0
Event_bb7b952728e1,某些慢性的疾病,没有精神,没有得到比较好的治疗,"感到没有精神和乏力,对于青年人而言,可能有以下几方面的原因:1、睡眠不足:如果存在长期的睡眠不足,可能会感觉浑身乏力、精神不振;2、抑郁状态:如果感到情绪低落,对很多事情都缺乏兴趣,从事以前感兴趣的事情时乐趣丧失,如果出现类似症状,可能伴有浑身乏力、没有精神等情况,属于抑郁状态或者抑郁症的表现。这时可能需要针对抑郁情绪进行干预和治疗;3、慢性疾病:某些慢性的疾病如果没有得到比较好的治疗,也可能出现浑身乏力、没有精神的情况,如恶性肿瘤和消耗性疾病的患者可能",Doc_train_0717_0945,train_0717,gold,1.0
Event_7023485f197c,长期坐着,瘙痒,股癣,"股癣的部位是患者的大腿根的内侧,所以叫股癣。股癣是体癣的一种,主要是由于表皮癣菌侵犯皮肤的角质层,引起的皮肤出现红斑、丘疹,甚至水疱、脱屑、瘙痒严重。这些发病的患者,会长期坐着,出汗比较多,通风比较差,会伴有瘙痒,这种病也有一定的传染性。股癣发病",Doc_train_0717_0946,train_0717,gold,1.0
Event_667c34c9feeb,出汗比较多,瘙痒,股癣,"股癣的部位是患者的大腿根的内侧,所以叫股癣。股癣是体癣的一种,主要是由于表皮癣菌侵犯皮肤的角质层,引起的皮肤出现红斑、丘疹,甚至水疱、脱屑、瘙痒严重。这些发病的患者,会长期坐着,出汗比较多,通风比较差,会伴有瘙痒,这种病也有一定的传染性。股癣发病的时候,经大",Doc_train_0717_0946,train_0717,gold,1.0
Event_b793a9705c04,通风比较差,瘙痒,股癣,"股癣的部位是患者的大腿根的内侧,所以叫股癣。股癣是体癣的一种,主要是由于表皮癣菌侵犯皮肤的角质层,引起的皮肤出现红斑、丘疹,甚至水疱、脱屑、瘙痒严重。这些发病的患者,会长期坐着,出汗比较多,通风比较差,会伴有瘙痒,这种病也有一定的传染性。股癣发病的时候,经大夫诊断,股癣",Doc_train_0717_0946,train_0717,gold,1.0
Event_9399c5ec2ab3,低碳水饮食,死亡风险更高,非肥胖,"性的队列研究与荟萃分析显示,碳水化合物摄入量太少,会缩短寿命,尤其是在非肥胖的群体中,低碳水饮食死亡风险更高。长期不吃主食除了导致死亡风险增高以外,还可以导致肾结石、高尿酸血症、",Doc_train_0717_0949,train_0717,gold,1.0
Event_e4cf3287769b,治疗结束以后吃主食,体重有可能会反弹,长期维持低碳水化合物,"元素缺乏、中性粒细胞功能障碍、低蛋白血症,以及生长障碍等不良反应。如果长期维持低碳水化合物,在治疗结束以后吃主食,体重有可能会反弹。",Doc_train_0717_0949,train_0717,gold,1.0
Event_2be721f40ed1,临产,"规律宫缩出现30秒以上,并且5-6分钟出现一次","在孕晚期,尤其是孕37周以后","有疼痛、阴道流血、腹部下坠感,就证明是生理性的宫缩而不是病理性,也不是临产的征兆。女性在孕5-6个月开始,就会出现生理性的子宫收缩,持续30-60秒左右,不伴有疼痛,宫缩后自然缓解,腹部就自然变得较软。但是如果是在孕晚期,尤其是孕37周以后,围产期的孕妇出现腹部发硬,就要警惕是否是临产的征兆。如果伴有规律宫缩出现30秒以上,并且5-6分钟出现一次,出现阴道流血阴道流液或者是严重的腹痛,就应该及时的到医院待产。",Doc_train_0717_0951,train_0717,gold,1.0
Event_fdbdbe1f8c76,临产,阴道流血,"在孕晚期,尤其是孕37周以后","期出现腹部发硬,有可能是由于生理性宫缩引起。只要腹部发硬,不伴有疼痛、阴道流血、腹部下坠感,就证明是生理性的宫缩而不是病理性,也不是临产的征兆。女性在孕5-6个月开始,就会出现生理性的子宫收缩,持续30-60秒左右,不伴有疼痛,宫缩后自然缓解,腹部就自然变得较软。但是如果是在孕晚期,尤其是孕37周以后,围产期的孕妇出现腹部发硬,就要警惕是否是临产的征兆。如果伴有规律宫缩",Doc_train_0717_0951,train_0717,gold,1.0
Event_b521de23f3ba,临产,阴道流液,"在孕晚期,尤其是孕37周以后","有疼痛、阴道流血、腹部下坠感,就证明是生理性的宫缩而不是病理性,也不是临产的征兆。女性在孕5-6个月开始,就会出现生理性的子宫收缩,持续30-60秒左右,不伴有疼痛,宫缩后自然缓解,腹部就自然变得较软。但是如果是在孕晚期,尤其是孕37周以后,围产期的孕妇出现腹部发硬,就要警惕是否是临产的征兆。如果伴有规律宫缩出现30秒以上,并且5-6分钟出现一次,出现阴道流血阴道流液或者是严重的腹痛,就应该及时的到医院待产。",Doc_train_0717_0951,train_0717,gold,1.0
Event_f45d557ff6d7,临产,严重的腹痛,"在孕晚期,尤其是孕37周以后","有疼痛、阴道流血、腹部下坠感,就证明是生理性的宫缩而不是病理性,也不是临产的征兆。女性在孕5-6个月开始,就会出现生理性的子宫收缩,持续30-60秒左右,不伴有疼痛,宫缩后自然缓解,腹部就自然变得较软。但是如果是在孕晚期,尤其是孕37周以后,围产期的孕妇出现腹部发硬,就要警惕是否是临产的征兆。如果伴有规律宫缩出现30秒以上,并且5-6分钟出现一次,出现阴道流血阴道流液或者是严重的腹痛,就应该及时的到医院待产。",Doc_train_0717_0951,train_0717,gold,1.0
Event_0a3a03c1e038,临产,围产期的孕妇出现腹部发硬,"在孕晚期,尤其是孕37周以后","有疼痛、阴道流血、腹部下坠感,就证明是生理性的宫缩而不是病理性,也不是临产的征兆。女性在孕5-6个月开始,就会出现生理性的子宫收缩,持续30-60秒左右,不伴有疼痛,宫缩后自然缓解,腹部就自然变得较软。但是如果是在孕晚期,尤其是孕37周以后,围产期的孕妇出现腹部发硬,就要警惕是否是临产的征兆。如果伴有规律宫缩出现30秒以上,并且5-6",Doc_train_0717_0951,train_0717,gold,1.0
Event_dddc0933724d,肿瘤,压迫周围的血管,长到一定程度,"分的覆盖,手指遭受到窗户没关冷风吹到手指也会出现肿胀。第三、比如指骨的肿瘤,某些良性肿瘤疼痛可能并不明显,当肿瘤长到一定程度,压迫周围的血管会出现肿胀。所以手指不会无缘无故的肿胀,一定是有原因的,需要到医院进行",Doc_train_0717_0955,train_0717,gold,1.0
Event_172f1caf0a1c,前列腺增生,严重影响患者的正常生活,没有及时的治疗或者治疗不当,"前列腺增生一旦发病患者就会出现尿频、排尿困难、尿痛等症状,如果没有及时的治疗或者治疗不当的话,就会严重影响患者的正常生活,对于患者来说,治疗都是很重要的。那么,男性得了前列腺增生该怎么治疗好",Doc_train_0717_0958,train_0717,gold,1.0
Event_0819f86ea65d,腰五骶一椎间盘突出,对神经造成骚扰,突出程度不大,"迫神经,导致神经支配区的肌肉出现牵扯样疼痛或者是隐隐作痛。最常见的就是腰五骶一椎间盘突出,压迫骶一神经根,如果突出程度不大,就会对神经造成骚扰,进而就会出现小腿后方腓肠肌区域的隐隐作痛,或者是牵扯样疼痛。此时应该",Doc_train_0717_0959,train_0717,gold,1.0
Event_d5b07bedc932,长期伏案工作、低头,鼻窦发生病变,中度或重度的颈椎病,"鼻窦部的病变很难发生,一般选用保守治疗,在颈椎病治愈后症状即可消失,但中度或重度的颈椎病,由于长期伏案工作、低头,导致鼻窦发生病变,有可能演变成鼻窦炎等情况。对于某些特殊的职业,比如教师,或者工人等容",Doc_train_0717_0965,train_0717,gold,1.0
Event_d7f4660ce236,糖尿病肾病,血肌酐将逐渐升高,随着病情发展,"糖尿病肾病指肾小球在长期高糖刺激下发生结节硬化,逐渐丧失功能,导致体内营养物质流失,多余水分和代谢废物无法排出。糖尿病肾病为糖尿病全身微血管病的合并症之一,可出现尿蛋白进行性增高,即小便中可出现类似洗衣粉样的泡沫,经久不消。同时,可出现血压升高,出现头晕、视物模糊等症状。此外,还可出现肢体浮肿,下肢一按一个坑。糖尿病肾病和其它肾炎相比,尿蛋白更加不容易下降,水肿更加严重。随着病情发展,血肌酐将逐渐升高。糖尿病肾病终末期通常将发展为尿毒症,需肾脏透析治疗。糖尿病肾病透析患",Doc_train_0717_0966,train_0717,gold,1.0
Event_5685e1136904,卵巢肿瘤,蒂蒂扭转,"良性的,包块也特别大","卵巢肿瘤分良性、恶性,如果良性的包块<5cm,可以动态观察,还可以查肿瘤标志物,有些肿瘤标志物特别高的就采取手术治疗。结合症状、体征,还有肿瘤标志物、影像学的改变来判断怎么治疗。如果是良性的,包块也特别大,容易出现蒂蒂扭转和坏死,还会出现恶变,这种情况下也考虑手术治疗。卵巢的恶性肿瘤也是以手",Doc_train_0717_0967,train_0717,gold,1.0
Event_24a4eaf267cc,卵巢肿瘤,坏死,"良性的,包块也特别大","卵巢肿瘤分良性、恶性,如果良性的包块<5cm,可以动态观察,还可以查肿瘤标志物,有些肿瘤标志物特别高的就采取手术治疗。结合症状、体征,还有肿瘤标志物、影像学的改变来判断怎么治疗。如果是良性的,包块也特别大,容易出现蒂蒂扭转和坏死,还会出现恶变,这种情况下也考虑手术治疗。卵巢的恶性肿瘤也是以手术为主",Doc_train_0717_0967,train_0717,gold,1.0
Event_54eea5537332,卵巢肿瘤,恶变,"良性的,包块也特别大","卵巢肿瘤分良性、恶性,如果良性的包块<5cm,可以动态观察,还可以查肿瘤标志物,有些肿瘤标志物特别高的就采取手术治疗。结合症状、体征,还有肿瘤标志物、影像学的改变来判断怎么治疗。如果是良性的,包块也特别大,容易出现蒂蒂扭转和坏死,还会出现恶变,这种情况下也考虑手术治疗。卵巢的恶性肿瘤也是以手术为主的综合治疗,如",Doc_train_0717_0967,train_0717,gold,1.0
Event_082ca7baa292,掉下巴,复发性关节脱位,没有固定三周,"掉下巴医学上称之为颞颌关节前脱位,常见的有两种,一种是急性的,一种是复发性的。如果是急性的,一般是第一次出现掉下巴,需要到正规医院的口腔科或者大型医院的口腔外科,由有经验的医生进行关节复位,把关节头从脱出的位置送回到正常的关节窝内复位,病人可以闭上嘴。关键的是复位后要用绷带固定关节三周,才能使脱位关节周围的关节囊撕裂得到修复。如果没有固定三周,没有修复好,就会出现复发性关节脱位,单纯复位不能解决,经常会出现脱位,需要进行手术,松弛的关节囊让它紧缩",Doc_train_0717_0973,train_0717,gold,1.0
Event_83be765d5404,掉下巴,复发性关节脱位,没有修复好,"掉下巴医学上称之为颞颌关节前脱位,常见的有两种,一种是急性的,一种是复发性的。如果是急性的,一般是第一次出现掉下巴,需要到正规医院的口腔科或者大型医院的口腔外科,由有经验的医生进行关节复位,把关节头从脱出的位置送回到正常的关节窝内复位,病人可以闭上嘴。关键的是复位后要用绷带固定关节三周,才能使脱位关节周围的关节囊撕裂得到修复。如果没有固定三周,没有修复好,就会出现复发性关节脱位,单纯复位不能解决,经常会出现脱位,需要进行手术,松弛的关节囊让它紧缩",Doc_train_0717_0973,train_0717,gold,1.0
Event_d559c200b6ae,继发性癫痫,大脑皮层造成不可逆的损害,反复发作,"往会出现明显的并发症,常见的并发症是患者会出现抽搐,这种抽搐往往是一种继发性癫痫,如果反复发作,可能会对患者的大脑皮层造成不可逆的损害,患者可能会出现智力的减低,或者继发性出现脑子萎缩。还有部分患者会出现",Doc_train_0717_0976,train_0717,gold,1.0
Event_321d603260e2,肾炎,尿量异常变化,久而久之,"女性尿液中有血有蛋白,需要到医院进一步的检查,来明确原因。1、肾炎,当患有肾炎时,可以造成有血尿和蛋白尿,久而久之可以造成患者出现有尿量异常变化,出现有水肿或者出现有肾功能的变化等。蛋白漏出增多,还可以导致患者出现",Doc_train_0717_0979,train_0717,gold,1.0
Event_8c0312ffebba,女生熬夜,乳腺增生,"卵巢、乳腺等,这些器官都比较敏感","女生熬夜的危害有以下几点:1、损伤皮肤比较多见,长期熬夜的女生会出现皮肤粗糙、无光泽、脸色偏黄,甚至出现斑点。2、内分泌失调,主要是熬夜过程中体内脏器得不到休息,出现激素分泌紊乱,比如月经不调、女性长胡须、长青春痘等。3、损伤精神,主要是长时间熬夜会导致失眠、健忘、焦虑等一系列精神症状,无法在白天更好的学习、工作。4、女性的生殖器官也会受到损伤,比较常见的是卵巢、乳腺等,这些器官都比较敏感,容易出现乳腺增生、卵巢早衰等,甚至会导致生育问题。",Doc_train_0717_0983,train_0717,gold,1.0
Event_370ca1a418c6,女生熬夜,卵巢早衰,"卵巢、乳腺等,这些器官都比较敏感","女生熬夜的危害有以下几点:1、损伤皮肤比较多见,长期熬夜的女生会出现皮肤粗糙、无光泽、脸色偏黄,甚至出现斑点。2、内分泌失调,主要是熬夜过程中体内脏器得不到休息,出现激素分泌紊乱,比如月经不调、女性长胡须、长青春痘等。3、损伤精神,主要是长时间熬夜会导致失眠、健忘、焦虑等一系列精神症状,无法在白天更好的学习、工作。4、女性的生殖器官也会受到损伤,比较常见的是卵巢、乳腺等,这些器官都比较敏感,容易出现乳腺增生、卵巢早衰等,甚至会导致生育问题。",Doc_train_0717_0983,train_0717,gold,1.0
Event_617cf1b9c1f3,女生熬夜,生育问题,"卵巢、乳腺等,这些器官都比较敏感","女生熬夜的危害有以下几点:1、损伤皮肤比较多见,长期熬夜的女生会出现皮肤粗糙、无光泽、脸色偏黄,甚至出现斑点。2、内分泌失调,主要是熬夜过程中体内脏器得不到休息,出现激素分泌紊乱,比如月经不调、女性长胡须、长青春痘等。3、损伤精神,主要是长时间熬夜会导致失眠、健忘、焦虑等一系列精神症状,无法在白天更好的学习、工作。4、女性的生殖器官也会受到损伤,比较常见的是卵巢、乳腺等,这些器官都比较敏感,容易出现乳腺增生、卵巢早衰等,甚至会导致生育问题。",Doc_train_0717_0983,train_0717,gold,1.0
Event_b2ee453925f0,先兆流产,下腹坠胀不适,怀孕后,"检查当天就可以出结果。通过对孕酮水平的检测,可以监测孕酮变化,排查有无先兆流产的倾向。怀孕后如果没有下腹坠胀不适,没有阴道出血等先兆流产的迹象,没有既往不良的孕产史,孕酮不是常规的监",Doc_train_0717_0988,train_0717,gold,1.0
Event_0c101ef765c0,先兆流产,阴道出血,怀孕后,"检查当天就可以出结果。通过对孕酮水平的检测,可以监测孕酮变化,排查有无先兆流产的倾向。怀孕后如果没有下腹坠胀不适,没有阴道出血等先兆流产的迹象,没有既往不良的孕产史,孕酮不是常规的监测项目,反之则",Doc_train_0717_0988,train_0717,gold,1.0
Event_c50ee4e66680,局部所分泌的液体没有被及时的吸收掉,局部囊性病变,久而久之,"双侧附睾头囊肿,主要指的是两侧的附睾头均出现了囊性病变。囊肿主要是由于局部所分泌的液体没有被及时的吸收掉,久而久之形成了局部囊性病变。有一些患者可能没有任何的临床症状,也没有相应的临床并发症。而有一些患",Doc_train_0717_0993,train_0717,gold,1.0
Event_2cf91447ab26,过多的热量会转化成脂肪,肥胖,日积月累,"于白天来说比较少,食物往往不能被消化,长此以往这会引起多方面问题。首先过多的热量会转化成脂肪,日积月累会造成肥胖,人的血脂会升高。老年人会更容易引起心脑血管疾病,儿童处于生长发育期,",Doc_train_0717_0998,train_0717,gold,1.0
Event_a6351241c537,过多的热量会转化成脂肪,血脂会升高,日积月累,"于白天来说比较少,食物往往不能被消化,长此以往这会引起多方面问题。首先过多的热量会转化成脂肪,日积月累会造成肥胖,人的血脂会升高。老年人会更容易引起心脑血管疾病,儿童处于生长发育期,过胖会影响骨骼发",Doc_train_0717_0998,train_0717,gold,1.0
Event_36ed3b202b87,过胖,影响骨骼发育,儿童,",日积月累会造成肥胖,人的血脂会升高。老年人会更容易引起心脑血管疾病,儿童处于生长发育期,过胖会影响骨骼发育,影响内分泌,女性青春期过胖会导致月经失调,同时会加重膝关节承重。饭后",Doc_train_0717_0998,train_0717,gold,1.0
Event_85c0b79b0cd4,过胖,影响内分泌,儿童,",日积月累会造成肥胖,人的血脂会升高。老年人会更容易引起心脑血管疾病,儿童处于生长发育期,过胖会影响骨骼发育,影响内分泌,女性青春期过胖会导致月经失调,同时会加重膝关节承重。饭后散步会增加肠",Doc_train_0717_0998,train_0717,gold,1.0
