entity_id,name,type,degree_count,main_source
E000000,咳嗽,Symptom,84,gold
E000001,发热,Symptom,71,gold
E000002,呕吐,Symptom,69,gold
E000003,恶心,Symptom,68,gold
E000004,感染,Disease,58,gold
E000005,高血压,TestResult,58,gold
E000006,疼痛,Symptom,56,gold
E000007,肺炎,Disease,56,gold
E000008,发烧,Symptom,52,gold
E000009,头晕,Symptom,52,gold
E000010,颈椎病,Disease,47,gold
E000011,消化不良,Other,44,gold
E000012,腹泻,Symptom,40,gold
E000013,冠心病,Disease,39,gold
E000014,乏力,Symptom,38,gold
E000015,尿频,Other,37,gold
E000016,感冒,Disease,37,gold
E000017,便秘,Other,36,gold
E000018,头痛,Symptom,36,gold
E000019,抑郁症,Disease,36,gold
E000020,肺结核,AnatomicalSite,35,gold
E000021,胸闷,Other,33,gold
E000022,咳痰,Symptom,32,gold
E000023,癫痫,Disease,32,gold
E000024,肿瘤,Disease,32,gold
E000025,腹胀,Other,31,gold
E000026,血尿,Other,31,gold
E000027,怀孕,Other,30,gold
E000028,胃溃疡,Disease,30,qwen
E000029,脑出血,Symptom,30,gold
E000030,腹痛,Symptom,30,gold
E000031,糖尿病,Disease,29,gold
E000032,不孕,Other,28,gold
E000033,心慌,AnatomicalSite,28,gold
E000034,出血,Symptom,27,gold
E000035,尿急,Other,27,gold
E000036,肩周炎,Disease,27,gold
E000037,呼吸困难,ClinicalSign,26,gold
E000038,晚期艾滋病,Disease,26,gold
E000039,上呼吸道感染,Disease,25,gold
E000040,性甲状腺激素、肾上腺激素分泌减少,TestResult,24,gold
E000041,焦虑症,Disease,24,gold
E000042,甲减,Other,23,gold
E000043,病毒感染,Disease,23,gold
E000044,眼睛肿,Symptom,23,gold
E000045,胃炎,Disease,23,gold
E000046,带状疱疹,Other,22,gold
E000047,结肠癌,Disease,22,gold
E000048,低血糖,Other,21,gold
E000049,感染性疾病,Disease,21,gold
E000050,支气管炎,Disease,21,gold
E000051,晕厥,Other,21,gold
E000052,细菌感染,Disease,21,gold
E000053,腰痛,Symptom,21,gold
E000054,荨麻疹,Other,21,gold
E000055,贫血,Other,21,gold
E000056,上火,Other,20,gold
E000057,动脉粥样硬化,PathologicalState,20,gold
E000058,左心衰竭,AnatomicalSite,20,gold
E000059,弱视,Other,20,gold
E000060,心悸,AnatomicalSite,20,gold
E000061,恶性肿瘤,MedicalCategory,20,gold
E000062,早搏,Disease,20,qwen
E000063,气短,Other,20,gold
E000064,炎症,Disease,20,gold
E000065,缺氧,Other,20,gold
E000066,肺癌,Disease,20,gold
E000067,心功能不全,PathologicalState,19,gold
E000068,急性肠胃炎,Disease,19,gold
E000069,支气管哮喘,Other,19,gold
E000070,消化道出血,Symptom,19,gold
E000071,焦虑,Other,19,gold
E000072,肥胖,RiskFactor,19,gold
E000073,胃肠道症状,MedicalCategory,19,gold
E000074,门静脉高压,Other,19,gold
E000075,呼吸道感染,Disease,18,gold
E000076,手抖,Other,18,gold
E000077,先兆流产,Other,17,gold
E000078,骨折,Other,17,gold
E000079,妊娠期糖尿病,Disease,16,gold
E000080,心律不齐,AnatomicalSite,16,gold
E000081,心肌炎,Disease,16,gold
E000082,手足口病,Disease,16,gold
E000083,水肿,ClinicalSign,16,gold
E000084,玫瑰痤疮,Other,16,gold
E000085,胃癌,Disease,16,gold
E000086,不良反应,PathologicalState,15,qwen
E000087,全身疾病,MedicalCategory,15,gold
E000088,前列腺炎,Disease,15,gold
E000089,外伤,RiskFactor,15,gold
E000090,婴儿甲状腺功能低下,PathologicalState,15,gold
E000091,婴儿肺炎,Disease,15,gold
E000092,尿路感染,Disease,15,gold
E000093,心肌病,Disease,15,gold
E000094,心衰,Disease,15,qwen
E000095,性功能障碍,PathologicalState,15,gold
E000096,早泄,Other,15,gold
E000097,流产,Other,15,gold
E000098,病理性黄疸,Disease,15,gold
E000099,肾炎,Disease,15,gold
E000100,失眠,Symptom,14,gold
E000101,婴儿脑发育的不良,AnatomicalSite,14,gold
E000102,尖锐湿疣,Other,14,gold
E000103,心力衰竭,AnatomicalSite,14,gold
E000104,心绞痛,Symptom,14,gold
E000105,心脏病,MedicalCategory,14,gold
E000106,打喷嚏,Other,14,gold
E000107,泌尿系统感染,Disease,14,gold
E000108,甲状腺功能减退,PathologicalState,14,gold
E000109,瘙痒,Symptom,14,gold
E000110,癌症,MedicalCategory,14,gold
E000111,糖尿病肾病,Disease,14,gold
E000112,细菌,RiskFactor,14,gold
E000113,股骨颈的滑膜疝,Other,14,gold
E000114,肾病综合征,Disease,14,gold
E000115,胃功能紊乱,PathologicalState,14,gold
E000116,脑供血不足,AnatomicalSite,14,gold
E000117,腱鞘囊肿,Disease,14,qwen
E000118,过午不进食减肥法,Other,14,gold
E000119,饮酒,RiskFactor,14,gold
E000120,儿童心肌炎,Disease,13,gold
E000121,坠积性肺炎,Disease,13,gold
E000122,尿道炎,Disease,13,gold
E000123,急性支气管炎,Disease,13,gold
E000124,正常雌激素会进入低潮,TestResult,13,gold
E000125,眩晕,Disease,13,qwen
E000126,神经症,Disease,13,gold
E000127,肝郁伤神,AnatomicalSite,13,gold
E000128,腰肌劳损,Other,13,gold
E000129,过敏,RiskFactor,13,gold
E000130,鼻炎,Disease,13,gold
E000131,呼吸道症状,MedicalCategory,12,gold
E000132,心血管疾病,Disease,12,gold
E000133,急性上呼吸道感染,Disease,12,gold
E000134,慢性支气管炎,Disease,12,gold
E000135,扩张型心肌病,Disease,12,gold
E000136,抑郁,Other,12,gold
E000137,早孕反应,MedicalCategory,12,gold
E000138,死亡,Other,12,gold
E000139,水钠潴留,PathologicalState,12,gold
E000140,泌尿系感染,Disease,12,gold
E000141,痛风,Symptom,12,gold
E000142,皮疹,Other,12,gold
E000143,神经根型颈椎病,Disease,12,gold
E000144,系统性红斑狼疮,Other,12,gold
E000145,脑梗,AnatomicalSite,12,gold
E000146,脓毒症,Disease,12,gold
E000147,药物,Treatment,12,gold
E000148,长期不吃主食,Other,12,gold
E000149,骨质疏松,Other,12,gold
E000150,体温升高,Other,11,gold
E000151,内分泌疾病,MedicalCategory,11,gold
E000152,剧烈运动,Other,11,gold
E000153,双颌前突,Other,11,gold
E000154,反酸,Other,11,gold
E000155,喉咙痛,Symptom,11,gold
E000156,多梦,Other,11,gold
E000157,头疼,Symptom,11,gold
E000158,小腿肚子没劲,Symptom,11,qwen
E000159,尿毒症,Disease,11,gold
E000160,局部炎症,Disease,11,gold
E000161,幽门螺旋杆菌,Other,11,gold
E000162,心脾气虚,AnatomicalSite,11,gold
E000163,急性呼吸窘迫综合征,ClinicalSign,11,gold
E000164,急性胃炎,Disease,11,gold
E000165,急进性肾小球肾炎,Disease,11,qwen
E000166,感染性皮肤病,MedicalCategory,11,gold
E000167,慢性炎症,MedicalCategory,11,gold
E000168,月经推迟,Other,11,gold
E000169,流鼻涕,AnatomicalSite,11,gold
E000170,牙髓炎,Disease,11,gold
E000171,甲亢,Other,11,gold
E000172,痰热内蕴,Other,11,gold
E000173,痰阻血瘀,Other,11,gold
E000174,白内障,Other,11,gold
E000175,类风湿性关节炎,Disease,11,qwen
E000176,肌肉痉挛,Other,11,gold
E000177,胸痛,Symptom,11,gold
E000178,脊髓灰质炎疫苗,Disease,11,gold
E000179,脑瘫,AnatomicalSite,11,gold
E000180,脑癌,Disease,11,qwen
E000181,脑部发育不良,AnatomicalSite,11,gold
E000182,营养不良,Treatment,11,gold
E000183,血压升高,TestResult,11,gold
E000184,视疲劳,Other,11,gold
E000185,隐球菌肺炎,Disease,11,gold
E000186,驼背,Disease,11,qwen
E000187,麻疹,Other,11,gold
E000188,黄疸,Other,11,gold
E000189,上消化道出血,Symptom,10,gold
E000190,交感神经型颈椎病,Disease,10,gold
E000191,先天性心脏病,MedicalCategory,10,gold
E000192,内分泌失调,Other,10,gold
E000193,劳累,RiskFactor,10,gold
E000194,十二指肠症状,MedicalCategory,10,gold
E000195,双硫仑样变化,Other,10,gold
E000196,吸烟,RiskFactor,10,gold
E000197,咬伤人体,Other,10,gold
E000198,器质性心脏病,MedicalCategory,10,gold
E000199,多发性硬化,PathologicalState,10,gold
E000200,小肠坏死,PathologicalState,10,gold
E000201,心动过速性心肌病,Disease,10,gold
E000202,感染性的疾病,Disease,10,gold
E000203,感染新型冠状病毒,Disease,10,gold
E000204,昏迷,Other,10,gold
E000205,智商低下,Other,10,gold
E000206,植物神经紊乱,Other,10,gold
E000207,甲状腺肿瘤,Disease,10,gold
E000208,细菌性肺炎,Disease,10,gold
E000209,耳鸣,Symptom,10,gold
E000210,肩手综合征,Other,10,gold
E000211,肿胀,Symptom,10,gold
E000212,胆管结石,AnatomicalSite,10,gold
E000213,胸膜炎,Disease,10,gold
E000214,脑梗死,Disease,10,gold
E000215,脑血管疾病,MedicalCategory,10,gold
E000216,脾胃虚弱,AnatomicalSite,10,gold
E000217,腹压增高,PathologicalState,10,gold
E000218,腹部疼痛,Symptom,10,gold
E000219,艾滋病病毒在血液中大量复制,Disease,10,gold
E000220,视力下降,PathologicalState,10,gold
E000221,身体乏力,Symptom,10,qwen
E000222,阴道炎症,Disease,10,gold
E000223,面瘫,Other,10,gold
E000224,骨髓瘤,Disease,10,gold
E000225,iga肾病,Disease,9,gold
E000226,乳腺增生,Other,9,gold
E000227,关节脱位,Other,9,gold
E000228,内分泌紊乱,Other,9,gold
E000229,出汗,Other,9,gold
E000230,前列腺增生,AnatomicalSite,9,gold
E000231,功能性腹痛综合征,Symptom,9,gold
E000232,吞咽困难,AnatomicalSite,9,gold
E000233,声音嘶哑,Other,9,gold
E000234,多囊卵巢综合征,AnatomicalSite,9,gold
E000235,妇科疾病,Disease,9,gold
E000236,婴儿大便干燥,Other,9,gold
E000237,子宫肌瘤,Disease,9,gold
E000238,宫外孕,Other,9,gold
E000239,小孩子反复发热,Symptom,9,gold
E000240,川崎病,Disease,9,gold
E000241,帕金森病,Disease,9,gold
E000242,心跳加速,Symptom,9,gold
E000243,慢性疾病,MedicalCategory,9,gold
E000244,早期的左边结肠癌,Disease,9,gold
E000245,晶状体混浊,Other,9,gold
E000246,更年期,Other,9,gold
E000247,淋巴细胞计数降低,Other,9,gold
E000248,烦躁不安,Other,9,gold
E000249,焦虑症躯体症状,MedicalCategory,9,gold
E000250,熬夜,Other,9,gold
E000251,病毒性肺炎,Disease,9,gold
E000252,痔疮,Other,9,gold
E000253,皮肤病,Disease,9,gold
E000254,盆腔炎,Disease,9,gold
E000255,睡眠障碍,Other,9,gold
E000256,睡觉喘不过气,Other,9,gold
E000257,精囊炎,Disease,9,gold
E000258,紫癜性肾炎,Disease,9,gold
E000259,结石,Other,9,gold
E000260,绝经后雌激素水平降低,TestResult,9,gold
E000261,肝硬化,Disease,9,gold
E000262,肺栓塞,AnatomicalSite,9,gold
E000263,肾脏疾病,Disease,9,gold
E000264,肾虚,AnatomicalSite,9,gold
E000265,肾阴亏虚,AnatomicalSite,9,gold
E000266,脊髓型颈椎病,Disease,9,gold
E000267,脑动脉硬化,PathologicalState,9,gold
E000268,脑卒中,Disease,9,gold
E000269,脑炎,Disease,9,gold
E000270,脑膜刺激征,AnatomicalSite,9,gold
E000271,血清癌胚抗原升高,Disease,9,gold
E000272,转氨酶升高,Other,9,gold
E000273,退行性改变,Other,9,gold
E000274,长期失眠,Symptom,9,gold
E000275,阴虚火旺,Other,9,gold
E000276,阴道出血,Symptom,9,gold
E000277,青光眼,Disease,9,gold
E000278,颅骨缺损,Other,9,gold
E000279,风寒感冒,Disease,9,gold
E000280,高位截瘫,Disease,9,qwen
E000281,高热,Other,9,gold
E000282,高血脂,Other,9,gold
E000283,鼻塞,AnatomicalSite,9,gold
E000284,鼻窦炎,Disease,9,gold
E000285,三叉神经痛,Symptom,8,gold
E000286,乳腺纤维腺瘤,Disease,8,gold
E000287,交叉韧带损伤严重,Other,8,gold
E000288,关节炎,MedicalCategory,8,gold
E000289,内脏功能紊乱,MedicalCategory,8,gold
E000290,冠状动脉射血能力不足,Other,8,gold
E000291,勃起功能障碍,PathologicalState,8,gold
E000292,原发性便秘,MedicalCategory,8,gold
E000293,反复发烧1个月,Symptom,8,gold
E000294,口腔溃疡,AnatomicalSite,8,gold
E000295,哮喘,Other,8,gold
E000296,喝酒,Other,8,gold
E000297,嗜睡,Other,8,gold
E000298,多囊肝,AnatomicalSite,8,gold
E000299,大的子宫肌瘤,Disease,8,gold
E000300,女生熬夜,Other,8,gold
E000301,妊娠期肝内胆汁淤积症,Disease,8,gold
E000302,宫颈癌,Disease,8,gold
E000303,小细胞低色素性缺铁性贫血,Other,8,gold
E000304,尿痛,Symptom,8,gold
E000305,延髓上颈髓损害,MedicalCategory,8,gold
E000306,弥漫性结缔组织病,MedicalCategory,8,gold
E000307,心动过速,MedicalCategory,8,gold
E000308,心律失常,AnatomicalSite,8,gold
E000309,心脏疾病,Disease,8,gold
E000310,心脏神经症,Disease,8,gold
E000311,心跳加快,Symptom,8,gold
E000312,急性心肌梗死,Disease,8,gold
E000313,急性扁桃体炎,Disease,8,gold
E000314,急性炎症,Disease,8,gold
E000315,意识丧失,ClinicalSign,8,gold
E000316,慢性肾炎,Disease,8,gold
E000317,慢性胃炎,Disease,8,gold
E000318,手麻,Other,8,gold
E000319,抑郁状态,Other,8,gold
E000320,新生儿窒息,Other,8,gold
E000321,智齿冠周炎,Disease,8,gold
E000322,月经不调,Other,8,gold
E000323,月经量减少,Symptom,8,gold
E000324,气胸,Other,8,gold
E000325,没有精神,Other,8,gold
E000326,猩红热,Other,8,gold
E000327,男科疾病,MedicalCategory,8,gold
E000328,病毒性肝病,MedicalCategory,8,gold
E000329,癫痫病的后遗症,MedicalCategory,8,gold
E000330,真菌感染,Disease,8,gold
E000331,眼部其他疾病,MedicalCategory,8,gold
E000332,精神紧张,Other,8,gold
E000333,组织灌注不足与心源性休克临床综合征,MedicalCategory,8,gold
E000334,结核,Other,8,gold
E000335,结膜水肿,ClinicalSign,8,gold
E000336,肝肾阴虚,AnatomicalSite,8,gold
E000337,肠胃炎,Disease,8,gold
E000338,胃内容物中的胃酸、胃蛋白酶、胆汁刺激食道,AnatomicalSite,8,gold
E000339,脊柱结核,Disease,8,qwen
E000340,脑疝,Disease,8,qwen
E000341,脑部病变,MedicalCategory,8,gold
E000342,脾胃实热,AnatomicalSite,8,gold
E000343,腹水,Other,8,gold
E000344,良性肿瘤,MedicalCategory,8,gold
E000345,过敏性鼻炎,Disease,8,gold
E000346,酸痛,Symptom,8,gold
E000347,重症肌无力,Disease,8,gold
E000348,闭经,Other,8,gold
E000349,附睾炎,Disease,8,gold
E000350,颅内压增高,ClinicalSign,8,gold
E000351,颅骨骨折,Other,8,gold
E000352,高血糖,Other,8,gold
E000353,黑便,Other,8,gold
E000354,鼓膜内陷,Other,8,gold
E000355,5p征,MedicalCategory,7,gold
E000356,三叉神经损伤,Other,7,gold
E000357,中青年人舒张压升高,Other,7,gold
E000358,乙类传染病,MedicalCategory,7,gold
E000359,乳腺囊性增生症,Disease,7,gold
E000360,乳腺癌,Disease,7,gold
E000361,交感神经或迷走神经亢进,Other,7,gold
E000362,便血,Symptom,7,gold
E000363,假性球麻痹,Other,7,gold
E000364,偏头痛,Symptom,7,gold
E000365,全身症状,MedicalCategory,7,gold
E000366,全身的症状,MedicalCategory,7,gold
E000367,卵巢肿瘤,Disease,7,gold
E000368,受伤,Other,7,gold
E000369,受凉,RiskFactor,7,gold
E000370,呼吸衰竭,ClinicalSign,7,gold
E000371,咽痛,Symptom,7,gold
E000372,喉咙干燥,AnatomicalSite,7,gold
E000373,器质性疾病,MedicalCategory,7,gold
E000374,头皮发麻,Other,7,gold
E000375,女性右腿疼,Symptom,7,gold
E000376,子宫下垂,AnatomicalSite,7,gold
E000377,孩子过敏,RiskFactor,7,gold
E000378,寒战,Other,7,gold
E000379,小儿出现了头痛、头晕、恶心、想吐,Symptom,7,gold
E000380,小脑扁桃体下疝畸形,AnatomicalSite,7,gold
E000381,尿道疼痛,Symptom,7,gold
E000382,年轻人心绞痛,Symptom,7,gold
E000383,急性胰腺炎,Disease,7,gold
E000384,急性鼻炎,Disease,7,gold
E000385,感冒样的症状,MedicalCategory,7,gold
E000386,慢性前列腺炎,Disease,7,gold
E000387,慢性扁桃体炎,Disease,7,gold
E000388,慢性盆腔炎,Disease,7,gold
E000389,扁平苔癣,Other,7,gold
E000390,新型冠状病毒肺炎,Disease,7,gold
E000391,日有所思就会夜有所梦,Other,7,gold
E000392,普通感冒,Disease,7,gold
E000393,月经量少,Other,7,gold
E000394,椎动脉型颈椎病,Disease,7,gold
E000395,椎基底动脉系统梗塞,Other,7,gold
E000396,注意力不集中,Other,7,gold
E000397,流行性腮腺炎,Disease,7,gold
E000398,消瘦,Other,7,gold
E000399,溃疡,Other,7,gold
E000400,男性泌尿系统感染,Disease,7,gold
E000401,疱疹病毒性葡萄膜炎,Disease,7,gold
E000402,病毒,Disease,7,gold
E000403,痤疮,Other,7,gold
E000404,盆腔炎症,Disease,7,gold
E000405,益食癖,Other,7,gold
E000406,眼压突然升高,TestResult,7,gold
E000407,睾丸炎,Disease,7,gold
E000408,神经衰弱症候群,Disease,7,gold
E000409,结肠肿瘤,Disease,7,gold
E000410,肋软骨炎,Disease,7,gold
E000411,肝胆方面的疾病,Disease,7,gold
E000412,肠蠕动慢,AnatomicalSite,7,gold
E000413,肺部感染,Disease,7,gold
E000414,肾结石,AnatomicalSite,7,gold
E000415,肾绞痛,Symptom,7,gold
E000416,肾脏积水,AnatomicalSite,7,gold
E000417,胃痛,Symptom,7,gold
E000418,胃肠道方面的疾病,Disease,7,gold
E000419,胃部不适,MedicalCategory,7,gold
E000420,胃黏膜脱垂症,Disease,7,gold
E000421,胆囊炎,Disease,7,gold
E000422,胆汁酸升高比较明显且时间较长,AnatomicalSite,7,gold
E000423,胚胎或胎儿的发育异常,PathologicalState,7,gold
E000424,脑动脉硬化性痴呆,PathologicalState,7,gold
E000425,脑桥梗塞,AnatomicalSite,7,gold
E000426,脓肿,Symptom,7,gold
E000427,脾失运化,AnatomicalSite,7,gold
E000428,膀胱三角区受到刺激,Other,7,gold
E000429,膀胱炎,Disease,7,gold
E000430,自主神经功能紊乱,PathologicalState,7,gold
E000431,自身免疫失调类疾病,Disease,7,gold
E000432,菌群失调,Other,7,gold
E000433,血热妄行,Other,7,gold
E000434,视物模糊,Other,7,gold
E000435,记忆力下降,PathologicalState,7,gold
E000436,记忆力减退,Other,7,gold
E000437,银屑病,Disease,7,gold
E000438,雌激素低,TestResult,7,gold
E000439,青春痘,Other,7,gold
E000440,食欲不振,Other,7,gold
E000441,高度近视性的眼底病变,Disease,7,gold
E000442,鼻咽癌,Disease,7,gold
E000443,2岁宝宝不爱吃饭,Other,6,gold
E000444,"一会腰疼,一会腿疼",Symptom,6,gold
E000445,上位脑神经元受到压迫,AnatomicalSite,6,gold
E000446,不良饮食行为,RiskFactor,6,gold
E000447,丘脑脑梗塞,AnatomicalSite,6,gold
E000448,中枢神经系统出现问题,Other,6,gold
E000449,中毒,Other,6,gold
E000450,中风后遗症,Disease,6,gold
E000451,临产,Other,6,gold
E000452,二尖瓣少量反流,Other,6,gold
E000453,代谢缓慢,Other,6,gold
E000454,伤口感染,Disease,6,gold
E000455,低血压,TestResult,6,gold
E000456,低血糖反应,Other,6,gold
E000457,充血,Other,6,gold
E000458,前纵隔结节,Other,6,gold
E000459,动脉硬化,PathologicalState,6,gold
E000460,包皮上有小颗粒,Other,6,gold
E000461,包皮炎,Disease,6,gold
E000462,化疗,Treatment,6,gold
E000463,化疗的毒副反应,MedicalCategory,6,gold
E000464,卵巢混合性回声,AnatomicalSite,6,gold
E000465,口腔感官出现问题,AnatomicalSite,6,gold
E000466,同房,Other,6,gold
E000467,听力下降,PathologicalState,6,gold
E000468,呕血,Other,6,gold
E000469,呼吸时,ClinicalSign,6,gold
E000470,呼吸系统久治不愈,ClinicalSign,6,gold
E000471,咳嗽嘴巴里面有腥味,Symptom,6,gold
E000472,咽峡炎,Disease,6,gold
E000473,嗳气,Other,6,gold
E000474,外耳道炎,Disease,6,gold
E000475,外阴炎,Disease,6,gold
E000476,多发性骨髓瘤,Disease,6,gold
E000477,大量繁殖,Other,6,gold
E000478,头晕脑胀,Symptom,6,gold
E000479,女性在备孕期间出现小肚子痛,Symptom,6,gold
E000480,子宫腺肌症,Disease,6,gold
E000481,宫腔粘连,PathologicalState,6,gold
E000482,对视力造成严重的影响,Other,6,gold
E000483,小细胞肺癌,Disease,6,gold
E000484,小脑幕切迹疝,Disease,6,qwen
E000485,少弱精症,Disease,6,gold
E000486,尿液表面张力增大,Other,6,gold
E000487,尿酸升高,Other,6,gold
E000488,巨大儿,Other,6,gold
E000489,干眼症,Disease,6,gold
E000490,影响毛发生长,Other,6,gold
E000491,心窝疼痛,Symptom,6,gold
E000492,心脑血管疾病,MedicalCategory,6,gold
E000493,急性、亚急性心肌供血不足,AnatomicalSite,6,gold
E000494,急进型高血压,TestResult,6,gold
E000495,恶病质,Disease,6,gold
E000496,感觉的异常,MedicalCategory,6,gold
E000497,慢性损伤,Other,6,gold
E000498,慢性盆腔炎的复发,Disease,6,gold
E000499,扁桃体炎,Disease,6,gold
E000500,拉肚子,Other,6,gold
E000501,拔罐后皮肤出现紫黑,AnatomicalSite,6,gold
E000502,早上起来手麻,Other,6,gold
E000503,格林巴利综合征,Other,6,gold
E000504,梗阻症状,Disease,6,gold
E000505,梨状肌综合征,Other,6,gold
E000506,植物神经功能失调,PathologicalState,6,gold
E000507,比较严重的疫苗接种反应,MedicalCategory,6,gold
E000508,泌尿系结石,Other,6,gold
E000509,泌尿系统的肿瘤,Disease,6,gold
E000510,活动受限,Other,6,gold
E000511,浑身酸痛无力,ClinicalSign,6,gold
E000512,湿疹,Other,6,gold
E000513,滑膜炎,Disease,6,gold
E000514,用力吸气时胸口疼痛,Symptom,6,qwen
E000515,甲状腺功能亢进症,Disease,6,gold
E000516,甲状腺激素缺乏,TestResult,6,gold
E000517,疲劳,Other,6,gold
E000518,疾病,Disease,6,gold
E000519,皮损,MedicalCategory,6,gold
E000520,皮脂腺增生,Other,6,gold
E000521,皮脂腺的囊肿,Symptom,6,gold
E000522,直肠息肉,AnatomicalSite,6,gold
E000523,眼睑闭合不佳,AnatomicalSite,6,gold
E000524,睾丸病变,Disease,6,gold
E000525,短暂的脑功能障碍,PathologicalState,6,gold
E000526,神经出现退化,Other,6,gold
E000527,神经功能缺损,PathologicalState,6,gold
E000528,经前期综合征,Other,6,gold
E000529,继发性便秘,Other,6,gold
E000530,继发性心肌病,Disease,6,gold
E000531,缺血,Other,6,gold
E000532,老年人,Other,6,gold
E000533,老年人肚子大,Other,6,gold
E000534,肌肉寒战产生热量,Other,6,gold
E000535,肛门下坠感,Other,6,gold
E000536,肝损伤,AnatomicalSite,6,gold
E000537,肝癌晚期,Disease,6,qwen
E000538,肝癌的晚期,Disease,6,gold
E000539,肠炎,Disease,6,gold
E000540,肠胃功能负担加重,PathologicalState,6,gold
E000541,肠蠕动加快,AnatomicalSite,6,gold
E000542,肺性脑病,Disease,6,gold
E000543,肺梗的症状,MedicalCategory,6,gold
E000544,肺积水,AnatomicalSite,6,gold
E000545,肺结核病人,Disease,6,gold
E000546,肺部出现化脓性的改变,AnatomicalSite,6,gold
E000547,肺阴虚症状,MedicalCategory,6,gold
E000548,胃肠蠕动慢,AnatomicalSite,6,gold
E000549,胃肠道转移,PathologicalState,6,qwen
E000550,胆汁反流,AnatomicalSite,6,gold
E000551,胸口左侧就疼痛,Symptom,6,gold
E000552,胸疼,Symptom,6,gold
E000553,胸部按着有点疼,Symptom,6,gold
E000554,胸部胀痛,Symptom,6,gold
E000555,胸锁骨关节炎,Disease,6,gold
E000556,脾气不好,AnatomicalSite,6,gold
E000557,腮腺炎,MedicalCategory,6,gold
E000558,腰椎病,Disease,6,gold
E000559,腺癌,Disease,6,gold
E000560,膝关节周围有刺痛,Symptom,6,gold
E000561,血压低,TestResult,6,gold
E000562,血管硬化,PathologicalState,6,gold
E000563,血钾降低,Other,6,gold
E000564,超重,Other,6,gold
E000565,遗传因素,Other,6,gold
E000566,酒精,Other,6,gold
E000567,酒精发生双硫仑样反应,Other,6,gold
E000568,长期卧床,Other,6,gold
E000569,阴道炎,MedicalCategory,6,gold
E000570,阴道癌,Disease,6,gold
E000571,随呼吸出现左侧胸口疼痛,ClinicalSign,6,gold
E000572,静脉曲张,Other,6,gold
E000573,非病毒性肝病,MedicalCategory,6,gold
E000574,风湿性关节炎,Disease,6,gold
E000575,风热感冒,Disease,6,gold
E000576,饮水呛咳,Symptom,6,gold
E000577,髂胫束综合征,Other,6,gold
E000578,黄体功能不全,PathologicalState,6,gold
E000579,黏膜下肌瘤,Disease,6,gold
E000580,龋齿,Other,6,gold
E000581,"36周的新生儿,消化系统的功能也不是很完善",PathologicalState,5,gold
E000582,三叉神经微血管减压术,Other,5,gold
E000583,下丘脑功能失常,PathologicalState,5,gold
E000584,下肢静脉血栓,Other,5,gold
E000585,不打石膏固定,Other,5,gold
E000586,严重影响容貌美观,Other,5,gold
E000587,中期,Other,5,gold
E000588,中枢神经系统病变,MedicalCategory,5,gold
E000589,中脑梗塞,AnatomicalSite,5,gold
E000590,交感神经兴奋症状,Disease,5,gold
E000591,产后100天还有恶露反复,Other,5,gold
E000592,产后宫腔内胎盘、胎膜组织残留,Other,5,gold
E000593,休克,ClinicalSign,5,gold
E000594,传染病,MedicalCategory,5,gold
E000595,低烧3天的感染,Disease,5,gold
E000596,低热,Other,5,gold
E000597,低钾血症,Disease,5,gold
E000598,体位性低血压,TestResult,5,gold
E000599,偏瘫,ClinicalSign,5,gold
E000600,偶尔心脏一阵阵的抽痛,Symptom,5,gold
E000601,光放屁,Other,5,gold
E000602,共济失调,Other,5,gold
E000603,其他结石成分合并感染,Disease,5,gold
E000604,其他能够引起肌无力的疾病,MedicalCategory,5,gold
E000605,创面比较大,Other,5,gold
E000606,刺激拔牙创,Other,5,gold
E000607,加重动脉粥样硬化,PathologicalState,5,gold
E000608,劳损,Other,5,gold
E000609,卵泡破裂,PathologicalState,5,gold
E000610,压迫右侧肢体神经中枢,AnatomicalSite,5,gold
E000611,原发性的还是继发性的腹膜炎,Disease,5,gold
E000612,原发性脾淋巴瘤,Disease,5,gold
E000613,反流性食管炎,Disease,5,gold
E000614,受累外周神经,Other,5,gold
E000615,可复性牙髓炎,Disease,5,gold
E000616,右后背肩胛骨附近疼痛,Symptom,5,gold
E000617,合并有支气管肺炎,Disease,5,gold
E000618,呼吸时左侧胸口会出现疼痛,ClinicalSign,5,gold
E000619,呼吸系统疾病,Disease,5,gold
E000620,增加肝脏负担,AnatomicalSite,5,gold
E000621,声带肿物,MedicalCategory,5,gold
E000622,外科的血尿,Other,5,gold
E000623,大便褐色,Other,5,gold
E000624,失血性休克,ClinicalSign,5,gold
E000625,女性出现了腿酸痛,Symptom,5,gold
E000626,女性尿液中有血有蛋白,Other,5,gold
E000627,女性轻微的出现手抖,Other,5,gold
E000628,子宫内膜损伤,AnatomicalSite,5,gold
E000629,子宫脱垂,AnatomicalSite,5,gold
E000630,孕晚期,Other,5,gold
E000631,存在残余尿量,Other,5,gold
E000632,宝宝大便有奶瓣,Other,5,gold
E000633,寒凉,Other,5,gold
E000634,小孩哮喘,Other,5,gold
E000635,小孩过敏性鼻炎,Disease,5,gold
E000636,小脑梗塞,AnatomicalSite,5,gold
E000637,小脑脑干供血不足,AnatomicalSite,5,gold
E000638,少尿型的尿频,Symptom,5,qwen
E000639,尿中有大量泡沫,Other,5,gold
E000640,尿潴留,PathologicalState,5,gold
E000641,尿道内疼痛,Symptom,5,gold
E000642,尿道内结石,Other,5,gold
E000643,局部组织缺血、缺氧,Other,5,gold
E000644,左侧肋骨下隐隐作痛,Symptom,5,gold
E000645,影响单侧或双侧锥体束,Other,5,gold
E000646,心肌梗死,Disease,5,gold
E000647,心脏增大,AnatomicalSite,5,gold
E000648,心血管系统的影响,AnatomicalSite,5,gold
E000649,急性化脓性腮腺炎,Disease,5,gold
E000650,急性或慢性痛风关节炎,Disease,5,gold
E000651,急性胃肠炎,Disease,5,gold
E000652,急性阑尾炎,Disease,5,gold
E000653,性生活,Other,5,gold
E000654,恶性,Other,5,gold
E000655,情绪低落,Other,5,gold
E000656,情绪症状,MedicalCategory,5,gold
E000657,感冒中期,Disease,5,gold
E000658,感染性结石,Disease,5,gold
E000659,持续性的干咳,Symptom,5,gold
E000660,损伤,Other,5,gold
E000661,"整个月经期间,都只有褐色的分泌物",Other,5,gold
E000662,无力,ClinicalSign,5,gold
E000663,日光性皮炎,Disease,5,gold
E000664,早产,Other,5,gold
E000665,明显的人格改变,Other,5,gold
E000666,晚上做噩梦,Other,5,gold
E000667,晚期,Other,5,gold
E000668,晚期的直肠癌侵润到了周围的前列腺、阴道、膀胱,Disease,5,gold
E000669,有菌性的感染,MedicalCategory,5,gold
E000670,枣核卡在喉咙部位无法下咽,AnatomicalSite,5,gold
E000671,植物神经功能调节紊乱,PathologicalState,5,gold
E000672,植物神经调节紊乱,Other,5,gold
E000673,椎动脉狭窄,PathologicalState,5,gold
E000674,没有孕激素的对抗,TestResult,5,gold
E000675,泌尿系统屏障及抵御外界细菌感染功能下降,Disease,5,gold
E000676,泌尿系统急性的感染,Disease,5,gold
E000677,注射狂犬疫苗,Treatment,5,gold
E000678,津液损伤症状,MedicalCategory,5,gold
E000679,消化不良症状,MedicalCategory,5,gold
E000680,消化系统器质性病变,MedicalCategory,5,gold
E000681,消化道反应,MedicalCategory,5,gold
E000682,消化道平滑肌以及括约肌的收缩,Other,5,gold
E000683,淋巴结炎,Disease,5,gold
E000684,淋病,Disease,5,gold
E000685,烦躁,Other,5,gold
E000686,牙龈炎,Disease,5,gold
E000687,猝死,MedicalCategory,5,gold
E000688,玫瑰痤疮第一期,Other,5,gold
E000689,理化因素的刺激,MedicalCategory,5,gold
E000690,生活、情感、工作上的压力,Other,5,gold
E000691,甲状腺结节变小,Other,5,gold
E000692,电解质紊乱,Other,5,gold
E000693,男人如果缺乏雄激素,TestResult,5,gold
E000694,病变所在部位的黏膜破溃,Disease,5,gold
E000695,病变自身破溃出血,Disease,5,gold
E000696,痘痘,Other,5,gold
E000697,痰中带血,Other,5,gold
E000698,白内障加重,Other,5,gold
E000699,盆腔感染,Disease,5,gold
E000700,眼底动脉硬化,PathologicalState,5,gold
E000701,着凉,Other,5,gold
E000702,睾酮素,Other,5,gold
E000703,矽肺合并肺结核,AnatomicalSite,5,gold
E000704,硬不起来,Other,5,gold
E000705,神经母细胞瘤,Disease,5,gold
E000706,神经系统疾病,MedicalCategory,5,gold
E000707,精子质量的下降,PathologicalState,5,gold
E000708,精神不振,Other,5,gold
E000709,精神心理异常,MedicalCategory,5,gold
E000710,精神性呼吸困难,ClinicalSign,5,gold
E000711,糖尿病慢性并发症,MedicalCategory,5,gold
E000712,红斑,Other,5,gold
E000713,红肿,Symptom,5,gold
E000714,结核的疾病,Disease,5,gold
E000715,结膜结石,Other,5,gold
E000716,结膜血管破裂,PathologicalState,5,gold
E000717,继发性三叉神经痛,Symptom,5,gold
E000718,继发性肾脏疾病,MedicalCategory,5,gold
E000719,缺钙,Other,5,gold
E000720,老年患者,Other,5,gold
E000721,肌张力增高,PathologicalState,5,gold
E000722,肛周疾病,MedicalCategory,5,gold
E000723,肛裂,Other,5,gold
E000724,肝硬化出现失代偿期,Disease,5,gold
E000725,肠套叠,AnatomicalSite,5,gold
E000726,股癣,Other,5,gold
E000727,股骨头坏死,PathologicalState,5,gold
E000728,肢腱的肌腱炎,Disease,5,gold
E000729,肩关节周围炎症,Disease,5,gold
E000730,肩袖损伤,Other,5,gold
E000731,肺气肿,Symptom,5,gold
E000732,肺水肿,ClinicalSign,5,gold
E000733,肺燥,AnatomicalSite,5,gold
E000734,肺部疾病,MedicalCategory,5,gold
E000735,肾阳不足,AnatomicalSite,5,gold
E000736,肿瘤性疾病,MedicalCategory,5,gold
E000737,胃肠功能紊乱,PathologicalState,5,gold
E000738,胃肠道功能紊乱,PathologicalState,5,gold
E000739,脑血管的疾病,MedicalCategory,5,gold
E000740,腰部的疾病,MedicalCategory,5,gold
E000741,腹部症状,MedicalCategory,5,gold
E000742,膀胱过度活动症,Disease,5,gold
E000743,膨胀纹,Other,5,gold
E000744,良性病变,MedicalCategory,5,gold
E000745,良性的甲状腺结节,Other,5,gold
E000746,艾森曼格综合征,Other,5,gold
E000747,虚火,Other,5,gold
E000748,蛋白尿,Other,5,gold
E000749,蛋白漏出增多,Symptom,5,gold
E000750,血压偏低,TestResult,5,gold
E000751,血压波动升高,TestResult,5,gold
E000752,血管性痴呆,Other,5,gold
E000753,血管的扩张,Other,5,gold
E000754,表皮癣菌侵犯皮肤的角质层,AnatomicalSite,5,gold
E000755,视神经炎,Disease,5,gold
E000756,视网膜脱离,Other,5,gold
E000757,许多毒素进行释放,Other,5,gold
E000758,诱发或者加重痤疮,Other,5,gold
E000759,近视,Other,5,gold
E000760,酒精中毒,Disease,5,qwen
E000761,重度贫血,Other,5,gold
E000762,重症肺炎,Disease,5,gold
E000763,锥体外系及小脑受压,MedicalCategory,5,gold
E000764,长期的雄激素缺乏,TestResult,5,gold
E000765,阳痿,Other,5,gold
E000766,阴茎弯曲,Other,5,gold
E000767,阿尔兹海默症,Disease,5,gold
E000768,霉菌性阴道炎,Disease,5,gold
E000769,非特异症状,MedicalCategory,5,gold
E000770,风湿病,MedicalCategory,5,gold
E000771,食欲减退,Other,5,gold
E000772,食欲紊乱,Other,5,gold
E000773,饮酒过量,RiskFactor,5,gold
E000774,骨性关节炎,Disease,5,gold
E000775,骨质变化,Other,5,gold
E000776,髂胫束出现肌肉的筋膜炎,Disease,5,gold
E000777,高脂血症,Disease,5,gold
E000778,高颅压症状,MedicalCategory,5,gold
E000779,麻木,ClinicalSign,5,gold
E000780,黏膜破溃,Other,5,gold
E000781,鼓膜出现充血、发炎,Disease,5,gold
E000782,龟头炎,Disease,5,gold
E000783,36周早产的新生儿,Other,4,gold
E000784,ii型呼吸衰竭,Disease,4,qwen
E000785,i型呼吸衰竭,Disease,4,qwen
E000786,"一个鼻孔通气,另一个鼻孔不通气",AnatomicalSite,4,gold
E000787,一次进食过多,Other,4,gold
E000788,一睡觉就开始做梦,Other,4,gold
E000789,三高,MedicalCategory,4,gold
E000790,上肢的神经受压,PathologicalState,4,gold
E000791,不同程度的对三叉神经存在破坏性作用,Other,4,gold
E000792,不来月经,Other,4,gold
E000793,不注意个人卫生,Other,4,gold
E000794,不能及时的补充钙,Other,4,gold
E000795,不能正常模仿大人说话,Other,4,gold
E000796,严重缺氧,PathologicalState,4,qwen
E000797,严重贫血,Other,4,gold
E000798,乳头溢液,Other,4,gold
E000799,乳糜漏,Other,4,gold
E000800,乳腺炎,Disease,4,gold
E000801,产后不愿意性生活,Other,4,gold
E000802,代谢综合征,Other,4,gold
E000803,伤口的感染,MedicalCategory,4,gold
E000804,低睾酮血症,Disease,4,gold
E000805,低蛋白血症,Disease,4,gold
E000806,低血容性舒张压减低,Other,4,gold
E000807,体温持续升高37°c以上,Other,4,gold
E000808,体虚,Other,4,gold
E000809,做噩梦,Other,4,gold
E000810,儿童指甲上的白点,Other,4,gold
E000811,先兆性流产,Other,4,gold
E000812,克罗恩病,Disease,4,gold
E000813,免疫力下降,PathologicalState,4,gold
E000814,免疫力低下,Other,4,gold
E000815,全身性的瘙痒,Symptom,4,gold
E000816,全身无力,ClinicalSign,4,gold
E000817,全身泛发的皮炎、湿疹,Disease,4,gold
E000818,全身肌肉酸痛无力,ClinicalSign,4,gold
E000819,关节功能障碍,PathologicalState,4,gold
E000820,关节疼痛,Symptom,4,gold
E000821,关节腔内积液,Other,4,gold
E000822,典型的新冠肺炎,Disease,4,gold
E000823,内出血,Symptom,4,gold
E000824,内分泌系统功能、心肺功能、神经系统功能改变,PathologicalState,4,gold
E000825,冠状动脉粥样硬化性心脏病,Disease,4,gold
E000826,刺激一侧胸部的肋软骨甚至是整个一侧胸部的肋软骨,AnatomicalSite,4,gold
E000827,"刺激了体内的浆细胞,发生恶变",Other,4,gold
E000828,刺激胃肠道,AnatomicalSite,4,gold
E000829,剧烈的恶心、呕吐,Symptom,4,gold
E000830,副流感病毒,Disease,4,gold
E000831,加强锻炼,Other,4,gold
E000832,加重湿疹,Other,4,gold
E000833,半夜突然胃痛,Symptom,4,gold
E000834,卡他性中耳炎,Disease,4,gold
E000835,压力过大,Other,4,gold
E000836,压迫神经,Other,4,gold
E000837,原发性心肌病,MedicalCategory,4,gold
E000838,原发性肾脏病,MedicalCategory,4,gold
E000839,原发性醛固酮增多症,Disease,4,gold
E000840,双侧的椎体束受损,Other,4,gold
E000841,反复发热,Symptom,4,gold
E000842,发低烧时间比较长,Other,4,gold
E000843,右后背肩胛附近疼痛,Symptom,4,gold
E000844,右向左分流,Other,4,gold
E000845,右肩胛部肌肉的劳损,Other,4,gold
E000846,吃完饭后恶心,Symptom,4,gold
E000847,后组脑神经损害症状,MedicalCategory,4,gold
E000848,后脑头疼,Symptom,4,gold
E000849,后腰早上疼,Symptom,4,gold
E000850,周围神经损伤,MedicalCategory,4,gold
E000851,呼吸时胸口左侧疼痛,ClinicalSign,4,gold
E000852,咳嗽时感觉到左胸口痛,Symptom,4,gold
E000853,咳血,Symptom,4,gold
E000854,咽鼓管功能障碍症状,Disease,4,gold
E000855,"喉咙不痛不痒,说话声音嘶哑",Symptom,4,gold
E000856,喘息,Other,4,gold
E000857,嗓子疼,Symptom,4,gold
E000858,地中海贫血,Other,4,gold
E000859,地包天,Other,4,gold
E000860,坏疽性胆囊炎穿孔,Disease,4,gold
E000861,"声音嘶哑,同时不伴有疼痛,也没有痒",Symptom,4,gold
E000862,复视,Other,4,gold
E000863,夜间阵发性呼吸困难,ClinicalSign,4,gold
E000864,大便像果冻,Other,4,gold
E000865,大便干燥,Other,4,gold
E000866,大便干结,Other,4,gold
E000867,大疱性鼓膜炎,Disease,4,gold
E000868,大量的喝水,Other,4,gold
E000869,大量蛋白尿、肾病综合征的病人,Disease,4,gold
E000870,天花,Other,4,gold
E000871,失血及贫血的症状,MedicalCategory,4,gold
E000872,头皮血肿头皮软组织损伤,Symptom,4,gold
E000873,头部不适感,MedicalCategory,4,gold
E000874,头部的疾病,MedicalCategory,4,gold
E000875,女性,Other,4,gold
E000876,女性尿道炎,MedicalCategory,4,gold
E000877,妇炎康胶囊,Disease,4,gold
E000878,妇科肿瘤,MedicalCategory,4,gold
E000879,妊娠相关的疾病或症状,Disease,4,gold
E000880,子宫内膜薄,AnatomicalSite,4,gold
E000881,子宫出现穿孔、疤痕,AnatomicalSite,4,gold
E000882,子宫增大,AnatomicalSite,4,gold
E000883,孕期阶段如果白带出现褐色,Other,4,gold
E000884,宝宝出水痘,Other,4,gold
E000885,室性早搏,Disease,4,qwen
E000886,室间隔缺损,Other,4,gold
E000887,对周围的组织产生影响,Other,4,gold
E000888,射精的阈值很低,Other,4,gold
E000889,小肚子增大,Other,4,gold
E000890,小脑角区的占位,AnatomicalSite,4,gold
E000891,尿崩症,Disease,4,gold
E000892,尿液沉淀物多,Other,4,gold
E000893,尿液表面张力增加,Other,4,gold
E000894,尿道的息肉或者肿瘤,Disease,4,gold
E000895,尿酸高,Other,4,gold
E000896,尿黄,Other,4,gold
E000897,局部出现肿胀和疼痛,Symptom,4,gold
E000898,局部的感染,Disease,4,gold
E000899,局部皮肤会出现痛觉过敏,Symptom,4,gold
E000900,局部皮肤过敏,RiskFactor,4,gold
E000901,局部眼睑痒、肿,Symptom,4,gold
E000902,局部组织急性炎症性反应,Disease,4,gold
E000903,局部继发感染,Disease,4,gold
E000904,左主干病变,Disease,4,gold
E000905,干咳,Symptom,4,gold
E000906,干扰睡眠质量,Other,4,gold
E000907,年龄,RiskFactor,4,gold
E000908,异物感,Other,4,gold
E000909,张口度受限,Other,4,gold
E000910,强直性脊柱炎,Disease,4,gold
E000911,影响受孕,Other,4,gold
E000912,影响女性受孕,Other,4,gold
E000913,影响女性早期妊娠,Other,4,gold
E000914,影响孩子的学习以及孩子之间的交往,Other,4,gold
E000915,影响胎儿的发育,Other,4,gold
E000916,心理的核心症状,MedicalCategory,4,gold
E000917,心肌疾病,MedicalCategory,4,gold
E000918,心肌的持续性改变,AnatomicalSite,4,gold
E000919,心脏不舒服,AnatomicalSite,4,gold
E000920,心脏不适,MedicalCategory,4,gold
E000921,心脏神经官能症,Disease,4,gold
E000922,心脏负担相对增大,AnatomicalSite,4,gold
E000923,心脑血管问题,MedicalCategory,4,gold
E000924,怀孕以后从外形上看腹部膨隆,AnatomicalSite,4,gold
E000925,急性心血管卒中,Disease,4,gold
E000926,急性牙周脓肿,Symptom,4,gold
E000927,急性腰扭伤,Other,4,gold
E000928,急性酒精中毒,Disease,4,qwen
E000929,"性生活14天白板,17天怀孕",Other,4,gold
E000930,总是做噩梦,Other,4,gold
E000931,总是头晕,Symptom,4,gold
E000932,恶性结节,Other,4,gold
E000933,恶液质,MedicalCategory,4,gold
E000934,感冒后期,Disease,4,gold
E000935,感染旋毛虫病,Disease,4,gold
E000936,感染相关的疾病,MedicalCategory,4,gold
E000937,慢性咽喉炎,Disease,4,gold
E000938,慢性消化不良,Other,4,gold
E000939,慢性肾小球肾炎,Disease,4,gold
E000940,慢阻肺急性加重,AnatomicalSite,4,gold
E000941,憋气,Other,4,gold
E000942,成年人反复癫痫发作,Disease,4,gold
E000943,抗生素,Other,4,gold
E000944,抵抗力下降,PathologicalState,4,gold
E000945,抽烟,Other,4,gold
E000946,拿空心掌腰部敲一敲,AnatomicalSite,4,gold
E000947,排尿不适感,MedicalCategory,4,gold
E000948,排尿疼痛,Symptom,4,gold
E000949,支气管扩张,Other,4,gold
E000950,支气管炎症,Disease,4,gold
E000951,斑块,Other,4,gold
E000952,斜视,Other,4,gold
E000953,无意识的瞬目运动会减少,ClinicalSign,4,gold
E000954,春季结膜炎,Disease,4,gold
E000955,晚上不吃饭,Other,4,gold
E000956,月经失调,Other,4,gold
E000957,月经干净后会出现异味,Other,4,gold
E000958,有泌尿系统的结石,Other,4,gold
E000959,机能低下,Other,4,gold
E000960,枕骨大孔区发育异常,PathologicalState,4,gold
E000961,枕骨大孔疝,Disease,4,qwen
E000962,栓塞在肺部,AnatomicalSite,4,gold
E000963,检查后1-2个小时,ExamProcedure,4,gold
E000964,植物神经功能紊乱,PathologicalState,4,gold
E000965,毛囊炎,Disease,4,gold
E000966,气促,Other,4,gold
E000967,泌尿系统急性感染,Disease,4,gold
E000968,泌尿道的炎症,Disease,4,gold
E000969,泌尿道黏膜的糜烂、充血,Other,4,gold
E000970,泡沫样大便,Other,4,gold
E000971,洗鼻,Treatment,4,qwen
E000972,流涕,Other,4,gold
E000973,浅部真菌,Other,4,gold
E000974,浑身乏力,Symptom,4,gold
E000975,消化系统感染,Disease,4,gold
E000976,淋巴结肿大,Symptom,4,gold
E000977,淋球菌,Other,4,gold
E000978,混合痔,Other,4,gold
E000979,渗出,Other,4,gold
E000980,滑膜的炎症反应,MedicalCategory,4,gold
E000981,激素分泌紊乱,TestResult,4,gold
E000982,激素貌,MedicalCategory,4,gold
E000983,炎症刺激,Disease,4,gold
E000984,烧心,AnatomicalSite,4,gold
E000985,牙周炎,Disease,4,gold
E000986,牙齿的松动,Other,4,gold
E000987,牛黄解毒片过期后仍然食用,Other,4,gold
E000988,牵扯性的疼痛,Symptom,4,gold
E000989,生产以后身体没有恢复好,Other,4,gold
E000990,生殖器疱疹,Other,4,gold
E000991,生殖系统失去激素的支持,TestResult,4,gold
E000992,用力,RiskFactor,4,gold
E000993,甲状腺功能亢进,PathologicalState,4,gold
E000994,甲状腺明显肿大,Symptom,4,gold
E000995,甲状腺癌,Disease,4,gold
E000996,甲状腺癌侵及周围组织,Disease,4,gold
E000997,男人硬不起来,Other,4,gold
E000998,男性右侧腰酸疼,Symptom,4,gold
E000999,疱疹病毒,Disease,4,gold
E001000,病理性蛋白尿,Disease,4,gold
E001001,痉挛型的脑瘫,AnatomicalSite,4,gold
E001002,痉挛型的表现,MedicalCategory,4,gold
E001003,痛风急性发作,Symptom,4,gold
E001004,癌症晚期,Disease,4,gold
E001005,癫痫病,MedicalCategory,4,gold
E001006,"白天的血压正常,而晚上升高",TestResult,4,gold
E001007,白色念珠菌性阴囊炎,Disease,4,gold
E001008,皮肌炎,Disease,4,gold
E001009,皮肤底下有硬疙瘩,AnatomicalSite,4,gold
E001010,皮肤黏蛋白沉积症,Disease,4,gold
E001011,盆浴,Other,4,gold
E001012,真菌性口炎,Disease,4,gold
E001013,眼部损害,MedicalCategory,4,gold
E001014,睡眠不足,Other,4,gold
E001015,睾丸内淤血,Other,4,gold
E001016,睾丸炎症,Disease,4,gold
E001017,睾丸里有个硬硬的小疙瘩,Other,4,gold
E001018,破伤风,Other,4,gold
E001019,神经功能衰弱,PathologicalState,4,gold
E001020,神经根受压,PathologicalState,4,gold
E001021,神经系统的影响,Other,4,gold
E001022,神经系统表现,MedicalCategory,4,gold
E001023,突然间恶心、想吐、头晕、虚汗、浑身无力,ClinicalSign,4,gold
E001024,类风湿性的疾病,Disease,4,gold
E001025,精神因素,Other,4,gold
E001026,糖尿病足,Disease,4,gold
E001027,糖尿病酮症,Disease,4,gold
E001028,紧张,Other,4,gold
E001029,细菌性咽扁桃体炎,Disease,4,gold
E001030,细菌进入尿道内,RiskFactor,4,gold
E001031,经常熬夜,Other,4,gold
E001032,绒毛膜促性腺素有抑制胃肠道蠕动,AnatomicalSite,4,gold
E001033,继发性关节软骨和半月板损害,PathologicalState,4,gold
E001034,老年人出现持续性的干咳,Symptom,4,gold
E001035,耳后的淋巴结肿大,Symptom,4,gold
E001036,耳石症,Disease,4,gold
E001037,耳道流脓并伴有臭味,Other,4,gold
E001038,耳道疖肿,Symptom,4,gold
E001039,肌无力,ClinicalSign,4,gold
E001040,肌肉痉挛、抽搐,Other,4,gold
E001041,肛周脓肿,Symptom,4,gold
E001042,肛肠科的疾病,MedicalCategory,4,gold
E001043,肛门有肿物脱出,Symptom,4,gold
E001044,肛门的疾病,MedicalCategory,4,gold
E001045,肛门部的疼痛,Symptom,4,gold
E001046,肝内广泛转移,PathologicalState,4,qwen
E001047,肝功能异常,PathologicalState,4,gold
E001048,肝脏疾病,MedicalCategory,4,gold
E001049,肠梗阻性疾病,Disease,4,gold
E001050,肠癌,MedicalCategory,4,gold
E001051,肠胃进行感染,Disease,4,gold
E001052,肺淤血,AnatomicalSite,4,gold
E001053,肺纹理增多,Symptom,4,gold
E001054,肺间质纤维化,AnatomicalSite,4,gold
E001055,肾小动脉有纤维梗死,Disease,4,gold
E001056,肾盂肾炎,Disease,4,gold
E001057,肾结石阻塞,AnatomicalSite,4,gold
E001058,胃功能还会造成影响,PathologicalState,4,gold
E001059,胃癌早期,Disease,4,gold
E001060,胃的不舒服,AnatomicalSite,4,gold
E001061,胃肠蠕动的减慢,AnatomicalSite,4,gold
E001062,胃肠道蠕动增强,AnatomicalSite,4,gold
E001063,胃酸分泌减少,Symptom,4,gold
E001064,胃黏膜造成一定的刺激,AnatomicalSite,4,gold
E001065,胆囊炎症,Disease,4,gold
E001066,胸腔积液,Other,4,gold
E001067,胸膜疾患,Other,4,gold
E001068,胸骨后烧灼感或疼痛,Symptom,4,gold
E001069,脊柱侧弯,Other,4,gold
E001070,脑子缺氧,AnatomicalSite,4,gold
E001071,脑挫裂伤,AnatomicalSite,4,gold
E001072,脑梗塞,AnatomicalSite,4,gold
E001073,脑缺血、缺氧,AnatomicalSite,4,gold
E001074,脑血栓,AnatomicalSite,4,gold
E001075,脖子右边肿大,Symptom,4,gold
E001076,脚肿,Symptom,4,gold
E001077,脱水,Other,4,gold
E001078,脾淋巴瘤,Disease,4,gold
E001079,腰椎间盘突出,Other,4,gold
E001080,腰部的疼痛,Symptom,4,gold
E001081,腹压持续增大,Other,4,gold
E001082,膀胱黏膜损伤,Other,4,gold
E001083,自发性的乳糜漏,Other,4,gold
E001084,良性腹水,Other,4,gold
E001085,艾滋病,Disease,4,gold
E001086,苯丙酮尿症,Disease,4,gold
E001087,血压一过性增高,TestResult,4,gold
E001088,血压过低,TestResult,4,gold
E001089,血小板减少,Symptom,4,gold
E001090,血管畸形,MedicalCategory,4,gold
E001091,西瓜,Other,4,gold
E001092,视网膜病变,Disease,4,gold
E001093,角膜溃疡,AnatomicalSite,4,gold
E001094,足癣,Other,4,gold
E001095,躯体疾病,MedicalCategory,4,gold
E001096,软组织损伤,MedicalCategory,4,gold
E001097,输尿管的管腔变细变窄,Other,4,gold
E001098,过多的说话,Other,4,gold
E001099,过度的饮酒,RiskFactor,4,gold
E001100,过敏反应,MedicalCategory,4,gold
E001101,过敏性的鼻炎,Disease,4,gold
E001102,过敏性结膜炎,Disease,4,gold
E001103,运动,Other,4,gold
E001104,运动后心率过快,ClinicalSign,4,gold
E001105,迷走神经一样的反射,Other,4,gold
E001106,遗传,Other,4,gold
E001107,长期使用安眠药物改善睡眠,Treatment,4,gold
E001108,阴茎各层被覆组织,MedicalCategory,4,gold
E001109,面中部的皮损,Other,4,gold
E001110,顽固性失眠,Symptom,4,gold
E001111,颅内感染,Disease,4,gold
E001112,颈内动脉系统梗,Other,4,gold
E001113,颈部皮下组织的脂肪瘤,Disease,4,gold
E001114,风疹,Other,4,gold
E001115,食物长时间留滞在消化道内,Other,4,gold
E001116,食管炎,Disease,4,gold
E001117,食管症状,MedicalCategory,4,gold
E001118,食管癌,Disease,4,gold
E001119,饮食,RiskFactor,4,gold
E001120,骨关节炎,Disease,4,gold
E001121,鸡眼,AnatomicalSite,4,gold
E001122,黄绿色白带,Other,4,gold
E001123,鼓膜钙化,Other,4,gold
E001124,鼻咽炎,Disease,4,gold
E001125,鼻腔肿物,MedicalCategory,4,gold
E001126,a组溶血性链球菌感染,Disease,3,gold
E001127,hartnup病,Disease,3,gold
E001128,β受体阻滞剂,MedicalCategory,3,qwen
E001129,一过性的全脑供血不足,AnatomicalSite,3,gold
E001130,上呼吸道的感染,Disease,3,gold
E001131,下丘脑-垂体-卵巢轴异常,PathologicalState,3,gold
E001132,下尿路综合征,MedicalCategory,3,gold
E001133,下肢的血管来不及收缩,Other,3,gold
E001134,下肢静脉曲张,Other,3,gold
E001135,下肢静脉血液回流异常,PathologicalState,3,gold
E001136,下降不明显或不下降,PathologicalState,3,gold
E001137,不利于散热,Other,3,gold
E001138,不吃饭出现头晕,Symptom,3,gold
E001139,不孕不育,Other,3,gold
E001140,不治疗,Treatment,3,gold
E001141,不能进食,Other,3,gold
E001142,严重压迫到其他器官,Other,3,gold
E001143,严重感染,Disease,3,gold
E001144,严重的贫血,Other,3,gold
E001145,丧失功能,Symptom,3,gold
E001146,中心视力有缺陷,AnatomicalSite,3,gold
E001147,中枢性甲亢,Other,3,gold
E001148,中枢或者外周神经系统病变,PathologicalState,3,qwen
E001149,中枢神经系统的并发症,Disease,3,gold
E001150,中耳炎,Disease,3,gold
E001151,中重度贫血患者,Other,3,gold
E001152,中风偏瘫,Disease,3,qwen
E001153,主动脉粥样硬化,PathologicalState,3,gold
E001154,久而久之,Other,3,gold
E001155,乙肝,AnatomicalSite,3,gold
E001156,乳房有包块,AnatomicalSite,3,gold
E001157,乳酸堆积,Other,3,gold
E001158,五心烦热,AnatomicalSite,3,gold
E001159,交通性气胸,Other,3,gold
E001160,产后恶露快干净的时候又有鲜红色的血液流出,Other,3,gold
E001161,产气增大,Other,3,gold
E001162,代谢病,MedicalCategory,3,qwen
E001163,传播,Other,3,gold
E001164,低烧3天,Other,3,gold
E001165,供出的血减少,Symptom,3,gold
E001166,停经,Other,3,gold
E001167,健忘,Other,3,gold
E001168,儿童早期氨基酸病,MedicalCategory,3,gold
E001169,儿童经常咬指甲,Other,3,gold
E001170,儿童脚气,Disease,3,qwen
E001171,先心病,MedicalCategory,3,gold
E001172,克罗恩病患者,Other,3,gold
E001173,免疫抑制剂,Treatment,3,qwen
E001174,入睡困难,Other,3,gold
E001175,全身乏力,Symptom,3,gold
E001176,全身的水钠潴留,PathologicalState,3,gold
E001177,全身系统疾病,Disease,3,gold
E001178,全身酸痛,Symptom,3,gold
E001179,关节积液,Other,3,gold
E001180,其他疾病,Disease,3,gold
E001181,内分泌因素,Other,3,gold
E001182,内分泌相关疾病,MedicalCategory,3,gold
E001183,内分泌问题,MedicalCategory,3,qwen
E001184,内科疾病,MedicalCategory,3,gold
E001185,内衣潮湿,Other,3,gold
E001186,再生障碍性贫血,Other,3,gold
E001187,冠状动脉损伤,Other,3,gold
E001188,冠状动脉粥样硬化,PathologicalState,3,gold
E001189,出血增多,Symptom,3,gold
E001190,分泌大量的前列腺素,AnatomicalSite,3,gold
E001191,分泌性中耳炎,Disease,3,gold
E001192,分泌物增多,Symptom,3,gold
E001193,切口的疤痕憩室,Other,3,gold
E001194,创伤,Other,3,gold
E001195,刺激交感神经,Other,3,gold
E001196,刺激到肾盂黏膜,AnatomicalSite,3,gold
E001197,刺激肛周皮肤,AnatomicalSite,3,gold
E001198,刺激肺部感染,Disease,3,gold
E001199,剧烈的疼痛,Symptom,3,gold
E001200,功能性肠病,Disease,3,gold
E001201,功能性胃肠病,Disease,3,gold
E001202,加大梨状肌负担,Other,3,gold
E001203,加重心脏的负担,AnatomicalSite,3,gold
E001204,加重肺循环,AnatomicalSite,3,gold
E001205,加重脑部缺血、缺氧,AnatomicalSite,3,gold
E001206,动脉瘤,Disease,3,gold
E001207,包皮垢的淤积增多,Symptom,3,gold
E001208,包皮过长,Other,3,gold
E001209,匆忙的进食,Other,3,gold
E001210,十二指肠溃疡,AnatomicalSite,3,gold
E001211,半夜猝死,Other,3,gold
E001212,单侧脚肿,Symptom,3,gold
E001213,单侧腿肿,Symptom,3,gold
E001214,单纯疱疹,Other,3,gold
E001215,卵巢功能下降甚至衰减,PathologicalState,3,gold
E001216,卵巢早衰,AnatomicalSite,3,gold
E001217,卵巢破口较大,AnatomicalSite,3,gold
E001218,压力性尿失禁,Other,3,gold
E001219,压力比较大,Other,3,gold
E001220,压迫到附近的脏器,Other,3,gold
E001221,压迫坐骨神经,Other,3,gold
E001222,压迫视神经和视交叉,Other,3,gold
E001223,原发性甲亢,Other,3,gold
E001224,原发性的闭经,Other,3,gold
E001225,双下肢无力,ClinicalSign,3,gold
E001226,反应迟钝,Other,3,gold
E001227,口咽干燥,AnatomicalSite,3,gold
E001228,口渴,Other,3,gold
E001229,口苦,Other,3,gold
E001230,"可以持续存在十几天,甚至半个月到一个月的时间都可能存在",Other,3,gold
E001231,可疑、恶性的甲状腺结节,Other,3,gold
E001232,右下颌骨囊肿,Symptom,3,gold
E001233,右侧的膝关节长时间反复的受力、摩擦,Other,3,gold
E001234,右侧的身体出现疼痛,Symptom,3,gold
E001235,右侧附件的囊肿,MedicalCategory,3,gold
E001236,右肩胛骨疼痛,Symptom,3,gold
E001237,右胸部肋骨骨折,AnatomicalSite,3,gold
E001238,右腿痛,Symptom,3,gold
E001239,右腿的关节疼痛,Symptom,3,gold
E001240,吃高热量食物、甜食,Other,3,gold
E001241,各种并发症,MedicalCategory,3,gold
E001242,后巩膜炎病变,Disease,3,gold
E001243,后背肋骨疼痛,Symptom,3,gold
E001244,后背部肩胛骨附近疼痛,Symptom,3,gold
E001245,吐血,Other,3,gold
E001246,"吸收人体细胞内的水分,一旦患者体内的水分来不及补充",Other,3,gold
E001247,呛咳,Symptom,3,gold
E001248,周围软组织的炎症,Disease,3,gold
E001249,呼吸急促,ClinicalSign,3,gold
E001250,呼吸系统的疾病,Disease,3,gold
E001251,呼吸道疾病,Disease,3,gold
E001252,咯血,Other,3,gold
E001253,咳嗽变异性哮喘,Symptom,3,gold
E001254,咳粉红色泡沫样痰,Symptom,3,gold
E001255,咽炎,Disease,3,gold
E001256,哺乳期乳房瘙痒,Symptom,3,gold
E001257,喂养不当,Other,3,gold
E001258,喝完咖啡,Other,3,gold
E001259,喝牛奶引起腹泻,Symptom,3,gold
E001260,囊肿,Symptom,3,gold
E001261,四肢无力,ClinicalSign,3,gold
E001262,困倦,Other,3,gold
E001263,在麻醉下做完手术,Treatment,3,gold
E001264,垂体瘤,Disease,3,gold
E001265,基础疾病,MedicalCategory,3,gold
E001266,复方氯化钠注射液,Treatment,3,gold
E001267,外侧筋痛,Symptom,3,gold
E001268,外科疾患,MedicalCategory,3,gold
E001269,大便不尽总有便意,Symptom,3,qwen
E001270,大便不正常,Other,3,gold
E001271,大出血,Symptom,3,gold
E001272,大脑控制表情的能力下降,PathologicalState,3,gold
E001273,大脑皮层造成不可逆的损害,PathologicalState,3,gold
E001274,大腿外侧肌肉的筋疼痛,Symptom,3,gold
E001275,大量蛋白尿,Other,3,gold
E001276,大量进食油腻的食物,Other,3,gold
E001277,夫妻感情不和,Other,3,gold
E001278,失水,Other,3,gold
E001279,失眠多梦,Symptom,3,gold
E001280,头皮下的表浅神经受到刺激,Other,3,gold
E001281,头部血流灌注不足,Other,3,gold
E001282,头颅外伤,MedicalCategory,3,gold
E001283,女性出现产后不愿意性生活,Other,3,gold
E001284,女性后背长痘痘,Other,3,gold
E001285,女性在经期,Other,3,gold
E001286,女性尿液里面有血,Other,3,gold
E001287,妊娠,Other,3,gold
E001288,妨碍胚胎的发育,Other,3,gold
E001289,婆媳关系比较差,Other,3,gold
E001290,子宫内膜发生一系列变化,AnatomicalSite,3,gold
E001291,子宫内膜异位症,Disease,3,gold
E001292,子宫内膜的静脉血管丛充血扩张,AnatomicalSite,3,gold
E001293,子宫内膜较薄,AnatomicalSite,3,gold
E001294,子宫粘连,PathologicalState,3,gold
E001295,子宫腔的面积增大,AnatomicalSite,3,gold
E001296,孕6-7周,Other,3,gold
E001297,孕妇的心率脉搏明显增快,ClinicalSign,3,gold
E001298,孩子总是长叹气,Other,3,gold
E001299,孩子注意力非常不集中,Other,3,gold
E001300,宝宝缺铁,Other,3,gold
E001301,宫寒,Other,3,gold
E001302,宫腔内感染性疾病,Disease,3,gold
E001303,宫颈有炎症或者是有息肉,Disease,3,gold
E001304,宫颈癌前病变,MedicalCategory,3,gold
E001305,害怕,Other,3,gold
E001306,容易出汗,Other,3,gold
E001307,对人体消化系统造成损害,PathologicalState,3,gold
E001308,对肠胃系统造成影响,AnatomicalSite,3,gold
E001309,对食管造成划伤,Other,3,gold
E001310,小便黄,Other,3,gold
E001311,小孩肺结核,AnatomicalSite,3,gold
E001312,小的丘疹,Other,3,gold
E001313,小肚子疼痛,Symptom,3,gold
E001314,"小脑扁桃体异常延长或结合延髓下部疝入枕大孔,达颈椎椎管内",PathologicalState,3,gold
E001315,小脑脑干部位的缺血或者是梗死出血,Disease,3,gold
E001316,小腹疼痛,Symptom,3,gold
E001317,小腿肌肉筋膜炎症反应,Disease,3,gold
E001318,尺神经病变,Disease,3,gold
E001319,尿上皮细胞,MedicalCategory,3,gold
E001320,尿不尽,Other,3,gold
E001321,尿液偏黄,Other,3,gold
E001322,尿液深黄偏红,Other,3,gold
E001323,尿色黄染,Other,3,gold
E001324,尿蛋白(++),Other,3,gold
E001325,尿路刺激征,MedicalCategory,3,gold
E001326,"尿酸盐除了沉积在关节周围,还可沉积在肾脏和肾小管",AnatomicalSite,3,gold
E001327,局部乳酸堆积,Other,3,gold
E001328,局部刺激感增强,Other,3,gold
E001329,局部囊肿的张力增高,Symptom,3,gold
E001330,局部感染,Disease,3,gold
E001331,局部所分泌的液体没有被及时的吸收掉,Other,3,gold
E001332,局部有气滞血瘀、经络阻塞,Other,3,gold
E001333,局部的糜烂,Other,3,gold
E001334,局部的血液循环不良,MedicalCategory,3,gold
E001335,局部胸锁乳突肌的发育异常,PathologicalState,3,gold
E001336,左侧肋骨下面隐隐疼痛,Symptom,3,gold
E001337,左侧胸膜疾病,Disease,3,gold
E001338,左侧胸部外伤,RiskFactor,3,gold
E001339,左向右分流型的先天性心脏病,Disease,3,gold
E001340,左边小腿肚子酸胀感,Other,3,gold
E001341,巨大的卵巢囊肿,Symptom,3,gold
E001342,常常在经常性的伏案工作时间过长,Other,3,gold
E001343,干燥综合征,Other,3,gold
E001344,年轻人,Other,3,gold
E001345,幽门螺杆菌感染,Disease,3,gold
E001346,开放性气胸,Other,3,gold
E001347,异常出血,Symptom,3,gold
E001348,异常分泌物,MedicalCategory,3,gold
E001349,张力性气胸,Other,3,gold
E001350,强哭,Other,3,gold
E001351,形觉剥夺,Other,3,gold
E001352,影响到脑子的意识状态,ClinicalSign,3,gold
E001353,影响发音,Other,3,gold
E001354,影响女性的月经,Other,3,gold
E001355,影响子宫宫腔形态及子宫内膜,AnatomicalSite,3,gold
E001356,影响智力发育,Other,3,gold
E001357,影响月经,Other,3,gold
E001358,影响泪膜的稳定性,Other,3,gold
E001359,影响症状表现由头皮发展为躯干,Disease,3,gold
E001360,影响胞脉、胞络功能,PathologicalState,3,gold
E001361,心、脑灌注不足,AnatomicalSite,3,gold
E001362,心前区疼痛,Symptom,3,gold
E001363,心功能不好,PathologicalState,3,gold
E001364,心情不好,AnatomicalSite,3,gold
E001365,心肌缺血,AnatomicalSite,3,gold
E001366,心肌缺血、缺氧、坏死,PathologicalState,3,gold
E001367,心脏、大脑相对性供血不足,AnatomicalSite,3,gold
E001368,心脏情况也都不好,AnatomicalSite,3,gold
E001369,心脏的刺痛,Symptom,3,gold
E001370,心脏的负担加重,AnatomicalSite,3,gold
E001371,心血管相关的疾病,MedicalCategory,3,gold
E001372,心跳快,Symptom,3,gold
E001373,怀孕6周,Other,3,gold
E001374,怀孕之后由于肠内压迫,AnatomicalSite,3,gold
E001375,怀孕初期,Other,3,gold
E001376,急性上呼吸道黏膜炎症反应,Disease,3,gold
E001377,急性乳腺炎,Disease,3,gold
E001378,急性再生障碍性贫血,Other,3,gold
E001379,急性化脓性扁桃体炎,Disease,3,gold
E001380,急性呼吸道传染病,MedicalCategory,3,gold
E001381,急性咽炎,Disease,3,gold
E001382,急性子宫颈炎,Disease,3,gold
E001383,急性心排血量骤降,AnatomicalSite,3,gold
E001384,急性非感染性滑膜炎,Disease,3,gold
E001385,急进性肾功能损害,PathologicalState,3,gold
E001386,急迫性尿失禁,Other,3,gold
E001387,性传播疾病,MedicalCategory,3,gold
E001388,性传播的疾病,MedicalCategory,3,gold
E001389,性格改变,Other,3,gold
E001390,性欲减退,Other,3,gold
E001391,总体的血容量差,Other,3,gold
E001392,总打喷嚏,Other,3,gold
E001393,总热卡和总能量的超标,Other,3,gold
E001394,恐惧,Other,3,gold
E001395,恶冷,Other,3,gold
E001396,恶寒,Other,3,gold
E001397,情绪性疾病,MedicalCategory,3,gold
E001398,情绪激动,Other,3,gold
E001399,想吐,Other,3,gold
E001400,感冒发烧,Disease,3,gold
E001401,感染性休克,Disease,3,gold
E001402,感觉异常,PathologicalState,3,gold
E001403,慢性单纯性鼻炎,Disease,3,gold
E001404,慢性咳嗽,Symptom,3,gold
E001405,慢性肥厚性鼻炎,Disease,3,gold
E001406,慢性肺阻塞性肺疾病,Disease,3,gold
E001407,慢性酒精中毒,Disease,3,qwen
E001408,慢性阻塞性肺疾病,Disease,3,gold
E001409,慢性非细菌性的前列腺炎,Disease,3,gold
E001410,慢阻肺,AnatomicalSite,3,gold
E001411,截瘫,Symptom,3,qwen
E001412,扁桃体发炎,Disease,3,gold
E001413,手指麻木,Symptom,3,qwen
E001414,手的麻木,ClinicalSign,3,gold
E001415,抑制人体对乙醇的正常代谢,Other,3,gold
E001416,抑制性欲,Other,3,gold
E001417,抑制骨髓造血功能,PathologicalState,3,gold
E001418,抑郁情绪初期,Other,3,gold
E001419,抽筋,Other,3,gold
E001420,拉肚子、便秘交替,Other,3,gold
E001421,掉下巴,Other,3,gold
E001422,排气很多、很臭,Other,3,gold
E001423,接种疫苗,Treatment,3,gold
E001424,摄入蛋白质过少,Other,3,gold
E001425,攒肚子,Other,3,gold
E001426,支原体,Other,3,gold
E001427,新冠肺炎,Disease,3,gold
E001428,新生儿含奶睡,Other,3,gold
E001429,无尿,Other,3,gold
E001430,早晨起来走路就会感觉到不稳、头昏昏沉沉的,Other,3,gold
E001431,早期,Other,3,gold
E001432,晕船的反应,Other,3,gold
E001433,晕车,Other,3,gold
E001434,晚上睡觉时躺在床上回心血量增多可加重心脏负担,Symptom,3,gold
E001435,晚期的甲状腺癌,Disease,3,gold
E001436,暂时功能的障碍,PathologicalState,3,gold
E001437,月经,Other,3,gold
E001438,月经改变,MedicalCategory,3,gold
E001439,月经量增多,Symptom,3,gold
E001440,有效循环血量减少,Symptom,3,gold
E001441,末梢神经出现慢性炎症,Disease,3,gold
E001442,机体免疫功能极度低下,PathologicalState,3,gold
E001443,果冻样大便,Other,3,gold
E001444,某些慢性的疾病,Disease,3,gold
E001445,柯萨奇病毒,Disease,3,gold
E001446,椎体改变,Other,3,gold
E001447,椎管内的神经根、马尾神经受到滑脱椎体牵拉刺激,Other,3,gold
E001448,樱桃状血管瘤,Disease,3,gold
E001449,正中神经损伤,Other,3,gold
E001450,比较大的时候,Other,3,gold
E001451,气流受限性疾病,MedicalCategory,3,gold
E001452,水疱,Other,3,gold
E001453,水肿性疾病,MedicalCategory,3,gold
E001454,沉积在关节周围,Other,3,gold
E001455,没有对症治疗,Treatment,3,gold
E001456,没有得到正确、及时的治疗,Treatment,3,gold
E001457,治疗,Treatment,3,qwen
E001458,治疗不及时或方法不当,Treatment,3,gold
E001459,泌尿系统有结石、肿瘤,Disease,3,gold
E001460,泌尿系统疾病,MedicalCategory,3,gold
E001461,泌尿系统病变,MedicalCategory,3,gold
E001462,泌尿系统的疾病,MedicalCategory,3,gold
E001463,泌尿系统的结石,Other,3,gold
E001464,泌尿系统肿瘤,Disease,3,gold
E001465,泌尿道发生了慢性感染,Disease,3,gold
E001466,泌尿道梗阻,PathologicalState,3,gold
E001467,注射狂犬疫苗后饮酒,Treatment,3,gold
E001468,津伤,Other,3,gold
E001469,活动太多,Other,3,gold
E001470,流感,Other,3,gold
E001471,流行性感冒,Disease,3,gold
E001472,流鼻水,AnatomicalSite,3,gold
E001473,浮肿,Symptom,3,gold
E001474,消化功能不良,PathologicalState,3,gold
E001475,消化液会反流,Other,3,gold
E001476,消化系统的疾病,MedicalCategory,3,gold
E001477,消化道中营养吸收的不足,Treatment,3,gold
E001478,消化道症状,MedicalCategory,3,gold
E001479,消化道的症状,MedicalCategory,3,gold
E001480,消瘦且易饥饿,Other,3,gold
E001481,淋浴时患者是站立的,Other,3,gold
E001482,淤胆性肝硬化,Disease,3,gold
E001483,清宫不干净,Other,3,gold
E001484,湿热,Other,3,gold
E001485,滑膜出现无菌性的炎症,Disease,3,gold
E001486,滑膜肿胀,Symptom,3,gold
E001487,滑膜肿胀、疼痛,Symptom,3,gold
E001488,滴虫性阴道炎,Disease,3,gold
E001489,激素能够抑制纤维母细胞的增生,TestResult,3,gold
E001490,炎症加重,Disease,3,gold
E001491,炎症反应,Disease,3,gold
E001492,炎症症状,MedicalCategory,3,gold
E001493,烦躁易怒,Symptom,3,qwen
E001494,热水,Other,3,gold
E001495,牙齿拔除之后一直疼痛,Symptom,3,gold
E001496,牵拉疼,Symptom,3,gold
E001497,特殊类型的疾病,MedicalCategory,3,gold
E001498,狭窄,PathologicalState,3,gold
E001499,生化缺陷,Other,3,gold
E001500,生殖道感染,Disease,3,gold
E001501,生长偏离,Other,3,gold
E001502,生长纹,Other,3,gold
E001503,用力，吸气时胸口疼痛,Symptom,3,qwen
E001504,甲状旁腺功能损伤,PathologicalState,3,qwen
E001505,病毒合并细菌感染,Disease,3,gold
E001506,病毒性心肌炎,Disease,3,gold
E001507,病毒性感染,Disease,3,gold
E001508,病理性的白带,Disease,3,gold
E001509,痔核脱出,Other,3,gold
E001510,痛经,Symptom,3,gold
E001511,痤疮丙酸杆菌感染,Disease,3,gold
E001512,癌性病变,MedicalCategory,3,gold
E001513,癫痫的后遗症,MedicalCategory,3,gold
E001514,白带增多,Symptom,3,gold
E001515,白带异味,MedicalCategory,3,gold
E001516,白色念珠菌感染,Disease,3,gold
E001517,白酒,Other,3,gold
E001518,皮炎,Disease,3,gold
E001519,皮肤感觉到瘙痒,Symptom,3,gold
E001520,皮肤改变,AnatomicalSite,3,gold
E001521,皮肤无法适应,AnatomicalSite,3,gold
E001522,皮肤松弛,AnatomicalSite,3,gold
E001523,皮肤的瘙痒,Symptom,3,gold
E001524,皮肤颜色苍白,AnatomicalSite,3,gold
E001525,皮肤黏蛋白沉积,AnatomicalSite,3,gold
E001526,盆腔充血,Other,3,gold
E001527,盆腔包块,Other,3,gold
E001528,盆腔积液,Other,3,gold
E001529,盗汗,Other,3,gold
E001530,直接机械刺激,MedicalCategory,3,gold
E001531,直肠癌,Disease,3,gold
E001532,相对恶液质,Other,3,gold
E001533,真皮的弹力纤维被拉断,Other,3,gold
E001534,真菌性阴囊炎,Disease,3,gold
E001535,眼发黑,AnatomicalSite,3,gold
E001536,眼球活动受限,AnatomicalSite,3,gold
E001537,眼睛出血,MedicalCategory,3,gold
E001538,眼睛存在屈光不正,MedicalCategory,3,gold
E001539,着凉、受寒或者在晨起以后,Other,3,gold
E001540,睑黄瘤,Disease,3,gold
E001541,睡眠紊乱,Other,3,gold
E001542,睡眠质量不好,MedicalCategory,3,gold
E001543,睡眠质量很差,Other,3,gold
E001544,睡着后身体抖动频繁,Other,3,gold
E001545,睾丸隐隐作痛,Symptom,3,gold
E001546,睾酮水平过高,TestResult,3,gold
E001547,破裂孔侵犯颅底、颅质,PathologicalState,3,gold
E001548,神经、血管细胞功能出现下降,PathologicalState,3,gold
E001549,神经痛,MedicalCategory,3,gold
E001550,神经系统的缺血,Other,3,gold
E001551,突然出现口渴,Other,3,gold
E001552,突然口渴的很厉害,Other,3,gold
E001553,"突然头晕、恶心,想吐、出汗",Symptom,3,gold
E001554,筋膜炎症,Disease,3,gold
E001555,类风湿性关炎,Disease,3,gold
E001556,精力往往是不足的,Other,3,gold
E001557,精液感染,Disease,3,gold
E001558,精神疾病,MedicalCategory,3,gold
E001559,精神症状,MedicalCategory,3,gold
E001560,精神神经的异常,MedicalCategory,3,gold
E001561,精神障碍,MedicalCategory,3,gold
E001562,精索静脉曲张,Other,3,gold
E001563,紫癜,Other,3,gold
E001564,细菌性阴道炎,Disease,3,gold
E001565,细菌感染的疾病,MedicalCategory,3,gold
E001566,细菌或病毒感染,Disease,3,gold
E001567,终末期,Other,3,gold
E001568,经期延长,Other,3,gold
E001569,"经过肝脏代谢时,对正常细胞也会产生杀伤作用",AnatomicalSite,3,gold
E001570,结核中毒,Other,3,gold
E001571,结石发作,Other,3,gold
E001572,结石梗阻,PathologicalState,3,gold
E001573,结膜下出现大量的积液,Other,3,gold
E001574,继发性癫痫,Disease,3,gold
E001575,继发性遗尿症,Disease,3,gold
E001576,继发性高血压,TestResult,3,gold
E001577,继发感染,Disease,3,gold
E001578,继发睑板的炎性改变,Disease,3,gold
E001579,绿色西红柿,Other,3,qwen
E001580,缺乏运动,Other,3,gold
E001581,缺氧感觉,Other,3,gold
E001582,缺铁性贫血,Other,3,gold
E001583,罕见病,MedicalCategory,3,gold
E001584,老年人嗜睡,Other,3,gold
E001585,老年女性尿失禁,MedicalCategory,3,gold
E001586,耳后疼痛,Symptom,3,gold
E001587,耳朵后面长痘,Other,3,gold
E001588,耳朵里面痒,Other,3,gold
E001589,耳道的湿疹,Other,3,gold
E001590,耳部周围神经遭受病毒的侵袭感染,Disease,3,gold
E001591,聋哑,Other,3,gold
E001592,肋骨炎,Disease,3,gold
E001593,肌力情况差,Other,3,gold
E001594,肌瘤变性,Disease,3,gold
E001595,肌肉以及周围的软组织出现紧张状态,Other,3,gold
E001596,肚子胀痛,Symptom,3,gold
E001597,肛乳头肥大脱出,Other,3,gold
E001598,肛肠的疾病,Disease,3,gold
E001599,肛门分泌物以及月经血的刺激,Other,3,gold
E001600,肛门的局部的炎症,MedicalCategory,3,gold
E001601,肝功能衰竭,PathologicalState,3,gold
E001602,肝病,Disease,3,gold
E001603,肝癌,Disease,3,gold
E001604,肝硬化失代偿,Disease,3,gold
E001605,肝肾功能的损伤,PathologicalState,3,gold
E001606,肝郁化火,AnatomicalSite,3,gold
E001607,肠胃功能紊乱,PathologicalState,3,gold
E001608,肠道蠕动加快,AnatomicalSite,3,gold
E001609,肩关节周围炎,MedicalCategory,3,gold
E001610,肩关节疼痛,Symptom,3,gold
E001611,肺气肿进一步加重,Symptom,3,gold
E001612,肺癌晚期,Disease,3,gold
E001613,肺脓肿,Symptom,3,gold
E001614,肺转移,PathologicalState,3,qwen
E001615,肾功能不全,PathologicalState,3,gold
E001616,肾小球滤过率下降,PathologicalState,3,qwen
E001617,肾盂梗阻,PathologicalState,3,gold
E001618,肾脏尿流不能很通畅到达膀胱,AnatomicalSite,3,gold
E001619,肿瘤出血,Disease,3,gold
E001620,肿瘤细胞会顺淋巴管侵犯到旁边的骨头,Disease,3,gold
E001621,胃的痉挛、收缩,AnatomicalSite,3,gold
E001622,胃肠道蠕动加快,AnatomicalSite,3,gold
E001623,胃胀,AnatomicalSite,3,gold
E001624,胃阴损耗,AnatomicalSite,3,gold
E001625,胃黏膜的急性病变,Disease,3,gold
E001626,胆囊沉积物,PathologicalState,3,qwen
E001627,胆囊炎急性发作,Disease,3,qwen
E001628,胆固醇性结晶,PathologicalState,3,qwen
E001629,胆汁淤积综合征,AnatomicalSite,3,gold
E001630,胆痛,Symptom,3,gold
E001631,胆结石,AnatomicalSite,3,gold
E001632,胎儿畸形,PathologicalState,3,qwen
E001633,胰腺反复受到炎症刺激,Disease,3,gold
E001634,胰腺癌晚期,Disease,3,gold
E001635,胰腺癌的晚期,Disease,3,gold
E001636,胸壁软组织的损伤,Other,3,gold
E001637,"胸骨和肋骨,疼痛",Symptom,3,gold
E001638,胸骨或肋骨的骨折,Disease,3,qwen
E001639,脂肪尿,Other,3,gold
E001640,脂肪管型,Other,3,gold
E001641,脊髓损伤,Other,3,gold
E001642,脐周疼痛伴有呕吐,Symptom,3,gold
E001643,脑中风,MedicalCategory,3,gold
E001644,脑动脉硬化症,Disease,3,gold
E001645,脑水肿,ClinicalSign,3,gold
E001646,脑炎并发症,MedicalCategory,3,gold
E001647,脑瘤,Disease,3,gold
E001648,脑肿瘤,MedicalCategory,3,gold
E001649,脑膜炎,Disease,3,gold
E001650,脑膜瘤,Disease,3,gold
E001651,脑血管意外,AnatomicalSite,3,gold
E001652,脑血管病,Disease,3,gold
E001653,脑血管痉挛,AnatomicalSite,3,gold
E001654,脑袋突然晕,AnatomicalSite,3,gold
E001655,脑部缺血、缺氧性改变,AnatomicalSite,3,gold
E001656,脑震荡,AnatomicalSite,3,gold
E001657,脚垫,Other,3,gold
E001658,脚踝关节莫名其妙出现肿痛,Symptom,3,gold
E001659,脱屑,Other,3,gold
E001660,脾功能亢进,PathologicalState,3,gold
E001661,腋臭,Other,3,gold
E001662,腰五骶一椎间盘突出,Other,3,gold
E001663,腰椎滑脱疾病,Disease,3,gold
E001664,腰椎间盘突出症,Disease,3,gold
E001665,腰疼,Symptom,3,gold
E001666,腰背肌筋膜炎,Disease,3,gold
E001667,腰部的肌肉就会受到劳损,Other,3,gold
E001668,腰部肌肉组织、深筋膜组织出现无菌性炎症,Disease,3,gold
E001669,腰酸,Other,3,gold
E001670,腰酸、腰痛、不舒服,Symptom,3,gold
E001671,腹压骤降,Other,3,gold
E001672,腹腔镜手术后出现腹胀,Treatment,3,gold
E001673,腹部刺痛,Symptom,3,gold
E001674,腺样体肥大,Other,3,gold
E001675,膀胱功能性的容量减少,PathologicalState,3,qwen
E001676,膀胱疾病,MedicalCategory,3,gold
E001677,膀胱结石,Other,3,gold
E001678,膝关节失去交叉韧带为主的旋转作用,Other,3,gold
E001679,膝盖周围有刺痛,Symptom,3,gold
E001680,膝盖韧带拉伤,Other,3,gold
E001681,自发性闭经,Other,3,gold
E001682,自身免疫性疾病,MedicalCategory,3,gold
E001683,良性的小血管瘤,Disease,3,gold
E001684,艾滋病期,Disease,3,gold
E001685,莫名其妙的想哭,Other,3,gold
E001686,菌状乳头发炎,Disease,3,gold
E001687,营养状况变差,Treatment,3,gold
E001688,葡萄膜炎,Disease,3,gold
E001689,虚弱,Other,3,gold
E001690,虫咬性皮炎,Disease,3,gold
E001691,蛇盘疮,Other,3,gold
E001692,蛋白质和脂肪的分解代谢产物中都含有较多的酸性物质,Other,3,gold
E001693,血压过高,TestResult,3,gold
E001694,血常规异常,PathologicalState,3,gold
E001695,血栓脱落,Other,3,gold
E001696,血液淤积在睾丸内,Other,3,gold
E001697,血液系统的疾病,MedicalCategory,3,gold
E001698,血液脂质沉积附着于血管壁,Other,3,gold
E001699,血管增生,Other,3,gold
E001700,血管收缩,Other,3,gold
E001701,血管的破裂,PathologicalState,3,gold
E001702,血管舒缩,Other,3,gold
E001703,血糖控制不佳,Other,3,gold
E001704,"血红蛋白被分解以后,蛋白含量就异常增高",PathologicalState,3,gold
E001705,血色素降低,Other,3,gold
E001706,血象高,Other,3,gold
E001707,行为异常,PathologicalState,3,gold
E001708,行走不稳,Other,3,gold
E001709,衣原体,Other,3,gold
E001710,视力不能够达到正常水平,TestResult,3,gold
E001711,视神经胶质瘤,Disease,3,gold
E001712,视网膜上小血管破裂,PathologicalState,3,gold
E001713,视网膜脱落,Other,3,gold
E001714,视网膜裂孔,Other,3,gold
E001715,说话多了会头晕,Symptom,3,gold
E001716,说话过多,Other,3,gold
E001717,走路不稳,Other,3,gold
E001718,走路不稳、头晕,Symptom,3,gold
E001719,身体右侧疼痛,Symptom,3,gold
E001720,身体的右侧疼,Symptom,3,gold
E001721,躯体化症状,MedicalCategory,3,gold
E001722,躺下或睡觉的时候,Other,3,gold
E001723,软骨一经裸露,Other,3,gold
E001724,软骨面下骨质的外露,Other,3,gold
E001725,轻微的脑震荡,AnatomicalSite,3,gold
E001726,输卵管出现粗大,Other,3,gold
E001727,输卵管癌症,Disease,3,gold
E001728,过多的热量会转化成脂肪,Other,3,gold
E001729,过胖,Other,3,gold
E001730,运动后,Other,3,gold
E001731,运动太多,Other,3,gold
E001732,"这个眼白以前没有问题,最近一段时间突然变黄,双眼对称",AnatomicalSite,3,gold
E001733,进食比较热的饮食,RiskFactor,3,gold
E001734,进食过早,Other,3,gold
E001735,通气和换气增加,Other,3,gold
E001736,遗传性酪氨酸血症,Disease,3,gold
E001737,酒精胃肠黏膜刺激性比较大,AnatomicalSite,3,gold
E001738,酸胀感,Other,3,gold
E001739,铜绿假单胞菌,Other,3,qwen
E001740,长时间未饮水,RiskFactor,3,gold
E001741,长时间熬夜,Other,3,gold
E001742,长期服用大量的糖皮质激素,Treatment,3,gold
E001743,长期熬夜的女生,Other,3,gold
E001744,闭角型青光眼急性发作,Disease,3,gold
E001745,间质性肺炎,Disease,3,gold
E001746,阑尾炎,Disease,3,gold
E001747,阔韧带的肌瘤,Disease,3,gold
E001748,阴虚内热,Other,3,gold
E001749,阻碍血液流通,Other,3,gold
E001750,雌激素降低,PathologicalState,3,qwen
E001751,静脉淤血,Other,3,gold
E001752,静脉血栓,Other,3,gold
E001753,非淋球菌性尿道炎,Disease,3,gold
E001754,非淋球菌性的尿道炎,Disease,3,gold
E001755,面色苍白,Other,3,gold
E001756,颅神经麻痹,Other,3,gold
E001757,颅脑损伤合并颅内血肿,Symptom,3,gold
E001758,颈后神经损伤,Other,3,gold
E001759,颈神经根损害,MedicalCategory,3,gold
E001760,颈管炎,Disease,3,gold
E001761,颈部处于长时间的后伸状态,Other,3,gold
E001762,颞叶钩回挤压小脑幕切迹内的脑组织,AnatomicalSite,3,gold
E001763,风湿免疫系统相关疾病,MedicalCategory,3,gold
E001764,食欲下降,PathologicalState,3,gold
E001765,食物不能经过幽门排出会在胃内滞留,AnatomicalSite,3,gold
E001766,食物进到气管里头,Other,3,gold
E001767,食道疾病,MedicalCategory,3,gold
E001768,饥饿,Other,3,gold
E001769,饮食不足,RiskFactor,3,gold
E001770,骨伤科疾病,MedicalCategory,3,gold
E001771,骨外科疾病,MedicalCategory,3,gold
E001772,骨样骨瘤,Disease,3,gold
E001773,骨水泥椎体成形术,Other,3,gold
E001774,高血压病,TestResult,3,gold
E001775,鹅口疮,Other,3,gold
E001776,麦粒肿,Symptom,3,gold
E001777,鼻咽癌早期,Disease,3,gold
E001778,鼻咽癌转移到肺部,Disease,3,gold
E001779,鼻腔内可以出现刺激性反应,AnatomicalSite,3,gold
E001780,鼻部症状,MedicalCategory,3,gold
E001781,2型糖尿病,Disease,2,gold
E001782,c反应蛋白升高,Other,2,gold
E001783,o型腿和x型腿,ClinicalSign,2,qwen
E001784,t3偏高,Other,2,gold
E001785,t4偏高,Other,2,gold
E001786,一侧腰部肌肉的慢性损伤,Other,2,gold
E001787,一侧鼻腔的狭窄,PathologicalState,2,gold
E001788,一次大量喝凉牛奶,Other,2,gold
E001789,一点点脂肪和胆固醇经过十二指肠,AnatomicalSite,2,gold
E001790,一系列综合征,Other,2,gold
E001791,一过性损伤,PathologicalState,2,qwen
E001792,一过性的头晕,Symptom,2,gold
E001793,一过性肺郁血,AnatomicalSite,2,gold
E001794,三叉神经根的感觉支受到损害,PathologicalState,2,gold
E001795,上呼吸道的症状,MedicalCategory,2,gold
E001796,上皮内瘤变,MedicalCategory,2,gold
E001797,上皮脱落增多,Symptom,2,gold
E001798,上肢麻木,ClinicalSign,2,gold
E001799,上腹部不适,AnatomicalSite,2,gold
E001800,上行性感染,Disease,2,gold
E001801,下尿路感染,Disease,2,gold
E001802,下肢出现过度的疲劳,Other,2,gold
E001803,下肢广泛性的血栓形成,Other,2,gold
E001804,下肢无力,ClinicalSign,2,gold
E001805,下肢水肿,ClinicalSign,2,gold
E001806,下肢的血管病变,Disease,2,gold
E001807,下肢神经损伤,Other,2,gold
E001808,下肢神经短暂的缺血,Other,2,gold
E001809,下肢过早活动或者过早下地,Other,2,gold
E001810,下腹隐痛,Symptom,2,gold
E001811,不停往外渗血,Other,2,gold
E001812,不健康的生活方式,Other,2,gold
E001813,不典型的意识丧失,ClinicalSign,2,gold
E001814,不利于恒牙的萌出,Other,2,gold
E001815,不及早的将牙根拔掉,Other,2,gold
E001816,不容易刺激肠蠕动,AnatomicalSite,2,gold
E001817,不容易得到消化,Other,2,gold
E001818,不愿意发生性关系,Other,2,gold
E001819,不明原因的血尿,Other,2,gold
E001820,不稳定型心绞痛,MedicalCategory,2,gold
E001821,不稳定性心绞痛,Symptom,2,gold
E001822,不经积极治疗,Treatment,2,gold
E001823,不能入睡,Other,2,gold
E001824,不能够自动缩回去,Other,2,gold
E001825,不能完全研磨食物,Other,2,gold
E001826,不良的生活习惯,Other,2,gold
E001827,不良的生活方式,Other,2,gold
E001828,不规律服用降压药物,Treatment,2,gold
E001829,不进食,Other,2,gold
E001830,不适,Other,2,gold
E001831,丛集性头痛,Symptom,2,gold
E001832,两个恒中切牙当中有一个多生牙,Other,2,gold
E001833,严重骨髓造血功能衰竭性疾病,Disease,2,gold
E001834,"中上腹部疼痛伴有胸前区胀痛,按压时明显",Symptom,2,gold
E001835,中年肥胖的男性,RiskFactor,2,gold
E001836,中晚期,Other,2,gold
E001837,中枢性眩晕,MedicalCategory,2,qwen
E001838,中枢神经对于脊髓低级排尿中枢的抑制作用减弱,Other,2,gold
E001839,中等热,Other,2,gold
E001840,中等量蛋白尿,Other,2,gold
E001841,中耳压力过低,Other,2,gold
E001842,中风,MedicalCategory,2,gold
E001843,丹毒,Other,2,gold
E001844,久坐,Other,2,gold
E001845,乘坐交通工具,Other,2,gold
E001846,乳头状瘤,Disease,2,gold
E001847,乳房旁边骨头按下去疼,Symptom,2,gold
E001848,乳房旁骨头发生骨折,AnatomicalSite,2,gold
E001849,乳房湿疹,AnatomicalSite,2,gold
E001850,乳房溢血或溢液,AnatomicalSite,2,gold
E001851,乳房痒,AnatomicalSite,2,gold
E001852,乳房的肿瘤,MedicalCategory,2,gold
E001853,乳房的血管扩张,AnatomicalSite,2,gold
E001854,乳汁淤积,Other,2,gold
E001855,"乳糖不耐受,被乳糖酶分解后易产气、产酸",Other,2,gold
E001856,乳腺囊肿,Symptom,2,gold
E001857,乳腺导管扩张,Other,2,gold
E001858,乳腺的恶性肿瘤,MedicalCategory,2,gold
E001859,乳腺管扩张,Other,2,gold
E001860,乳腺腺管细胞、腺泡细胞增生,Other,2,gold
E001861,乳酸含量增加,Other,2,gold
E001862,"乳酸杆菌不再为优势菌,这个时候其他细菌可以过多的侵入到阴道和外阴",RiskFactor,2,gold
E001863,二氧化碳潴留,PathologicalState,2,gold
E001864,交感神经兴奋,Other,2,gold
E001865,交感神经兴奋性增加,Other,2,gold
E001866,产生大量气体,Other,2,gold
E001867,人工授精移植失败,Other,2,gold
E001868,人流手术,Treatment,2,gold
E001869,从事以前感兴趣的事情时乐趣丧失,Symptom,2,gold
E001870,他汀类药物,Treatment,2,gold
E001871,代谢产物的堆积刺激,Other,2,gold
E001872,代谢减慢,Other,2,gold
E001873,代谢废物增加,Other,2,gold
E001874,代谢疾病,Disease,2,gold
E001875,"会分泌胶原蛋白,对受损组织进行修复",Other,2,gold
E001876,会厌功能紊乱,PathologicalState,2,gold
E001877,"会阴区局部的杂菌、细菌,真菌过多地繁殖",RiskFactor,2,gold
E001878,传导性耳鸣,Symptom,2,gold
E001879,伤及肝脏,AnatomicalSite,2,gold
E001880,伤及骨骼,Other,2,gold
E001881,伤口失去了表皮覆盖,Other,2,gold
E001882,伤口流出的黄水,Other,2,gold
E001883,伤害睾丸等生殖器官,Other,2,gold
E001884,低位直肠息肉,AnatomicalSite,2,gold
E001885,低位脑干梗死,Disease,2,gold
E001886,低度鳞状上皮内瘤变,Disease,2,gold
E001887,低氧血症,Disease,2,gold
E001888,低碳水饮食,RiskFactor,2,gold
E001889,低血钾症,Disease,2,gold
E001890,体内多余的毒素和废物堆积,Other,2,gold
E001891,体内水钠潴留,PathologicalState,2,gold
E001892,体内白蛋白指标明显降低,TestResult,2,gold
E001893,体内的雌激素水平降低,TestResult,2,gold
E001894,体内雌激素和孕激素的水平大幅度升高,TestResult,2,gold
E001895,体内雌激素蓄积,TestResult,2,gold
E001896,体温上升,Other,2,gold
E001897,体温持续偏高,Other,2,gold
E001898,体质,Other,2,gold
E001899,体质虚弱,Other,2,gold
E001900,体重下降,PathologicalState,2,gold
E001901,体重减轻,Other,2,gold
E001902,体重反弹,Other,2,gold
E001903,体重增加,Other,2,gold
E001904,体重的增加,Other,2,gold
E001905,体重轻微的升高,Other,2,gold
E001906,体重过重,Other,2,gold
E001907,侵犯颈部的神经丛,Other,2,gold
E001908,侵蚀性葡萄胎,Other,2,gold
E001909,便意,Symptom,2,qwen
E001910,便潜血阳性,TestResult,2,gold
E001911,促性腺素会随着降低,Other,2,gold
E001912,促进血管收缩,Other,2,gold
E001913,偏身感觉障碍,Other,2,gold
E001914,偶尔也可以胸疼,Symptom,2,gold
E001915,偶尔突然脑袋晕,AnatomicalSite,2,gold
E001916,儿童免疫系统发育不完全、抵抗力比较差,RiskFactor,2,gold
E001917,儿童足癣,Disease,2,qwen
E001918,充血肿胀,Symptom,2,gold
E001919,先天性疾病,MedicalCategory,2,gold
E001920,克氏征,Other,2,gold
E001921,克罗恩病的复发,Disease,2,gold
E001922,免疫复合物沉着到肾脏表面,AnatomicalSite,2,gold
E001923,免疫紊乱,Other,2,gold
E001924,全血细胞数量减少,Symptom,2,gold
E001925,全身不适,Other,2,gold
E001926,全身炎症反应,MedicalCategory,2,gold
E001927,全身瘙痒,Symptom,2,gold
E001928,全身肌肉发生退行性变化,PathologicalState,2,qwen
E001929,全身肌肉抖动,Other,2,gold
E001930,全身肌肉痉挛,Other,2,gold
E001931,全身酸疼,Symptom,2,gold
E001932,全身酸痛无力,ClinicalSign,2,gold
E001933,关节不稳定,Other,2,gold
E001934,关节内有撕裂感,Other,2,gold
E001935,关节内结构一旦损伤,Other,2,gold
E001936,关节周围形成痛风石,Symptom,2,gold
E001937,关节局部出现肿胀,Symptom,2,gold
E001938,关节活动受限,Other,2,gold
E001939,关节盘的前移位,Other,2,gold
E001940,关节软骨间摩擦力大大增加,Other,2,gold
E001941,关节部位会出现功能障碍,PathologicalState,2,gold
E001942,关节酸疼,Symptom,2,gold
E001943,"其他疾病引起的反复发热,像川崎病、eb病毒感染",Disease,2,gold
E001944,内分泌的影响,Other,2,gold
E001945,内生殖器异常,PathologicalState,2,gold
E001946,内痔,Other,2,gold
E001947,内膜向肌层浸润,Other,2,gold
E001948,内膜的损伤,Other,2,gold
E001949,内膜粘连,PathologicalState,2,gold
E001950,再次妊娠,Other,2,gold
E001951,冠状动脉功能性改变痉挛,PathologicalState,2,gold
E001952,冠状动脉瘤,Disease,2,gold
E001953,冠状动脉粥样硬化使血管的腔狭窄或阻塞,PathologicalState,2,gold
E001954,冠状动脉缺血和痉挛的改变,Other,2,gold
E001955,冠脉扩张,Other,2,gold
E001956,减少淋巴细胞的产生,Symptom,2,gold
E001957,减弱了胃的蠕动,AnatomicalSite,2,gold
E001958,减肥,Other,2,gold
E001959,凹陷骨折,Other,2,gold
E001960,出冷汗,Other,2,gold
E001961,出口梗阻型便秘,PathologicalState,2,gold
E001962,出汗比较多,Other,2,gold
E001963,出现褐色血,Other,2,gold
E001964,出血比较多,Symptom,2,gold
E001965,出血风险非常大,Symptom,2,gold
E001966,刀割样疼痛,Symptom,2,gold
E001967,分泌紊乱,Other,2,gold
E001968,刚刚怀孕,Other,2,gold
E001969,刚长出来的鸡眼,AnatomicalSite,2,gold
E001970,初戴假牙,Other,2,gold
E001971,刮宫,Other,2,gold
E001972,刺激到嗓子,Other,2,gold
E001973,刺激咽喉部以及舌根,AnatomicalSite,2,gold
E001974,刺激壁层腹膜,Other,2,gold
E001975,刺激感,Other,2,gold
E001976,刺激机体体温调节中枢的上升,Other,2,gold
E001977,"刺激眼表的眼壁,向各个方向都有一些压力存在",AnatomicalSite,2,gold
E001978,前交叉韧带损伤,Other,2,gold
E001979,前列腺的疾病,Disease,2,gold
E001980,前房内小血管破裂,PathologicalState,2,gold
E001981,前脚掌出现麻木,ClinicalSign,2,gold
E001982,前脚掌麻木,ClinicalSign,2,gold
E001983,前额头痛,Symptom,2,gold
E001984,前额疼痛,Symptom,2,gold
E001985,前额部闷胀痛,Symptom,2,gold
E001986,剧烈的头痛、头晕,Symptom,2,gold
E001987,剧烈的胃肠道症状,Disease,2,gold
E001988,功能区的开颅手术,Treatment,2,gold
E001989,功能强化,PathologicalState,2,gold
E001990,功能性改变,MedicalCategory,2,gold
E001991,功能衰竭,PathologicalState,2,gold
E001992,加剧了血压升高和肾血管的病变,TestResult,2,gold
E001993,加重冠状动脉内皮的压力,Other,2,gold
E001994,加重肠道的负担,AnatomicalSite,2,gold
E001995,加重胰岛素代谢的负担,AnatomicalSite,2,gold
E001996,动眼神经核、以及动眼神经出脑干的部位受到刺激,AnatomicalSite,2,gold
E001997,动脉夹层,Other,2,gold
E001998,动脉弹性较差,Other,2,gold
E001999,"动脉血不能够及时的由心脏泵到全身的各个重要脏器,经常会淤到肺里",AnatomicalSite,2,gold
E002000,动静脉瘘,Other,2,gold
E002001,包皮龟头炎,Disease,2,gold
E002002,化脓,Other,2,gold
E002003,化脓性关节炎,Disease,2,gold
E002004,午后潮热,Other,2,gold
E002005,半夜时胃部会有很多消化液聚集在一起,AnatomicalSite,2,gold
E002006,半夜腿抽筋,Other,2,gold
E002007,单纯的良性结节,Other,2,gold
E002008,卡滞在食管狭窄部位,PathologicalState,2,gold
E002009,卫生清洁不良,Other,2,gold
E002010,卵巢囊实性肿物,Symptom,2,gold
E002011,卵巢囊肿扭转、破裂,Symptom,2,gold
E002012,卵巢囊肿的蒂扭转,Symptom,2,gold
E002013,卵巢蒂扭转,MedicalCategory,2,gold
E002014,压力改变特别明显,Other,2,gold
E002015,压力过高,Other,2,gold
E002016,压力逐渐增大,Other,2,gold
E002017,压抑过久,Other,2,gold
E002018,压痛,Symptom,2,gold
E002019,压迫下肢肌肉血管的供血,Other,2,gold
E002020,压迫主动脉和髋动脉,Other,2,gold
E002021,压迫到神经,Other,2,gold
E002022,压迫周围的血管,Other,2,gold
E002023,压迫宝宝,Other,2,gold
E002024,压迫延髓的生命中枢,Other,2,gold
E002025,压迫神经根,Other,2,gold
E002026,压迫腰5神经根,Other,2,gold
E002027,压迫身体右侧的神经,Other,2,gold
E002028,压迫附近的静脉,Other,2,gold
E002029,压迫骶1神经根,Other,2,gold
E002030,厌食,Other,2,gold
E002031,原发性的腹膜炎,Disease,2,gold
E002032,原发性遗尿症,Disease,2,gold
E002033,反复发作,Other,2,gold
E002034,反复哭闹,Other,2,gold
E002035,反复的便秘,Other,2,gold
E002036,反复长时间的熬夜,Other,2,gold
E002037,反应慢,Other,2,gold
E002038,反胃,AnatomicalSite,2,gold
E002039,反跳痛,Symptom,2,gold
E002040,发呆,Other,2,gold
E002041,发炎,Disease,2,gold
E002042,发痒,Other,2,gold
E002043,"发红,局部可以看到米粒状的疙瘩伴痒,严重者还有脱皮",Other,2,gold
E002044,发育不良,Other,2,gold
E002045,取环以后,Other,2,gold
E002046,受到外界刺激,Other,2,gold
E002047,受到外界的过敏原刺激或病原体感染,Disease,2,gold
E002048,受到精神刺激或精神压力,Other,2,gold
E002049,受精浓度都达不到,TestResult,2,gold
E002050,受风吹,Other,2,gold
E002051,变应性的肺部疾患,AnatomicalSite,2,gold
E002052,口内有某些牙齿的隐患,Other,2,gold
E002053,口干,Other,2,gold
E002054,口水增多,Symptom,2,gold
E002055,口腔异常感染,Disease,2,gold
E002056,口腔没有食物的自洁作用,AnatomicalSite,2,gold
E002057,口腔清洁较困难,AnatomicalSite,2,gold
E002058,口腔的感觉异常,PathologicalState,2,gold
E002059,口臭,Other,2,gold
E002060,口臭就会更加严重,Other,2,gold
E002061,叩击痛阳性,TestResult,2,gold
E002062,只剩牙根,Other,2,gold
E002063,可以触摸到肿大的睾丸或者附睾,Symptom,2,gold
E002064,右侧胸壁有粘连,PathologicalState,2,gold
E002065,右侧胸膜炎,Disease,2,gold
E002066,右肩背部明显肌肉的僵硬感,Other,2,gold
E002067,"吃东西时下巴向前伸,通过上下牙床对合咬食物",Other,2,gold
E002068,吃中药拉肚子,Treatment,2,gold
E002069,吃了过多的油条,Other,2,gold
E002070,吃完饭后食物在消化,Other,2,gold
E002071,吃的特别多,Other,2,gold
E002072,吃肉,Other,2,gold
E002073,吃辛辣、油腻、冰冷的食物,RiskFactor,2,gold
E002074,吃进来其他的食物不容易被运化而在体内蓄积,Other,2,gold
E002075,吃食物,Other,2,gold
E002076,合并收缩压减低,Other,2,gold
E002077,合并有糖尿病,Disease,2,gold
E002078,合成过多的黑色素,Other,2,gold
E002079,合成黑色素减少,Symptom,2,gold
E002080,同房后总有小腹痛,Symptom,2,gold
E002081,后天性心脏病,Disease,2,gold
E002082,后循环的脑梗死,Disease,2,gold
E002083,后期,Other,2,gold
E002084,含碘过高的食物,Other,2,gold
E002085,听神经损害,PathologicalState,2,gold
E002086,吹风,Other,2,gold
E002087,呕吐后呕吐物可能导致误吸,Symptom,2,gold
E002088,周围循环阻力增加,Other,2,gold
E002089,周围性眩晕,MedicalCategory,2,qwen
E002090,周围的分泌物渗出,Other,2,gold
E002091,"呼出二氧化碳增多,吸入氧气减少",Symptom,2,gold
E002092,呼吸性的碱中毒,ClinicalSign,2,gold
E002093,咀嚼肌痉挛,Other,2,gold
E002094,咀嚼食物过程中很容易咬伤颊黏膜,Other,2,gold
E002095,咳喘无力,ClinicalSign,2,gold
E002096,咳嗽伴有夜间阵发性呼吸困难,ClinicalSign,2,gold
E002097,咳黄痰,Symptom,2,gold
E002098,咽口水疼痛,Symptom,2,gold
E002099,咽结膜热,AnatomicalSite,2,gold
E002100,哮喘发作,Other,2,gold
E002101,喃喃重复自语,Other,2,gold
E002102,喉上神经侵犯,AnatomicalSite,2,gold
E002103,喉咙发炎的患者,Disease,2,gold
E002104,喉咙干痛,Symptom,2,gold
E002105,喉咙的异物感,AnatomicalSite,2,gold
E002106,喉炎,Disease,2,gold
E002107,喝刺激性的饮品,Other,2,gold
E002108,喝水噎住,Other,2,gold
E002109,喝白酒后出现心跳加速,Symptom,2,gold
E002110,嗓子的疼痛加重,Symptom,2,gold
E002111,嗜睡症状,Disease,2,gold
E002112,嘴唇起泡,Other,2,gold
E002113,器质性病变,MedicalCategory,2,gold
E002114,囊肿只会越来越大,Symptom,2,gold
E002115,囤积水果的热量,Other,2,gold
E002116,围生期心肌病,Disease,2,gold
E002117,在电脑面前工作,AnatomicalSite,2,gold
E002118,坏死,PathologicalState,2,gold
E002119,坏死组织脱落,PathologicalState,2,gold
E002120,坐着起来的时候出现腰痛,Symptom,2,gold
E002121,坐立不安,Other,2,gold
E002122,基因染色体改变,Other,2,gold
E002123,基因突变,Other,2,gold
E002124,基本上不能入睡,Other,2,gold
E002125,堵塞局部的血管,Other,2,gold
E002126,堵塞肺动脉,AnatomicalSite,2,gold
E002127,堵塞血管,Other,2,gold
E002128,增加局部血流、渗出,Other,2,gold
E002129,增加腹压,Other,2,gold
E002130,增加饱腹感,Other,2,gold
E002131,增殖灶,Other,2,gold
E002132,增生性组织,Other,2,gold
E002133,增肥,Other,2,gold
E002134,声带囊肿,Symptom,2,gold
E002135,声带息肉,Other,2,gold
E002136,声带恶性肿瘤随着肿瘤的长大,Disease,2,gold
E002137,声带的恶性肿瘤,Disease,2,gold
E002138,声带运动障碍,Other,2,gold
E002139,复发性口腔溃疡,AnatomicalSite,2,gold
E002140,复发性口腔溃疡长在舌尖上,AnatomicalSite,2,gold
E002141,夏天时天气炎热,Disease,2,gold
E002142,夏天脚肿,Symptom,2,gold
E002143,外周血中中性粒细胞的数量会出现异常增高,PathologicalState,2,gold
E002144,外周血管的扩张,Other,2,gold
E002145,外阴痒,Other,2,gold
E002146,外阴瘙痒,Symptom,2,gold
E002147,多发性肌炎,Disease,2,gold
E002148,多系统功能的改变,PathologicalState,2,gold
E002149,夜间休息不好,Other,2,gold
E002150,夜间气短,Other,2,gold
E002151,夜间睡眠时容易造成膀胱排尿反射,Other,2,gold
E002152,大于两岁的孩子,Other,2,gold
E002153,大便干燥出血,Symptom,2,gold
E002154,大叶性肺炎,Disease,2,gold
E002155,大声的嘶喊,Other,2,gold
E002156,大姨妈量特别多,Other,2,gold
E002157,大拇指发麻,Other,2,gold
E002158,大脑供血减少,Symptom,2,gold
E002159,大脑功能下降,PathologicalState,2,gold
E002160,大脑处于疲劳的状态,AnatomicalSite,2,gold
E002161,大脑影响范围较大,AnatomicalSite,2,gold
E002162,大脑疲劳,AnatomicalSite,2,gold
E002163,大脑皮层发育延迟,AnatomicalSite,2,gold
E002164,大脑长时间缺氧,AnatomicalSite,2,gold
E002165,大血管动脉粥样硬化,PathologicalState,2,gold
E002166,大血管病变,Disease,2,gold
E002167,大量剧烈运动,Other,2,gold
E002168,大量在骨髓里增殖,Other,2,gold
E002169,大量的内出血,Symptom,2,gold
E002170,大量的水分渗入到组织间隙,Other,2,gold
E002171,大量的热气,Other,2,gold
E002172,大量饮水,RiskFactor,2,gold
E002173,大隐静脉炎,Disease,2,gold
E002174,大面积的肺栓塞,AnatomicalSite,2,gold
E002175,大面积脑梗死,Disease,2,gold
E002176,天气变化,Other,2,gold
E002177,天气比较寒冷,Other,2,gold
E002178,太厚,Other,2,gold
E002179,太阳穴一阵一阵的疼痛,Symptom,2,gold
E002180,头孢氨苄,Treatment,2,qwen
E002181,头孢羟氨苄片有生长毒性,Other,2,gold
E002182,头昏,Other,2,gold
E002183,头皮下的血管出现收缩、痉挛,Other,2,gold
E002184,头皮出现发麻,Other,2,gold
E002185,头皮瘙痒伴有颜色鲜红,Symptom,2,gold
E002186,头皮银屑病的患者,Other,2,gold
E002187,头胀,Other,2,gold
E002188,头被撞,Other,2,gold
E002189,头部供血不足,Other,2,gold
E002190,女士,Other,2,gold
E002191,女性出现心情问题,AnatomicalSite,2,gold
E002192,女性卵子异常,PathologicalState,2,gold
E002193,女性头发长得慢,Other,2,gold
E002194,"女性怀孕以后负担加重,需铁量增加",Other,2,gold
E002195,女性青春期过胖,Other,2,gold
E002196,女性食用寒凉以及油腻性过多的食物,Other,2,gold
E002197,奶粉残留在儿童的口腔内,AnatomicalSite,2,gold
E002198,奶量摄入不足,Other,2,gold
E002199,妄想,Other,2,gold
E002200,妇科检查,ExamProcedure,2,gold
E002201,妊娠反应剧烈,Other,2,gold
E002202,妊娠相关疾病,Disease,2,gold
E002203,妊娠纹,Other,2,gold
E002204,姿势不当,RiskFactor,2,qwen
E002205,婴儿攒肚子,Other,2,gold
E002206,婴儿病毒性肺炎,Disease,2,gold
E002207,婴儿肺部感染,Disease,2,gold
E002208,子宫体均匀性增大,AnatomicalSite,2,gold
E002209,子宫内膜受到伤害,AnatomicalSite,2,gold
E002210,子宫内膜比较薄,AnatomicalSite,2,gold
E002211,子宫内膜炎,Disease,2,gold
E002212,子宫内陈旧的血液排出,AnatomicalSite,2,gold
E002213,子宫的增大,AnatomicalSite,2,gold
E002214,子宫的收缩,AnatomicalSite,2,gold
E002215,子宫肌肉发生不节律的收缩,AnatomicalSite,2,gold
E002216,子宫颈癌,Disease,2,gold
E002217,孕囊过大,Other,2,gold
E002218,孕妇促甲状腺激素偏高,TestResult,2,gold
E002219,孕妇的腹壁肌肉薄弱、弹性差,Other,2,gold
E002220,孕早期阶段身体过于劳累,RiskFactor,2,gold
E002221,孕期明显的胸部胀痛,Symptom,2,gold
E002222,孕激素下降,TestResult,2,gold
E002223,孕酮比较低,Other,2,gold
E002224,孩子,Other,2,gold
E002225,孩子出汗,Other,2,gold
E002226,孩子水喝的少,Other,2,gold
E002227,孩子流鼻涕、打喷嚏反复发作,AnatomicalSite,2,gold
E002228,孩子的体温偏高,Other,2,gold
E002229,孩子的体重过大,Other,2,gold
E002230,孩子经过产道,Other,2,gold
E002231,宝宝抵抗力低,RiskFactor,2,gold
E002232,宝宝拉的粑粑酸臭,Other,2,gold
E002233,宝宝肚子胀气,Other,2,gold
E002234,宝宝脚部肌腱发育异常,PathologicalState,2,gold
E002235,宝宝足部外翻,Other,2,gold
E002236,宫缩,Other,2,gold
E002237,宫腔积血,Other,2,gold
E002238,宫颈hpv感染,MedicalCategory,2,gold
E002239,宫颈息肉,Other,2,gold
E002240,宫颈癌早期,Disease,2,gold
E002241,宫颈鳞状上皮癌,MedicalCategory,2,gold
E002242,容易接触到粉尘或者化工制品,Other,2,gold
E002243,容易早期发生血道转移,Other,2,gold
E002244,容易紧张,Other,2,gold
E002245,寄生虫,Other,2,gold
E002246,寄生虫感染,Disease,2,gold
E002247,对于新婚夫妇或者成年的夫妻生活都会出现明显的性生活不协调,Other,2,gold
E002248,对侧肢体偏瘫,Symptom,2,qwen
E002249,对侧肢体瘫痪,Symptom,2,qwen
E002250,对很多事情都缺乏兴趣,Other,2,gold
E002251,对抗雄激素作用,TestResult,2,gold
E002252,对排便产生恐惧,Other,2,gold
E002253,对皮肤造成刺激,AnatomicalSite,2,gold
E002254,对神经造成骚扰,Other,2,gold
E002255,对胃壁的保护作用下降,PathologicalState,2,gold
E002256,对胃壁造成刺激,AnatomicalSite,2,gold
E002257,对胃壁黏膜造成刺激性刺激,AnatomicalSite,2,gold
E002258,对这个药物比较敏感,Treatment,2,gold
E002259,对雌激素的灭活作用降低,TestResult,2,gold
E002260,对非常道造成压力,Other,2,gold
E002261,导尿综合征,Other,2,gold
E002262,射精快,Other,2,gold
E002263,小儿之所以出现积食,Other,2,gold
E002264,小儿牛黄清心散,Treatment,2,qwen
E002265,"小孩局部会有分泌物,没脱落时家长不敢擦",Other,2,gold
E002266,小疹子,Other,2,gold
E002267,小缺血灶,Other,2,gold
E002268,小脑脑干的病变,Disease,2,gold
E002269,小腿有时隐隐作痛,Symptom,2,gold
E002270,小腿肚子缺血、缺氧,Other,2,gold
E002271,小腿肚子营养不良,Treatment,2,gold
E002272,小腿肚子酸胀感,Other,2,gold
E002273,少尿,Other,2,gold
E002274,尘肺,AnatomicalSite,2,gold
E002275,尘肺病,Disease,2,gold
E002276,尿不尽感,Other,2,gold
E002277,尿不干净,Other,2,gold
E002278,尿中会存在一些絮状或者羽毛状的飘浮物,Other,2,gold
E002279,尿失禁,Other,2,gold
E002280,尿检,ExamProcedure,2,qwen
E002281,尿液中存在有感染,Disease,2,gold
E002282,尿液中尿糖和尿酮体含量升高,Other,2,gold
E002283,尿液中的溶质浓度成分增高,TestResult,2,gold
E002284,尿液中蛋白质含量增多,Symptom,2,gold
E002285,尿液当中细菌和黏液丝增高,PathologicalState,2,gold
E002286,尿液的成分发生改变,Other,2,gold
E002287,尿液的酸碱度发生改变,Other,2,gold
E002288,尿液颜色深黄偏红,Other,2,gold
E002289,尿路刺激症状,MedicalCategory,2,gold
E002290,尿路感染较严重,Disease,2,gold
E002291,尿道中出血,Symptom,2,gold
E002292,尿道前端的疼痛,Symptom,2,gold
E002293,尿道口出血,Symptom,2,gold
E002294,尿道口分泌出黄色脓性的分泌物,Other,2,gold
E002295,尿道口周围红肿糜烂,Symptom,2,gold
E002296,尿道口肉阜,Other,2,gold
E002297,尿道口部的疼痛,Symptom,2,gold
E002298,尿道球腺分泌的黏液增多,Symptom,2,gold
E002299,尿道突然刺痛,Symptom,2,gold
E002300,尿道粘膜急性充血水肿,ClinicalSign,2,gold
E002301,尿酸盐结晶,Other,2,gold
E002302,尿酸类物质代谢、排泄也有困难,Other,2,gold
E002303,局灶性脑组织缺血性坏死和软化,PathologicalState,2,gold
E002304,局部压痛阳性,TestResult,2,gold
E002305,局部毛囊炎,Disease,2,gold
E002306,局部毛细血管充血,Other,2,gold
E002307,局部淋巴结肿大,Symptom,2,gold
E002308,局部溃疡或脓肿,Symptom,2,gold
E002309,局部炎症的扩散,Disease,2,gold
E002310,局部的导管发生了扩张,Other,2,gold
E002311,局部的小汗腺,Other,2,gold
E002312,局部的瘙痒,Symptom,2,gold
E002313,局部的细菌毒力就会增强,RiskFactor,2,gold
E002314,局部的肌肉劳损,Other,2,gold
E002315,局部皮肤神经的一些损伤,AnatomicalSite,2,gold
E002316,局部眶隔脂肪增多,Symptom,2,gold
E002317,局部睑板腺阻塞,Other,2,gold
E002318,局部组织的张力增高,PathologicalState,2,gold
E002319,局部组织的缺血坏死,PathologicalState,2,qwen
E002320,局部肋软骨的肋间关节发生畸形,Other,2,gold
E002321,局部肿胀,Symptom,2,gold
E002322,局部肿胀明显,Symptom,2,gold
E002323,局部软组织伤,Other,2,gold
E002324,局部黑色素增多、沉着,Symptom,2,gold
E002325,屁股疼,Symptom,2,gold
E002326,屈光不正,Other,2,gold
E002327,崩漏,Other,2,gold
E002328,嵌顿痔疮,Other,2,gold
E002329,工作压力大,Other,2,gold
E002330,工作疲劳,Other,2,gold
E002331,左侧或者左下腹部的疼痛,Symptom,2,gold
E002332,左侧的腹腔里面的肠道病变,Disease,2,gold
E002333,左向右分流,Other,2,gold
E002334,左胸口痛,Symptom,2,gold
E002335,左边肋骨比右边肋骨凸起,Other,2,gold
E002336,布氏征,Other,2,gold
E002337,常常不能晚上睡着觉,Other,2,gold
E002338,常年饮酒,RiskFactor,2,gold
E002339,干扰睡眠,Other,2,gold
E002340,干眼,AnatomicalSite,2,gold
E002341,干结,Other,2,gold
E002342,平时也有小腹不适,Other,2,gold
E002343,平时血压偏低,TestResult,2,gold
E002344,平衡障碍,Other,2,gold
E002345,平躺,Other,2,gold
E002346,年龄增长颈部皮下脂肪也容易堆积,RiskFactor,2,gold
E002347,并发恶性淋巴瘤,Disease,2,gold
E002348,并发症,Disease,2,gold
E002349,幻觉,Other,2,gold
E002350,幼儿舌头发白,Other,2,gold
E002351,幽门梗阻,PathologicalState,2,gold
E002352,废物越多,Other,2,gold
E002353,延迟脱落,Other,2,gold
E002354,弱精子症,Disease,2,gold
E002355,弹力纤维断裂,Other,2,gold
E002356,弹性储备能力较弱,Other,2,gold
E002357,强笑,Other,2,gold
E002358,"当睾丸所产生的精子数量过多,超过了咱们曲细精管、肾精小管容量",AnatomicalSite,2,gold
E002359,形体消瘦,Other,2,gold
E002360,形成良好的血凝块脱落,Other,2,gold
E002361,影响了脑部的神经功能,PathologicalState,2,gold
E002362,影响咀嚼功能,PathologicalState,2,gold
E002363,影响喉上神经的功能,PathologicalState,2,gold
E002364,影响子宫收缩,AnatomicalSite,2,gold
E002365,影响孕卵发育,Other,2,gold
E002366,影响泪液的正常分泌,Other,2,gold
E002367,影响男性的性功能,PathologicalState,2,gold
E002368,影响皮肤血液供应及毛发生长,AnatomicalSite,2,gold
E002369,得不到积极的处理,Other,2,gold
E002370,循环血量增加,Other,2,gold
E002371,循环衰竭,Other,2,gold
E002372,微血管内凝血和局部血管内溶血,Other,2,gold
E002373,心内分流是从左到右,AnatomicalSite,2,gold
E002374,心功能不足,PathologicalState,2,gold
E002375,心口的疼痛,Symptom,2,gold
E002376,心律平,Treatment,2,qwen
E002377,心得安,Treatment,2,qwen
E002378,心率加快,ClinicalSign,2,gold
E002379,心率在190次/分是属于心率过快,ClinicalSign,2,gold
E002380,心率如果190次/分,ClinicalSign,2,gold
E002381,心理障碍,MedicalCategory,2,gold
E002382,心肌受到分泌物的炎性因子的影响,Disease,2,gold
E002383,心肌梗塞,AnatomicalSite,2,gold
E002384,心肌的受损,AnatomicalSite,2,gold
E002385,心肌细胞受损,AnatomicalSite,2,gold
E002386,心脏一阵阵的抽痛,Symptom,2,gold
E002387,心脏在出现心率异常,ClinicalSign,2,gold
E002388,心脏射血量偶有减少,Symptom,2,gold
E002389,心脏收缩率异常,PathologicalState,2,gold
E002390,心脏时不时的刺痛感,Symptom,2,gold
E002391,心脏的相关症状,MedicalCategory,2,gold
E002392,心脏血管病变特别不稳定,Disease,2,gold
E002393,心脏输出的异常,PathologicalState,2,gold
E002394,心血管系统、呼吸系统、肝脏、肾脏、中枢神经系统等至少一个以上器官出现功能障碍,ClinicalSign,2,gold
E002395,心血管系统表现,MedicalCategory,2,gold
E002396,心血管问题,MedicalCategory,2,gold
E002397,心衰发作,AnatomicalSite,2,gold
E002398,心衰发病时,Disease,2,gold
E002399,怀孕中期,Other,2,gold
E002400,怀孕之后雌、孕激素增加,TestResult,2,gold
E002401,怀孕后的女性,Other,2,gold
E002402,怕冷,Other,2,gold
E002403,思维迟缓,Other,2,gold
E002404,急剧的运动,Other,2,gold
E002405,急性、慢性呼吸道疾病,Disease,2,gold
E002406,急性会厌炎,Disease,2,gold
E002407,急性传染病,Disease,2,gold
E002408,急性冠脉综合征,MedicalCategory,2,gold
E002409,急性前列腺炎,Disease,2,gold
E002410,急性化脓性细菌感染,Disease,2,gold
E002411,急性化脓性腹膜炎,MedicalCategory,2,gold
E002412,急性发作,Other,2,gold
E002413,急性咳嗽,Symptom,2,gold
E002414,急性哮喘,Other,2,gold
E002415,急性喉炎,Disease,2,gold
E002416,急性心梗,AnatomicalSite,2,gold
E002417,急性心肌缺血,AnatomicalSite,2,gold
E002418,急性心衰,AnatomicalSite,2,gold
E002419,急性气管支气管炎,Disease,2,gold
E002420,急性的脑卒中,Disease,2,gold
E002421,急性的脑血管病,Disease,2,gold
E002422,急性细菌性感染,Disease,2,gold
E002423,急性肺淤血,AnatomicalSite,2,gold
E002424,急性胃肠炎的病毒感染,Disease,2,gold
E002425,急性脑栓塞,AnatomicalSite,2,gold
E002426,急腹症,Disease,2,gold
E002427,性交疼痛,Symptom,2,gold
E002428,性欲下降,PathologicalState,2,gold
E002429,性欲异常,PathologicalState,2,gold
E002430,性生活时经常性兴奋,Other,2,gold
E002431,总是发呆,Other,2,gold
E002432,"恒牙当中的门牙,长不出来",Other,2,gold
E002433,恒牙胚的破坏,Other,2,gold
E002434,恶性小动脉性肾硬化,PathologicalState,2,gold
E002435,恶性淋巴瘤,MedicalCategory,2,gold
E002436,恶性病变,Disease,2,gold
E002437,恶性肿瘤患者经过大剂量放疗和化疗,Treatment,2,gold
E002438,患处,Other,2,gold
E002439,患手突然间出现水肿、疼痛,ClinicalSign,2,gold
E002440,患病侧阴囊外观较正常侧阴囊大,Disease,2,gold
E002441,情绪,Other,2,gold
E002442,情绪性的疾病,Disease,2,gold
E002443,情绪焦虑,Other,2,gold
E002444,惊厥及抽搐现象,Symptom,2,qwen
E002445,意识不清,ClinicalSign,2,gold
E002446,感冒但是并不咳嗽,Disease,2,gold
E002447,感冒早期,Disease,2,gold
E002448,感冒进一步入侵,Disease,2,gold
E002449,感染严重,Disease,2,gold
E002450,感染性因素,Disease,2,gold
E002451,感染性胸膜炎,Disease,2,gold
E002452,感染灶不清楚,Disease,2,gold
E002453,感染真菌,Disease,2,gold
E002454,"感染诱发的荨麻疹,常合并发热、腹痛、呼吸道梗阻",Disease,2,gold
E002455,感觉神经,MedicalCategory,2,gold
E002456,感觉障碍,Other,2,gold
E002457,慢传输型便秘,Other,2,gold
E002458,慢性乙肝患者,AnatomicalSite,2,gold
E002459,慢性咽炎,Disease,2,gold
E002460,慢性无排卵,Other,2,gold
E002461,慢性炎症的刺激,Disease,2,gold
E002462,慢性结膜炎,Disease,2,gold
E002463,慢性肾功能衰竭,PathologicalState,2,gold
E002464,慢性肾脏病,Disease,2,gold
E002465,慢性萎缩性胃炎,Disease,2,gold
E002466,慢支急性加重,Other,2,gold
E002467,憋得慌又尿不出来,Other,2,gold
E002468,成年人,Other,2,gold
E002469,截肢,Other,2,gold
E002470,戴用全口假牙,Other,2,gold
E002471,房性早搏,Disease,2,qwen
E002472,房间隔缺损,Other,2,gold
E002473,房颤,Other,2,gold
E002474,扁平足,Other,2,gold
E002475,手功能受限明显,PathologicalState,2,gold
E002476,手指关节疼痛和肿胀,Symptom,2,gold
E002477,手指末梢血液循环不好,Other,2,gold
E002478,手术,Treatment,2,gold
E002479,手术减压,Treatment,2,gold
E002480,手术如果导致子宫内膜受到伤害,Treatment,2,gold
E002481,手术治疗,Treatment,2,qwen
E002482,手脚热同时伴有发烧,Symptom,2,gold
E002483,手部有浮肿,Symptom,2,gold
E002484,打嗝,Other,2,gold
E002485,扩张性心肌病,Disease,2,gold
E002486,扭伤,PathologicalState,2,qwen
E002487,承受的血流压力比较大,Other,2,gold
E002488,抑制了胃肠的蠕动,AnatomicalSite,2,gold
E002489,抗凝药物或抗血小板药物,Treatment,2,gold
E002490,抽搐,Other,2,gold
E002491,担心,AnatomicalSite,2,gold
E002492,拉肚子、便秘交替出现,Other,2,gold
E002493,拔牙,Other,2,gold
E002494,拔牙术后拔牙窝内的感染,Disease,2,gold
E002495,拔牙术后术区的肿胀、出血,Symptom,2,gold
E002496,拔牙过程中造成的溃疡,Other,2,gold
E002497,拔罐拔出水泡,Other,2,gold
E002498,持续性高烧,Symptom,2,qwen
E002499,指甲有血肿未吸收,Symptom,2,gold
E002500,挤压脚部,Other,2,gold
E002501,损伤就不容易好,Other,2,gold
E002502,损伤肛管皮肤,AnatomicalSite,2,gold
E002503,损伤肾脏,AnatomicalSite,2,gold
E002504,排便习惯的改变,Other,2,gold
E002505,排便时有可能会导致吻合口撕脱,Other,2,gold
E002506,排尿出现火热感,Other,2,gold
E002507,排尿困难,Other,2,gold
E002508,排尿时疼痛,Symptom,2,gold
E002509,排尿的时候有尿痛,Symptom,2,gold
E002510,排气增加,Other,2,gold
E002511,探头会对宫颈产生少量的压力,Other,2,gold
E002512,接触到这类带有病毒的飞沫、空气,Disease,2,gold
E002513,接触性出血,Symptom,2,gold
E002514,控制不良的高血压,TestResult,2,gold
E002515,摄入了过多高脂肪、高热量的食物,Other,2,gold
E002516,摄入水分较多,Other,2,gold
E002517,摄入过多,Other,2,gold
E002518,摔伤,Other,2,gold
E002519,撕脱骨折,Other,2,gold
E002520,支气管扩张合并感染,Disease,2,gold
E002521,整个眶隔脂肪束缚力量变弱,Other,2,gold
E002522,整体的血容量不够,Other,2,gold
E002523,新生儿消化系统不好,Other,2,gold
E002524,新生儿的肝功能造成影响,PathologicalState,2,gold
E002525,新生儿黄疸,MedicalCategory,2,gold
E002526,新鲜尿液出现氨臭味,Other,2,gold
E002527,无菌性的炎症,Disease,2,gold
E002528,早醒,Other,2,gold
E002529,时间长了,Other,2,gold
E002530,明显的头晕、乏力,Symptom,2,gold
E002531,明显的盗汗、乏力、食欲减退、消瘦,Symptom,2,gold
E002532,易怒,Other,2,gold
E002533,易激惹,Other,2,gold
E002534,春季型结膜炎,Disease,2,gold
E002535,晚上出现外阴瘙痒,Symptom,2,gold
E002536,晚上吃特别难消化的食物,Other,2,gold
E002537,晨起手麻,Other,2,gold
E002538,晶状体出现自然老化,Other,2,gold
E002539,智力低下,Other,2,gold
E002540,智力发育低下,Other,2,gold
E002541,智齿的周围逐渐形成囊肿的形态,Symptom,2,gold
E002542,暂时性的便秘,Other,2,gold
E002543,暴露于日光下时间过长,Other,2,gold
E002544,更年期卵巢功能失调,PathologicalState,2,gold
E002545,月经不规律,Other,2,gold
E002546,月经期体内激素分泌水平改变,TestResult,2,gold
E002547,月经综合征,Other,2,gold
E002548,月经过多,Other,2,gold
E002549,月经量比较多,Other,2,gold
E002550,有一些炎症,Disease,2,gold
E002551,有外伤,RiskFactor,2,gold
E002552,有较重的、明显的针刺样疼痛,Symptom,2,gold
E002553,服药后拉肚子,Treatment,2,gold
E002554,末梢神经的供血比较差,Other,2,gold
E002555,本身有中耳炎,Disease,2,gold
E002556,机会性感染,Disease,2,gold
E002557,机体血容量较少,Other,2,gold
E002558,来月经就拉肚子,Other,2,gold
E002559,枣核的两端相对尖锐,Other,2,gold
E002560,染色体异常,PathologicalState,2,gold
E002561,核酸类疾病,MedicalCategory,2,gold
E002562,梅毒,Other,2,gold
E002563,椎动脉受到急性的刺激,Other,2,gold
E002564,榴莲,Other,2,gold
E002565,残留骨缺损,Other,2,gold
E002566,母亲在体内怀孕期间的雌激素中断,TestResult,2,gold
E002567,每天拉肚子超过三次以上,Other,2,gold
E002568,毛囊皮脂腺导管堵塞,Other,2,gold
E002569,毛细血管的膨胀,Other,2,gold
E002570,气喘,Other,2,gold
E002571,气管、支气管结核,Other,2,gold
E002572,气管和肺部未完全发育成熟,AnatomicalSite,2,gold
E002573,气道的高反应,Other,2,gold
E002574,水会稀释胃液,AnatomicalSite,2,gold
E002575,水土不服,Other,2,gold
E002576,水样腹泻,Symptom,2,gold
E002577,水电解质紊乱,Other,2,gold
E002578,水痘,Other,2,gold
E002579,水痘-带状疱疹病毒潜伏在患者的神经根,Disease,2,gold
E002580,水痘破溃,Other,2,gold
E002581,水飞蓟宾葡甲胺片,Other,2,gold
E002582,永久性损伤,PathologicalState,2,qwen
E002583,"没有出现任何的皮疹的情况下,那么是单纯的瘙痒症",Other,2,gold
E002584,没有涂润肤东西,Other,2,gold
E002585,治疗不及时,Treatment,2,gold
E002586,治疗结束以后吃主食,Treatment,2,gold
E002587,治疗过度,Treatment,2,gold
E002588,泌尿系统的感染,Disease,2,gold
E002589,泌尿系统的损伤,Other,2,gold
E002590,泌尿系统结核,Other,2,gold
E002591,泌尿道中有产气细菌,RiskFactor,2,gold
E002592,泌尿道感染,Disease,2,gold
E002593,泡热水澡,RiskFactor,2,qwen
E002594,泥沙样的结石,Disease,2,qwen
E002595,注射直肠针,Treatment,2,gold
E002596,泪液蒸发过快,Other,2,gold
E002597,泵血能力会很低,Other,2,gold
E002598,洗澡,Other,2,gold
E002599,津液减少,Symptom,2,gold
E002600,活动后感到无力,ClinicalSign,2,gold
E002601,活动过于严重,Other,2,gold
E002602,流产后精神压力大,Other,2,gold
E002603,流向下肢的血液过多,Other,2,gold
E002604,流向大脑的血液减少,Symptom,2,gold
E002605,流清鼻涕,AnatomicalSite,2,gold
E002606,浆细胞恶性疾病,MedicalCategory,2,gold
E002607,浆膜下的子宫肌瘤,Disease,2,gold
E002608,"消化不良时会在舌面上形成较厚的奶苔,舌面上看起来会很白并且比较厚重",Other,2,gold
E002609,消化性溃疡,Other,2,gold
E002610,消化性溃疡病,Disease,2,gold
E002611,消化系统的影响,Other,2,gold
E002612,消化道的出血,Symptom,2,gold
E002613,消耗性疾病,Disease,2,gold
E002614,淋巴瘤,MedicalCategory,2,gold
E002615,"淋巴结就会肿大比较明显,伴有疼痛",Symptom,2,gold
E002616,淋球菌性尿道炎,Disease,2,gold
E002617,深蹲,Other,2,gold
E002618,"深蹲压迫肌肉,突然站起来",Other,2,gold
E002619,混合型便秘,Other,2,gold
E002620,混杂一些白细胞、细菌代谢产物,RiskFactor,2,gold
E002621,清宫,Other,2,gold
E002622,游泳,Other,2,gold
E002623,溶血性链球菌,Other,2,gold
E002624,滑膜的增生、肥厚,Other,2,gold
E002625,潜血为阳性,TestResult,2,gold
E002626,激活了凝血系统,Other,2,gold
E002627,激活肾素、血管紧张素系统,AnatomicalSite,2,gold
E002628,激素影响,TestResult,2,gold
E002629,激素水平,TestResult,2,gold
E002630,激素类药物,Treatment,2,gold
E002631,炎性渗出增多,Disease,2,gold
E002632,炎症反应比较重,Disease,2,gold
E002633,炎症因子参与,Disease,2,gold
E002634,炎症因子的刺激,Disease,2,gold
E002635,炎症性关节炎,Disease,2,gold
E002636,炎症感染,Disease,2,gold
E002637,炎症播散,Disease,2,gold
E002638,炎症明显时,Disease,2,gold
E002639,牙周袋溢脓,Other,2,gold
E002640,牙齿疼痛非常明显,Symptom,2,gold
E002641,牛奶是空腹喝,Other,2,gold
E002642,牛皮癣,Other,2,gold
E002643,牵扯到头皮的神经血管,Other,2,gold
E002644,特别烫的食物,Other,2,gold
E002645,狂犬病毒转移的速度加快,Disease,2,gold
E002646,狭窄侧的鼻腔就会通气不畅,PathologicalState,2,gold
E002647,猜疑,Other,2,gold
E002648,玻璃体后脱离,Other,2,gold
E002649,玻璃体液化,Other,2,gold
E002650,玻璃体混浊,Other,2,gold
E002651,玻璃体积血,Other,2,gold
E002652,生冷食物,Other,2,gold
E002653,生殖器部位明显破溃,MedicalCategory,2,gold
E002654,生气,Other,2,gold
E002655,生活不规律,Other,2,gold
E002656,生活习惯,Other,2,gold
E002657,生活习惯的改变,Other,2,gold
E002658,生理性腹泻,Symptom,2,gold
E002659,生理性贫血,Other,2,gold
E002660,生理性黄疸,Other,2,gold
E002661,生理现象,Other,2,qwen
E002662,用力咀嚼,RiskFactor,2,gold
E002663,用嘴呼吸,Other,2,qwen
E002664,甲亢的患者,Other,2,gold
E002665,甲状腺内肿块的粘连,Symptom,2,gold
E002666,甲状腺功能疾病,Disease,2,gold
E002667,甲状腺囊肿,Symptom,2,gold
E002668,甲状腺癌晚期,Disease,2,gold
E002669,甲状腺素代谢异常,PathologicalState,2,gold
E002670,甲类传染病,MedicalCategory,2,gold
E002671,男性,Other,2,gold
E002672,男性乳腺癌,Disease,2,gold
E002673,男性的性功能障碍,PathologicalState,2,gold
E002674,男性精子异常,PathologicalState,2,gold
E002675,畏光,Other,2,gold
E002676,留疤,Other,2,gold
E002677,畸形愈合,Other,2,gold
E002678,疱疹出现破溃,Other,2,gold
E002679,疱疹性咽峡炎,Disease,2,gold
E002680,疱疹病毒感染,Disease,2,gold
E002681,疲乏无力,ClinicalSign,2,gold
E002682,疼痛不适,Symptom,2,gold
E002683,疼痛加重,Symptom,2,gold
E002684,"疼痛比较明显,会有非常非常明显的疼痛",Symptom,2,gold
E002685,疼痛都位于右上腹,Symptom,2,gold
E002686,病原体入侵,Disease,2,gold
E002687,病原微生物的感染,Disease,2,gold
E002688,病毒性支气管炎,Disease,2,gold
E002689,病灶的位置出现血液循环减慢,Disease,2,gold
E002690,痒,Other,2,gold
E002691,痔疮急性发作期间,Other,2,gold
E002692,痰少而黏,Other,2,gold
E002693,痰浊内阻,Other,2,gold
E002694,痴呆,Other,2,gold
E002695,瘢痕,Other,2,gold
E002696,瘫痪,Other,2,gold
E002697,癌肿,Disease,2,gold
E002698,癫痫发作,Disease,2,gold
E002699,白内障逐渐加重,Other,2,gold
E002700,白天的活量过大,Other,2,gold
E002701,白带,MedicalCategory,2,gold
E002702,白带发黄,Other,2,gold
E002703,白带呈褐色,Other,2,gold
E002704,白带性状发生变化,Other,2,gold
E002705,白细胞持续性增高,PathologicalState,2,gold
E002706,白血病,Disease,2,gold
E002707,百日咳,Symptom,2,gold
E002708,皮下淤青,Other,2,gold
E002709,皮下结节,Other,2,gold
E002710,皮肤出现被牵拉,AnatomicalSite,2,gold
E002711,皮肤和肌肉萎缩,AnatomicalSite,2,gold
E002712,皮肤在受牵拉或过度伸展,AnatomicalSite,2,gold
E002713,皮肤屏障功能不好,PathologicalState,2,gold
E002714,皮肤弹性纤维发生断裂,AnatomicalSite,2,gold
E002715,皮肤来不及适应,AnatomicalSite,2,gold
E002716,皮肤水分的降低,AnatomicalSite,2,gold
E002717,皮肤沉下来,AnatomicalSite,2,gold
E002718,皮肤的酒精吸收,AnatomicalSite,2,gold
E002719,皮肤黄染,AnatomicalSite,2,gold
E002720,皮脂腺囊肿,Symptom,2,gold
E002721,皮脂腺开口堵塞,Other,2,gold
E002722,盆腔生殖器官卵巢的血液微循环障碍,AnatomicalSite,2,gold
E002723,盗血综合征,Other,2,gold
E002724,直接外力,Other,2,gold
E002725,直肠炎,Disease,2,gold
E002726,直肠癌晚期,Disease,2,gold
E002727,直肠肿瘤,Disease,2,gold
E002728,直肠黏膜脱垂,AnatomicalSite,2,gold
E002729,相对铁元素摄入不足,Other,2,gold
E002730,看电视,Other,2,gold
E002731,真菌性角膜炎,Disease,2,gold
E002732,真阳衰竭,Other,2,gold
E002733,真阴亏损,Other,2,gold
E002734,眼前发黑,AnatomicalSite,2,gold
E002735,眼压急剧升高,TestResult,2,gold
E002736,眼压高,TestResult,2,gold
E002737,眼底大量出血,Symptom,2,gold
E002738,眼底疾病,MedicalCategory,2,gold
E002739,眼球特别鼓,AnatomicalSite,2,gold
E002740,眼球较为突出,AnatomicalSite,2,gold
E002741,眼球运动时疼痛,Symptom,2,gold
E002742,眼白发黄是慢慢慢慢的发黄,AnatomicalSite,2,gold
E002743,眼睑外翻,AnatomicalSite,2,gold
E002744,眼睑的睑板腺受到细菌感染,Disease,2,gold
E002745,眼睑闭合不全,AnatomicalSite,2,gold
E002746,眼睑闭合存在一定困难,AnatomicalSite,2,gold
E002747,眼睛发胀,AnatomicalSite,2,gold
E002748,眼睛看东西出现模糊,AnatomicalSite,2,gold
E002749,眼睛调节功能逐渐降低,PathologicalState,2,gold
E002750,眼睛酸胀,AnatomicalSite,2,gold
E002751,眼花,AnatomicalSite,2,gold
E002752,眼药水流到喉咙里,Treatment,2,gold
E002753,眼袋,AnatomicalSite,2,gold
E002754,眼触痛感,Symptom,2,gold
E002755,眼轴长,AnatomicalSite,2,gold
E002756,眼轴长度就越长,AnatomicalSite,2,gold
E002757,睑板腺腺口堵塞,Other,2,gold
E002758,睡不好觉,Other,2,gold
E002759,睡眠不良,Other,2,gold
E002760,睡眠时眼睑闭合不全,AnatomicalSite,2,gold
E002761,睡眠质量不高,Other,2,gold
E002762,睡觉的时候腿部露在外面,Other,2,gold
E002763,睫毛感染,Disease,2,gold
E002764,睾丸肿瘤,Disease,2,gold
E002765,睾丸鞘膜积液,Other,2,gold
E002766,睾酮缺乏,Other,2,gold
E002767,瞳孔会逐渐散大,ClinicalSign,2,gold
E002768,瞳孔散大,ClinicalSign,2,gold
E002769,石膏的移位,Other,2,gold
E002770,硅肺,AnatomicalSite,2,gold
E002771,硝呋太尔片,Other,2,gold
E002772,硬化的椎体挤压上下椎体,PathologicalState,2,gold
E002773,硬结,Other,2,gold
E002774,硬脑膜细小破损,AnatomicalSite,2,gold
E002775,硬膜外血肿,Symptom,2,gold
E002776,神志模糊,Other,2,gold
E002777,神经会反射性的引起一起其它的反应,Other,2,gold
E002778,神经纤维受损严重,PathologicalState,2,qwen
E002779,积食,Other,2,gold
E002780,稀释胃酸,AnatomicalSite,2,gold
E002781,穿刺股静脉的时候有时会误穿股动脉,Other,2,gold
E002782,突发下腹痛、恶心、呕吐,Symptom,2,gold
E002783,突然出现心动过速、室性早搏、房颤,AnatomicalSite,2,gold
E002784,突然视力急剧下降,PathologicalState,2,gold
E002785,端坐呼吸,ClinicalSign,2,gold
E002786,第iii期,Other,2,gold
E002787,"第二天的早餐或午餐当中,报复性吃进来更多食物",Other,2,gold
E002788,第二性征不足,Other,2,gold
E002789,第二期,Other,2,gold
E002790,管壁发生血小板凝聚和纤维蛋白的沉积,Other,2,gold
E002791,管腔斑块破裂,PathologicalState,2,gold
E002792,"粉尘、工业污染的尘埃,长期在这个工作环境中吸入",Other,2,gold
E002793,粘连,PathologicalState,2,gold
E002794,粪便在直肠内停留时间过久,AnatomicalSite,2,gold
E002795,粪石嵌顿,Other,2,gold
E002796,精子排出障碍,Other,2,gold
E002797,精子比较稀又比较多,Other,2,gold
E002798,精液出现炎症,Disease,2,gold
E002799,精液发黄,Other,2,gold
E002800,精神上的某种障碍,Other,2,gold
E002801,精神不集中,Other,2,gold
E002802,精神心理缺陷,AnatomicalSite,2,gold
E002803,精神性烦渴,Other,2,gold
E002804,精神性的硬不起来,Other,2,gold
E002805,精神状态差,Other,2,gold
E002806,精神萎靡,Other,2,gold
E002807,精索静脉功能受到损伤,PathologicalState,2,gold
E002808,糖尿病昏迷,Disease,2,gold
E002809,糖尿病的周围神经病,Disease,2,gold
E002810,糖皮质激素,TestResult,2,gold
E002811,糜烂,Other,2,gold
E002812,糜烂溃疡,Other,2,gold
E002813,系膜增生性肾小球肾炎,Disease,2,gold
E002814,紧张性头痛,Symptom,2,gold
E002815,累及到呼吸肌,ClinicalSign,2,gold
E002816,累及呼吸肌,ClinicalSign,2,gold
E002817,累及大血管,Other,2,gold
E002818,累及心脏,AnatomicalSite,2,gold
E002819,累及肾脏,AnatomicalSite,2,gold
E002820,纤维化,Other,2,gold
E002821,纤维性肌痛综合征,Symptom,2,gold
E002822,纳差,Other,2,gold
E002823,线埋不住,Other,2,gold
E002824,组织下垂,Other,2,gold
E002825,组织代谢产物的堆积,Other,2,gold
E002826,细菌入侵泌尿系统,RiskFactor,2,gold
E002827,细菌定植,RiskFactor,2,gold
E002828,细菌性感染,Disease,2,gold
E002829,细菌性胸膜炎,Disease,2,gold
E002830,细菌或者病毒感染,Disease,2,gold
E002831,细菌滋生,RiskFactor,2,gold
E002832,经常伏案工作,Other,2,gold
E002833,经常性的拿鼠标,Other,2,gold
E002834,"经常是肿疼:红肿、热痛,不但肿而且还疼",Symptom,2,gold
E002835,经络气血阻滞不通,Other,2,gold
E002836,经腹腔镜的宫颈肌瘤手术,Treatment,2,gold
E002837,绑上收腹带,Other,2,gold
E002838,绑收腹带,Other,2,gold
E002839,结核连累胸膜,Other,2,gold
E002840,结核造成的反复发热,Symptom,2,gold
E002841,结石排入尿道,Other,2,gold
E002842,结石突出于结膜的表面,Other,2,gold
E002843,结石进一步增大,Other,2,gold
E002844,结肠息肉,AnatomicalSite,2,gold
E002845,结肠炎症,Disease,2,gold
E002846,结膜下出血,Symptom,2,gold
E002847,结膜炎,Disease,2,gold
E002848,给胃部带来很大的负担,AnatomicalSite,2,gold
E002849,继发性乳头溢液,Other,2,gold
E002850,继发性的食管痉挛,Other,2,gold
E002851,继发真菌感染,Disease,2,gold
E002852,继发细菌感染,Disease,2,gold
E002853,继发肾脏损害,PathologicalState,2,gold
E002854,缝线不吸收,Other,2,gold
E002855,缺氧非常明显,Other,2,gold
E002856,缺血性心肌病,Disease,2,gold
E002857,羊水过多,Other,2,gold
E002858,羚羊角冲剂,Treatment,2,qwen
E002859,老年人一旦出现心绞痛,Symptom,2,gold
E002860,老年人经常发呆,Other,2,gold
E002861,老年性动脉硬化,PathologicalState,2,gold
E002862,老视,Other,2,gold
E002863,耳内渗出物增多,Symptom,2,gold
E002864,耳后会有疱疹形成,Other,2,gold
E002865,耳后急性乳突炎,Disease,2,gold
E002866,耳垂长疙瘩,Other,2,gold
E002867,耳朵疼痛,Symptom,2,gold
E002868,耳朵里面特别的疼痛,Symptom,2,gold
E002869,耳背的耳洞大,Symptom,2,qwen
E002870,耳道或者中耳腔的肿物,Symptom,2,gold
E002871,肋间神经痛,Symptom,2,gold
E002872,肋骨出现明显的凸起,Other,2,gold
E002873,肌张力低下,Other,2,gold
E002874,肌张力增高较明显处使用电针,PathologicalState,2,gold
E002875,"肌瘤位于宫颈,并且体积较大,压迫宫颈或者影响体内激素的分泌",TestResult,2,gold
E002876,肌肉内气血运行不畅,Other,2,gold
E002877,肌肉张力也不够,Other,2,gold
E002878,肌肉牵拉,Other,2,gold
E002879,肌肉酸痛,Symptom,2,gold
E002880,肌腱与韧带发育没有保持同步进行,Other,2,gold
E002881,肚子咕咕叫,Other,2,gold
E002882,肛乳头,Other,2,gold
E002883,肛瘘,Other,2,gold
E002884,肛窦炎,Disease,2,gold
E002885,肛裂伤口处会有分泌物不断流出,Other,2,gold
E002886,肛门括约肌受到挤压,Other,2,gold
E002887,肛门瘙痒,Symptom,2,gold
E002888,肛门部的异常的物质刺激,PathologicalState,2,gold
E002889,肛门部皮肤的皮肤湿疹,AnatomicalSite,2,gold
E002890,肝功能的损伤,PathologicalState,2,gold
E002891,肝区隐痛,Symptom,2,gold
E002892,肝性脑病,Disease,2,gold
E002893,肝痛,Symptom,2,gold
E002894,肝肾综合征,AnatomicalSite,2,gold
E002895,肝衰竭,AnatomicalSite,2,gold
E002896,肠易激综合征,AnatomicalSite,2,gold
E002897,肠梗阻,PathologicalState,2,gold
E002898,肠痉挛,AnatomicalSite,2,gold
E002899,肠胃受到刺激,AnatomicalSite,2,gold
E002900,肠腔狭窄,PathologicalState,2,gold
E002901,肠蠕动引起气过水声,AnatomicalSite,2,gold
E002902,肠蠕动弱,AnatomicalSite,2,gold
E002903,肠蠕动比较弱,AnatomicalSite,2,gold
E002904,肠道内有害菌增多,Symptom,2,gold
E002905,肠道有益菌的减少,Symptom,2,gold
E002906,肠道疾病,Disease,2,gold
E002907,肠道病毒,Disease,2,gold
E002908,肠道菌对肠内容物发酵作用减少,Symptom,2,gold
E002909,"肠道还没有来得及吸收食物残渣里面的水分,就随着大便一块排出",AnatomicalSite,2,gold
E002910,肠道部位出现炎症,Disease,2,gold
E002911,肠鸣,AnatomicalSite,2,gold
E002912,股动脉压力比较大,Other,2,gold
E002913,股白肿,Symptom,2,gold
E002914,股青肿,Symptom,2,gold
E002915,肢体麻木,ClinicalSign,2,gold
E002916,肢麻,Other,2,gold
E002917,肩、背的放射痛,Symptom,2,gold
E002918,肺中的津液就会聚集成痰,AnatomicalSite,2,gold
E002919,肺内感染,Disease,2,gold
E002920,肺动脉阻塞性病变,Disease,2,gold
E002921,肺底部长期处于充血、淤血、水肿,ClinicalSign,2,gold
E002922,肺循环压力突然升高,AnatomicalSite,2,gold
E002923,肺心病,Disease,2,gold
E002924,肺感染,Disease,2,gold
E002925,肺扩张,AnatomicalSite,2,gold
E002926,肺气肿的进一步发展,Symptom,2,gold
E002927,肺泡和支气管黏膜肿胀、淤血,Symptom,2,gold
E002928,肺源性猝死,AnatomicalSite,2,gold
E002929,肺热,AnatomicalSite,2,gold
E002930,肺癌放疗,Treatment,2,gold
E002931,肺癌的患者如果扩散到了淋巴结,Disease,2,gold
E002932,肺肿瘤,Disease,2,gold
E002933,肺虚,AnatomicalSite,2,gold
E002934,肺衰竭,MedicalCategory,2,qwen
E002935,肺部固定性的中、细湿啰音,AnatomicalSite,2,gold
E002936,肺部多发性结节,AnatomicalSite,2,gold
E002937,肺部形成的慢性炎症,Disease,2,gold
E002938,肺部有肿块伴有多发结节,Symptom,2,gold
E002939,肺部肿瘤,Disease,2,gold
E002940,肺间质纤维,AnatomicalSite,2,gold
E002941,肾功能会出现由好到坏的明显进展,PathologicalState,2,gold
E002942,肾功能异常,PathologicalState,2,gold
E002943,肾功能损害,PathologicalState,2,gold
E002944,肾小球在长期高糖刺激下,AnatomicalSite,2,gold
E002945,肾小球滤过率的下降,PathologicalState,2,qwen
E002946,肾小球滤过率都会下降,PathologicalState,2,gold
E002947,肾小球硬化,PathologicalState,2,gold
E002948,肾病,Disease,2,gold
E002949,肾盂压力突然升高,AnatomicalSite,2,gold
E002950,肾盂压增加,AnatomicalSite,2,gold
E002951,肾素、血管紧张素产生增加,AnatomicalSite,2,gold
E002952,肾组织明显缺血,AnatomicalSite,2,gold
E002953,肾脏功能受损,PathologicalState,2,gold
E002954,肾脏病,Disease,2,gold
E002955,肾血流量和gfr均显著下降,PathologicalState,2,gold
E002956,肾血管损伤,AnatomicalSite,2,gold
E002957,肿瘤坏死,Disease,2,gold
E002958,肿瘤逐渐生长,Disease,2,gold
E002959,胃内容物、肠内容物或者胰液、胆汁外溢,AnatomicalSite,2,gold
E002960,胃动力不足,AnatomicalSite,2,gold
E002961,胃消化功能不好,PathologicalState,2,gold
E002962,胃肠功能蠕动加快,PathologicalState,2,gold
E002963,胃肠炎,Disease,2,gold
E002964,胃肠的功能没有恢复,PathologicalState,2,gold
E002965,胃肠蠕动减慢,AnatomicalSite,2,gold
E002966,胃肠蠕动功能降低,PathologicalState,2,gold
E002967,胃肠道功能不良,PathologicalState,2,gold
E002968,胃肠道功能蠕动减慢,PathologicalState,2,gold
E002969,胃肠道平滑肌的收缩,AnatomicalSite,2,gold
E002970,胃肠道方面的反应,AnatomicalSite,2,gold
E002971,胃肠道的不舒服,AnatomicalSite,2,gold
E002972,胃肠道的不适,AnatomicalSite,2,gold
E002973,胃肠道的容积变小,AnatomicalSite,2,gold
E002974,胃肠里的胀气排不出来,AnatomicalSite,2,gold
E002975,胃被囊肿压迫,Symptom,2,gold
E002976,胃部痉挛,AnatomicalSite,2,gold
E002977,胃酸腐蚀胃黏膜、刺激黏膜神经,AnatomicalSite,2,gold
E002978,胃食管反流病,Disease,2,gold
E002979,胆汁酸升高,AnatomicalSite,2,gold
E002980,胆道感染,Disease,2,gold
E002981,胎儿增长,Other,2,gold
E002982,胎儿缺氧死亡,Other,2,gold
E002983,胚胎发育出现了问题,Other,2,gold
E002984,胚胎着床就会不稳固,Other,2,gold
E002985,胡桃夹综合征,Other,2,gold
E002986,胫骨的剧烈扭动,Other,2,gold
E002987,胰液无法分泌,AnatomicalSite,2,gold
E002988,胰液的大量渗出,AnatomicalSite,2,gold
E002989,胰腺炎,Disease,2,gold
E002990,胰腺癌,Disease,2,gold
E002991,胸椎过度后凸,PathologicalState,2,qwen
E002992,胸膜疼痛,Symptom,2,gold
E002993,胸部肺内有肿瘤侵犯了右侧胸壁,Disease,2,gold
E002994,胸骨后疼痛,Symptom,2,gold
E002995,能量补充不足,Other,2,gold
E002996,能量超标,Other,2,gold
E002997,脂肪分解增加,Other,2,gold
E002998,脂肪堆积在小腹部,AnatomicalSite,2,gold
E002999,脂肪更容易在体内蓄积,Other,2,gold
E003000,脂肪粒,Other,2,gold
E003001,脂质的物质沉积在眼睑皮下,AnatomicalSite,2,gold
E003002,脉细数,Other,2,gold
E003003,脊柱疼痛,Symptom,2,qwen
E003004,脊柱的侧弯,Other,2,gold
E003005,脊髓灰质炎,Disease,2,gold
E003006,脏腑的气血精亏,Other,2,gold
E003007,脐炎,Disease,2,gold
E003008,脑功能损伤,PathologicalState,2,gold
E003009,脑动脉狭窄,PathologicalState,2,gold
E003010,脑实质损伤,AnatomicalSite,2,gold
E003011,脑梗出现呕吐,Symptom,2,gold
E003012,脑热,AnatomicalSite,2,gold
E003013,脑神经元或者脑部的实质性组织受损,PathologicalState,2,qwen
E003014,脑神经功能紊乱,PathologicalState,2,gold
E003015,脑组织不可逆的损害,PathologicalState,2,gold
E003016,脑组织的缺血、缺氧、水肿、坏死,ClinicalSign,2,gold
E003017,脑血流中断,AnatomicalSite,2,gold
E003018,脑血管狭窄,PathologicalState,2,gold
E003019,脑部低灌注,AnatomicalSite,2,gold
E003020,脑部血液供应相对不足,AnatomicalSite,2,gold
E003021,脖子发黑,Other,2,gold
E003022,脚崴,Other,2,gold
E003023,脚部,AnatomicalSite,2,qwen
E003024,脱垂的痔疮,Other,2,gold
E003025,脸上出现湿疹,Other,2,gold
E003026,脸上长疱疹,Other,2,gold
E003027,脾气大,AnatomicalSite,2,gold
E003028,脾胃功能不合,PathologicalState,2,gold
E003029,腋窝发黑,Other,2,gold
E003030,腋窝颜色比较黑,Other,2,gold
E003031,腐蚀周边的组织和脏器,Other,2,gold
E003032,腓总神经麻痹,Other,2,gold
E003033,腓肠肌的痉挛,AnatomicalSite,2,gold
E003034,腰椎横突综合征,Other,2,gold
E003035,腰椎狭窄,PathologicalState,2,gold
E003036,腰椎管狭窄压迫神经,PathologicalState,2,gold
E003037,腰椎间盘膨出,Other,2,gold
E003038,腰椎间隙狭窄,PathologicalState,2,gold
E003039,腰椎骨质增生,Other,2,gold
E003040,腰腹部疼痛,Symptom,2,gold
E003041,腰膝酸软,Other,2,gold
E003042,腰部酸痛,Symptom,2,gold
E003043,腰骶段的脊神经根受到病变刺激,Disease,2,gold
E003044,腱反射亢进,Other,2,gold
E003045,腹肌肠肌收缩能力减弱,AnatomicalSite,2,gold
E003046,腹胀患者食用后,Other,2,gold
E003047,腹腔内巨大肿瘤,Disease,2,gold
E003048,腹腔的肿瘤,Disease,2,gold
E003049,"腹膜、肠道吸收较多气体,机体未能及时排出体外",AnatomicalSite,2,gold
E003050,腹部的刺痛不适,Symptom,2,gold
E003051,腹部的重量也变得越来越大,AnatomicalSite,2,gold
E003052,腹部的饱胀不适,AnatomicalSite,2,gold
E003053,腹部胀满,AnatomicalSite,2,gold
E003054,腹部膨隆明显,AnatomicalSite,2,gold
E003055,腺病毒肺炎,Disease,2,gold
E003056,膀胱,AnatomicalSite,2,qwen
E003057,膀胱刺激性的症状,MedicalCategory,2,gold
E003058,膀胱癌,Disease,2,gold
E003059,膀胱的收缩无力,ClinicalSign,2,gold
E003060,膀胱肿瘤,Disease,2,gold
E003061,膀胱输尿管反流,Other,2,gold
E003062,膀胱颈硬化,PathologicalState,2,gold
E003063,膝关节不稳定,Other,2,gold
E003064,"膝关节内部的半月板出现变性、断裂,甚至撕裂",Other,2,gold
E003065,膝关节内部的软骨出现变性、水肿,ClinicalSign,2,gold
E003066,膝关节向前稳定性减弱,Other,2,gold
E003067,膝关节周边有明显的骨赘,Other,2,gold
E003068,膨胀而破裂,PathologicalState,2,gold
E003069,自汗,Other,2,gold
E003070,自身免疫性肝病,Disease,2,gold
E003071,致命,Other,2,gold
E003072,致死性的肺栓塞,AnatomicalSite,2,gold
E003073,致盲,Other,2,gold
E003074,舌乳头萎缩,Other,2,gold
E003075,舌尖上起泡,Other,2,gold
E003076,舒张压减低,Other,2,gold
E003077,舒张压明显的增高,PathologicalState,2,gold
E003078,良性疾病,MedicalCategory,2,gold
E003079,良性的慢性炎症刺激,Disease,2,gold
E003080,荔枝和酒精混合在一起,Other,2,gold
E003081,药物副作用,Treatment,2,gold
E003082,药物和蜂蜜水形成一种复合物,Treatment,2,gold
E003083,药疹,Treatment,2,gold
E003084,菌斑等牙石刺激,Other,2,gold
E003085,菌群紊乱,Other,2,gold
E003086,萎靡不振,Other,2,gold
E003087,营养摄入的不足,Treatment,2,gold
E003088,营养过剩,Treatment,2,gold
E003089,虚热上炎,Disease,2,gold
E003090,虚阳亢奋,Other,2,gold
E003091,蚊虫叮咬,Other,2,gold
E003092,蛋白质、氨基酸、维生素及微量元素缺乏,Other,2,gold
E003093,蛋白质分解过度,Other,2,gold
E003094,蛛网膜下腔出血,Symptom,2,gold
E003095,螳螂嘴,Other,2,qwen
E003096,蠕动功能缓慢,PathologicalState,2,gold
E003097,血hcg明显升高,Other,2,gold
E003098,血hcg达到峰值,Other,2,gold
E003099,血中儿茶酚胺的分泌量增加,Other,2,gold
E003100,血压增高,TestResult,2,gold
E003101,血压波动比较大,TestResult,2,gold
E003102,血压高,TestResult,2,gold
E003103,血尿酸增高,PathologicalState,2,gold
E003104,血栓性外痔,Other,2,gold
E003105,血液中的氧气含量降低,Other,2,gold
E003106,血液中的白细胞增多,Symptom,2,gold
E003107,血液中纤维素等成分渗入血管壁,Other,2,gold
E003108,血液处于高脂、高黏的状态,Other,2,gold
E003109,血液外渗情况,Other,2,gold
E003110,血液往下肢流动,Other,2,gold
E003111,血液扩张,Other,2,gold
E003112,血液流动缓慢,Other,2,gold
E003113,血液流速加快,Other,2,gold
E003114,血液混杂在尿液中,Other,2,gold
E003115,血液疾病,Disease,2,gold
E003116,血液疾病引发的反复发热,Disease,2,gold
E003117,血清尿酸偏高,Other,2,gold
E003118,血清肌酐低于正常值的下限,Other,2,gold
E003119,血管、神经功能紊乱,PathologicalState,2,gold
E003120,血管内皮细胞损伤,Other,2,gold
E003121,血管壁张力增大,Other,2,gold
E003122,血管壁的直接损伤作用,Other,2,gold
E003123,血管张力也不够,Other,2,gold
E003124,血管弹性下降,PathologicalState,2,gold
E003125,血管扩张,Other,2,gold
E003126,血管比较脆,Other,2,gold
E003127,血管炎,Disease,2,gold
E003128,血管瘤充血、增大,Disease,2,gold
E003129,血管的原因,Other,2,gold
E003130,血管的损伤,Other,2,gold
E003131,血管神经性的头痛,Symptom,2,gold
E003132,血红蛋白合成减少,Symptom,2,gold
E003133,血红蛋白含量降低,Other,2,gold
E003134,血肌酐偏高,Other,2,gold
E003135,血肿破裂,Symptom,2,gold
E003136,血脂含量过高,Other,2,gold
E003137,褪色,Other,2,gold
E003138,视乳头水肿,ClinicalSign,2,gold
E003139,视力减退,Other,2,gold
E003140,视力疲劳,Other,2,gold
E003141,视力逐渐变差,Other,2,gold
E003142,视网膜剥离,Other,2,gold
E003143,视觉发育受到影响,Other,2,gold
E003144,视野缺损,Other,2,gold
E003145,触摸时疼痛明显,Symptom,2,gold
E003146,触碰之后,Other,2,gold
E003147,语言不发育,Other,2,gold
E003148,语言发育迟缓或落后,Other,2,gold
E003149,语言发育障碍,Other,2,gold
E003150,诱发脑供血不足,AnatomicalSite,2,gold
E003151,豆浆,Other,2,gold
E003152,豆类制品容易产生气体,Other,2,gold
E003153,起立的时候就会引起这些部位的牵拉,MedicalCategory,2,gold
E003154,超高热,Other,2,gold
E003155,足下垂,Other,2,gold
E003156,趴着睡觉,Other,2,gold
E003157,跟腱的变性又比较明显,Other,2,gold
E003158,"跳绳的时候,颈椎部位反复受到外力的刺激",MedicalCategory,2,gold
E003159,踝关节粘连,PathologicalState,2,gold
E003160,踝部,AnatomicalSite,2,qwen
E003161,身上出现很多红色的小血点,Other,2,gold
E003162,身体一侧的上下肢同时无力,ClinicalSign,2,gold
E003163,身体交感神经亢进,Other,2,gold
E003164,身体又极度衰弱,Other,2,gold
E003165,身体比较疲乏,Other,2,gold
E003166,转移瘤,Disease,2,gold
E003167,软组织的损伤、劳损,Other,2,gold
E003168,软骨以及胸肋关节的畸形,Other,2,gold
E003169,软骨的断裂、剥脱,Other,2,gold
E003170,轻度腹泻,Symptom,2,gold
E003171,较严重的颅内高压的表现,AnatomicalSite,2,gold
E003172,较多血液淤积在下肢,Other,2,gold
E003173,输卵管局部的积水,Other,2,gold
E003174,输卵管异常,PathologicalState,2,gold
E003175,输尿管结石引起感染,Disease,2,gold
E003176,过凉,Other,2,gold
E003177,过多的、过频繁的性生活,Other,2,gold
E003178,过度劳累,RiskFactor,2,gold
E003179,过度食用水果,Other,2,gold
E003180,过敏原的再次摄入接触,RiskFactor,2,gold
E003181,过饱和析出,Other,2,gold
E003182,运动以后出现肌肉酸痛,Symptom,2,gold
E003183,运动神经纤维周边的微细血管运行不通畅,PathologicalState,2,qwen
E003184,运动量过大,Other,2,gold
E003185,近期使用电子产品增加,Other,2,gold
E003186,近距离用眼过度如手机、电脑等使用增加,AnatomicalSite,2,gold
E003187,进入容易过敏的环境,RiskFactor,2,gold
E003188,进行性肌营养不良,Treatment,2,gold
E003189,进食后出现胃痛,Symptom,2,gold
E003190,进食后疼痛,Symptom,2,gold
E003191,进食固体食物,Other,2,gold
E003192,进食小儿七星茶,Other,2,gold
E003193,进食差,Other,2,gold
E003194,进食比较粗糙的饮食,RiskFactor,2,gold
E003195,进食水,Other,2,gold
E003196,远端小血管的狭窄,PathologicalState,2,gold
E003197,连续3天低烧,Other,2,gold
E003198,连续低烧3天,Other,2,gold
E003199,连续打喷嚏伴鼻涕,AnatomicalSite,2,gold
E003200,迷走神经受到刺激,Other,2,gold
E003201,通透性增强,Other,2,gold
E003202,通风比较差,Other,2,gold
E003203,造血干细胞都造成损伤,Other,2,gold
E003204,遗传性癫痫,Disease,2,gold
E003205,遗尿,Other,2,gold
E003206,遗尿症,MedicalCategory,2,gold
E003207,邻牙的龋坏,Other,2,gold
E003208,"部分女性减重,长时间不吃主食",Other,2,gold
E003209,酒精中的乙醇和荔枝混合在一起,Other,2,gold
E003210,酒精性肝炎,Disease,2,gold
E003211,酒精擦浴,Other,2,gold
E003212,酒精有扩血管的作用,Other,2,gold
E003213,酗酒,Other,2,gold
E003214,酗酒的男性,Other,2,gold
E003215,酪氨酸血症,Disease,2,gold
E003216,酸碱失调,Other,2,gold
E003217,酸碱平衡失调,Other,2,gold
E003218,酸胀,Other,2,gold
E003219,重大心脑血管意外,AnatomicalSite,2,gold
E003220,重症的新冠肺炎,Disease,2,gold
E003221,重要的脏器损害,PathologicalState,2,gold
E003222,金黄色葡萄球菌,Other,2,gold
E003223,钠水潴留,PathologicalState,2,gold
E003224,钠离子和水排出增多,Symptom,2,gold
E003225,铜绿假单胞菌感染,Disease,2,qwen
E003226,错位明显,Other,2,gold
E003227,长出气,Other,2,gold
E003228,长时间久坐憋尿,Other,2,gold
E003229,长时间闭目无力,ClinicalSign,2,gold
E003230,长期伏案工作、低头,Other,2,gold
E003231,长期吸烟,RiskFactor,2,gold
E003232,长期坐姿不当,Other,2,gold
E003233,长期坐着,Other,2,gold
E003234,长期的吃盐太多,Other,2,gold
E003235,长期的慢性心功能不全,PathologicalState,2,gold
E003236,长期的慢性疲劳,Other,2,gold
E003237,长期的睡眠不足,Other,2,gold
E003238,长期肾脏灌注不足,AnatomicalSite,2,gold
E003239,长期营养不良或使用免疫抑制剂,Treatment,2,gold
E003240,长期血尿酸增高,PathologicalState,2,gold
E003241,长期钙盐沉积,Other,2,gold
E003242,长深吸气、长深出气,Other,2,gold
E003243,门脉高压,Other,2,gold
E003244,间接外力,Other,2,gold
E003245,间断的发热,Symptom,2,gold
E003246,阳虚浮跃,Other,2,gold
E003247,阳虚的虚火,Other,2,gold
E003248,阴囊一边大一边小,Other,2,gold
E003249,阴囊外皮肤发红,AnatomicalSite,2,gold
E003250,阴囊皮温局部升高,Other,2,gold
E003251,阴盛格阳,Other,2,gold
E003252,阴茎头部过度敏感以及中枢心理反应过度激烈,AnatomicalSite,2,gold
E003253,阴茎海绵体的动脉供血不足,Other,2,gold
E003254,阴血亏虚,Other,2,gold
E003255,阴道新生物,Other,2,gold
E003256,阴道流血,Other,2,gold
E003257,阴道痉挛,Other,2,gold
E003258,阻塞下肢动脉血管,Other,2,gold
E003259,阿米巴痢疾,Other,2,gold
E003260,附睾囊肿,Symptom,2,gold
E003261,附睾硬结,Other,2,gold
E003262,降低孩子的免疫功能,PathologicalState,2,gold
E003263,降低胃中保护性黏液的黏度,AnatomicalSite,2,gold
E003264,限制饮食、蛋白,RiskFactor,2,gold
E003265,隐球菌,Other,2,gold
E003266,雀斑,Other,2,gold
E003267,雌孕激素分泌均较少,TestResult,2,gold
E003268,霉菌孢子,Other,2,gold
E003269,霉菌性道炎,Disease,2,gold
E003270,霍纳综合征,Other,2,gold
E003271,青春期机体代谢非常旺盛,Other,2,gold
E003272,静脉炎,Disease,2,gold
E003273,非传染类疾病感染,Disease,2,gold
E003274,非感染性情况,Disease,2,gold
E003275,非感染性滑膜炎,MedicalCategory,2,gold
E003276,非感染性疾病,Disease,2,gold
E003277,非甾体类抗炎药,Treatment,2,qwen
E003278,面瘫侧咀嚼肌无力,ClinicalSign,2,gold
E003279,面色发紫,Other,2,gold
E003280,面部表情的扭曲,Other,2,gold
E003281,面部间隙的感染,Disease,2,gold
E003282,韧带损伤,PathologicalState,2,qwen
E003283,顽固性、长期、难治性的失眠,Symptom,2,gold
E003284,顽固性的失眠,Symptom,2,gold
E003285,颅内压急剧升高,ClinicalSign,2,gold
E003286,颅内的感染性疾病,Disease,2,gold
E003287,颅内肿瘤,Disease,2,gold
E003288,颅神经功能急剧退化,PathologicalState,2,gold
E003289,颅脑损伤所致的昏迷,AnatomicalSite,2,gold
E003290,颅骨切除,Other,2,gold
E003291,颅骨骨瘤,Disease,2,gold
E003292,颈动脉狭窄,PathologicalState,2,gold
E003293,颈强克氏征分离,Other,2,gold
E003294,颈椎出现变形,Other,2,gold
E003295,颈椎病压迫,Disease,2,gold
E003296,颈椎问题,Other,2,gold
E003297,颈椎间盘突出,Other,2,gold
E003298,颈静脉怒张,Other,2,gold
E003299,颈项强直,Other,2,gold
E003300,颌骨发育越来越小,Other,2,gold
E003301,频繁的过性生活,Other,2,gold
E003302,颞下颌关节紊乱,MedicalCategory,2,gold
E003303,颞叶钩回疝,Other,2,gold
E003304,风团,Other,2,gold
E003305,风寒入体,Other,2,gold
E003306,风心病,Disease,2,gold
E003307,风湿性心脏病,Disease,2,qwen
E003308,风湿性疾病,Disease,2,gold
E003309,食欲不佳,Other,2,gold
E003310,食欲好,Other,2,gold
E003311,食物中的各种有害因素更容易作用于胃壁,AnatomicalSite,2,gold
E003312,食物在停留过程中,Other,2,gold
E003313,食物摄入后还没被完全的消化、吸收就已经排出体外,Other,2,gold
E003314,食管瘢痕,Other,2,gold
E003315,食管胃底静脉曲张,AnatomicalSite,2,gold
E003316,食管黏膜糜烂,Other,2,gold
E003317,食道的出血,Symptom,2,gold
E003318,食道胃底静脉曲张,AnatomicalSite,2,gold
E003319,餐后饱胀,Other,2,gold
E003320,饥饿感,Other,2,gold
E003321,饭后恶心,Symptom,2,gold
E003322,饮食不当,RiskFactor,2,gold
E003323,马尾神经损害,PathologicalState,2,gold
E003324,马牙子,PathologicalState,2,qwen
E003325,马蜂的蜂毒,Other,2,gold
E003326,骨折畸形愈合,Other,2,gold
E003327,骨骼发育异常,PathologicalState,2,qwen
E003328,骨骼肌病理性易疲劳,Disease,2,gold
E003329,骨髓抑制,Other,2,gold
E003330,骨髓造血功能衰竭,PathologicalState,2,gold
E003331,髋关节周围骨折,Other,2,gold
E003332,髋关节的病变,Disease,2,gold
E003333,髋关节的骨关节病,Disease,2,gold
E003334,高代谢状态,Other,2,gold
E003335,高催乳素血症,Disease,2,gold
E003336,高尿酸血症,Disease,2,gold
E003337,高度近视,Other,2,gold
E003338,高度鳞状上皮内瘤变,Disease,2,gold
E003339,高温,Other,2,gold
E003340,麻风病,Disease,2,gold
E003341,黄斑出血,Symptom,2,gold
E003342,黄斑劈裂,Other,2,gold
E003343,黄斑改变,Other,2,gold
E003344,黏痰比较多,Other,2,gold
E003345,黏膜下子宫肌瘤,Disease,2,gold
E003346,黏膜反应较大,Other,2,gold
E003347,黑棘皮病,Disease,2,gold
E003348,黑眼圈,AnatomicalSite,2,gold
E003349,黑色素沉着,Other,2,gold
E003350,黑色素细胞的功能出现障碍,PathologicalState,2,gold
E003351,黑蒙,Other,2,gold
E003352,鼓膜破裂,PathologicalState,2,gold
E003353,鼻窦发生病变,Disease,2,gold
E003354,鼻腔,AnatomicalSite,2,qwen
E003355,鼻腔内有可能存在过敏性因素,RiskFactor,2,gold
E003356,鼻腔的疾病,Disease,2,qwen
E003357,龟头敏感度比较高,Other,2,gold
E003358,10点以后的熬夜,Other,1,gold
E003359,14岁男孩出现腰疼,Symptom,1,gold
E003360,18-25岁年龄段,RiskFactor,1,gold
E003361,1岁宝宝的肠胃功能比较差,PathologicalState,1,gold
E003362,24小时以后水疱内容浑浊,Other,1,gold
E003363,"36周出生的早产儿,肺泡的发育不完全",AnatomicalSite,1,gold
E003364,39度以上(中国指南是38.5度以上),Other,1,gold
E003365,40岁之前做人工流产,Treatment,1,gold
E003366,40岁以上的人群,Other,1,gold
E003367,5-6个月就让宝宝坐学步车,Other,1,gold
E003368,5-氟尿嘧啶这类药物,Treatment,1,gold
E003369,5天之后检查胎心还是呈微弱的状态,ExamProcedure,1,gold
E003370,65岁以上,Other,1,gold
E003371,a组溶血性链球菌,Other,1,gold
E003372,b超下活动度好,ExamProcedure,1,gold
E003373,c反应蛋白,ExamProcedure,1,qwen
E003374,eb71型,Other,1,gold
E003375,eb病毒性肝炎,Disease,1,gold
E003376,eb病毒感染,Disease,1,gold
E003377,graves病,Disease,1,gold
E003378,hcg开始下降,PathologicalState,1,gold
E003379,hcg数值增高,TestResult,1,gold
E003380,hcg的量比较少不易测出,Other,1,gold
E003381,hiv病毒感染,Disease,1,gold
E003382,hiv病毒进入人体,Disease,1,gold
E003383,hp感染,Disease,1,gold
E003384,ii型呼衰,Other,1,gold
E003385,o型腿,ClinicalSign,1,qwen
E003386,tia发作,Disease,1,qwen
E003387,tsh在正常范围之内或者是轻度偏高,Other,1,gold
E003388,tsh是降低,Other,1,gold
E003389,x型腿,ClinicalSign,1,qwen
E003390,一下误吸致死,Other,1,gold
E003391,一个姿势时间特别长,Other,1,gold
E003392,"一侧头面部,明显的红斑和簇集的水疱",Other,1,gold
E003393,一侧的肋骨被牵拉,Other,1,gold
E003394,"一侧的腮腺的明显的肿大,边界不是很清楚而且会出现胀痛",Symptom,1,gold
E003395,一侧的腿疼,Symptom,1,gold
E003396,一侧的鼻堵、不通气,AnatomicalSite,1,gold
E003397,一侧瞳孔扩大,ClinicalSign,1,gold
E003398,一侧瞳孔散大,Symptom,1,qwen
E003399,一侧肋骨就出现突出,Other,1,gold
E003400,一侧肋骨相对凹陷,Other,1,gold
E003401,一侧肋骨突出,Other,1,gold
E003402,一侧腰部酸痛,Symptom,1,gold
E003403,一侧腰酸疼,Symptom,1,gold
E003404,一侧腹痛,Symptom,1,gold
E003405,一侧腿的酸痛,Symptom,1,gold
E003406,"一侧阴囊大,一侧阴囊小",Other,1,gold
E003407,一侧鼻腔的持续性鼻堵,AnatomicalSite,1,gold
E003408,一定瘙痒感,Symptom,1,gold
E003409,"一小片圆锥状的角质栓,按压的时候会有疼痛",Symptom,1,gold
E003410,一岁多宝宝牙根发黑,Other,1,gold
E003411,一睡觉就做梦,Other,1,gold
E003412,一蹲下起来头晕、眼发黑,Symptom,1,gold
E003413,一过性乏氧,Other,1,gold
E003414,一过性的一侧肢体的无力、偏瘫,ClinicalSign,1,gold
E003415,一过性的疼痛,Symptom,1,gold
E003416,一过性神经麻痹,Other,1,gold
E003417,一过性腹痛,MedicalCategory,1,gold
E003418,一过性血压升高,TestResult,1,gold
E003419,"一部分结节不容易消退,或者逐渐增大",Other,1,gold
E003420,三叉神经区域的疼痛发作,Symptom,1,gold
E003421,三叉神经损伤作用比较小,Other,1,gold
E003422,三岁以下的小儿在发病后三日内如果出现高热不退、精神萎靡、呼吸浅表、心率加快、末梢循环不好、高血糖、外周白细胞计数增高或者明显降低,Other,1,gold
E003423,三联疗法,Treatment,1,qwen
E003424,三踝骨折,Other,1,gold
E003425,上、下颌都向前突出,Other,1,gold
E003426,上下唇比较短,Other,1,gold
E003427,上举、外展、后伸以及各个方向活动肩关节都极度受限,Other,1,gold
E003428,上呼吸道传染性疾病,MedicalCategory,1,gold
E003429,上呼吸道的细菌或者病毒,Disease,1,gold
E003430,上皮珠堆积,PathologicalState,1,qwen
E003431,上肢放射性疼痛,Symptom,1,gold
E003432,上肢深静脉血栓,Other,1,gold
E003433,上肢皮肤感觉减退,AnatomicalSite,1,gold
E003434,上腹不适,Other,1,gold
E003435,上腹灼痛,Symptom,1,gold
E003436,上腹疼痛,Symptom,1,gold
E003437,上腹痛,Symptom,1,gold
E003438,上腹部的疼痛,Symptom,1,gold
E003439,上腹部的疾病,Disease,1,gold
E003440,上腹隐痛,Symptom,1,gold
E003441,上腹饱胀不适,Other,1,gold
E003442,上行网状激活系统和大脑皮质的广泛损害,PathologicalState,1,gold
E003443,上颌窦癌,Disease,1,qwen
E003444,上颚黏膜泛红、充血、疼痛,Symptom,1,gold
E003445,下丘脑、垂体的病变,Disease,1,gold
E003446,下呼吸道的肺炎,Disease,1,gold
E003447,下壁心肌缺血,AnatomicalSite,1,gold
E003448,下巴习惯性前伸,Other,1,gold
E003449,下沉,Other,1,gold
E003450,下眼睑区红肿、瘙痒,Symptom,1,gold
E003451,下眼袋水肿,Symptom,1,qwen
E003452,下肢关节发育异常,PathologicalState,1,qwen
E003453,下肢急性缺血,Other,1,gold
E003454,下肢放射性疼痛,Symptom,1,gold
E003455,下肢栓塞,Other,1,gold
E003456,下肢浮肿,Symptom,1,qwen
E003457,下肢疼痛就会非常剧烈,Symptom,1,gold
E003458,下肢的支具,Treatment,1,qwen
E003459,下肢的静脉曲张,Other,1,gold
E003460,下肢神经症状,Disease,1,gold
E003461,下肢肿胀,Symptom,1,gold
E003462,下肢血管b超,ExamProcedure,1,qwen
E003463,下肢血管扩张,Other,1,gold
E003464,"下肢酸痛,甚至麻木、无力",ClinicalSign,1,gold
E003465,"下肢静脉血栓脱落,顺着血流经过肺部",AnatomicalSite,1,gold
E003466,下肢高度肿胀,Symptom,1,gold
E003467,下肢麻木,ClinicalSign,1,gold
E003468,下腹坠胀,Other,1,gold
E003469,下腹坠胀不适,Other,1,gold
E003470,下腹正中的黑线,Other,1,gold
E003471,下腹痛,Symptom,1,gold
E003472,"下腹的轻微疼痛,疼痛表现在一侧的腹部",Symptom,1,gold
E003473,下腹部疼痛,Symptom,1,gold
E003474,下面颌1/3突起比较严重,Other,1,gold
E003475,下颌偏斜,Other,1,gold
E003476,下颌部的疼痛,Symptom,1,gold
E003477,不伴有任何排尿的异常感,PathologicalState,1,gold
E003478,不典型细菌感染,Disease,1,gold
E003479,不利于月经期间止血,Treatment,1,gold
E003480,不利于注射部位的愈合,Treatment,1,gold
E003481,不利于药物的吸收,Treatment,1,gold
E003482,不去干预治疗,Treatment,1,gold
E003483,不及时治疗,Treatment,1,gold
E003484,不及时补充热量,Other,1,gold
E003485,不可缓解的喘憋,Other,1,gold
E003486,不吃富含维生素和纤维素的食物,Other,1,gold
E003487,不同程度的肾功能减退,PathologicalState,1,gold
E003488,不同程度的脾肿大,Symptom,1,gold
E003489,不同程度觉醒水平的障碍,TestResult,1,gold
E003490,不安,Other,1,gold
E003491,不完全性肠梗阻,PathologicalState,1,gold
E003492,不尽早修补,Other,1,gold
E003493,不干净食物,Other,1,gold
E003494,不当的使用化妆品,Other,1,gold
E003495,不影响进食,Other,1,gold
E003496,不得到及时的救治,Other,1,gold
E003497,不恰当的颈部按摩,Other,1,gold
E003498,不愈合,Other,1,gold
E003499,不愿意运动,Other,1,gold
E003500,不拘小节,Other,1,gold
E003501,不按时排便,Other,1,gold
E003502,不排卵,Other,1,gold
E003503,不敢擦,Other,1,gold
E003504,不易推动,Other,1,gold
E003505,不治疗免疫功能缺陷,Treatment,1,gold
E003506,不洁饮食,RiskFactor,1,gold
E003507,不爱喝白开水,Other,1,gold
E003508,不爱活动,Other,1,gold
E003509,不爱理人,Other,1,gold
E003510,不稳定型斑块,Other,1,gold
E003511,不能再胜任曾经能够完全胜任的工作和生活,Other,1,gold
E003512,不能准确的计算或说出时间、地点、人物,Other,1,gold
E003513,不能吸收消化优质蛋白,Other,1,gold
E003514,不能平卧,Other,1,gold
E003515,不能很好的吃奶,Other,1,gold
E003516,不能很好的坐、爬行,Other,1,gold
E003517,不能消化,Other,1,gold
E003518,不能维持正常通气和换气功能,PathologicalState,1,gold
E003519,不能行走,Other,1,gold
E003520,不能行走、持物,Other,1,gold
E003521,不能走路,Other,1,gold
E003522,不良习惯,Other,1,gold
E003523,不良情绪,Other,1,qwen
E003524,不良理化性质刺激,Other,1,gold
E003525,不良生活习惯,Other,1,gold
E003526,不良的饮食行为习惯,RiskFactor,1,gold
E003527,不规则的出血,Symptom,1,gold
E003528,不规则阴道出血,Symptom,1,gold
E003529,不进行手术,Treatment,1,gold
E003530,不进行气道阻塞解除,Other,1,gold
E003531,不适症状,Disease,1,gold
E003532,"与梨状肌作用相同的一组肌肉,如果其他的肌肉不工作",Other,1,gold
E003533,与精神易兴奋相联系的精神易疲劳表现,MedicalCategory,1,gold
E003534,丘疹,Other,1,gold
E003535,丘脑,AnatomicalSite,1,qwen
E003536,丘脑性痴呆,AnatomicalSite,1,gold
E003537,丘脑痛,Symptom,1,gold
E003538,丙类传染病,MedicalCategory,1,gold
E003539,丙肝,AnatomicalSite,1,gold
E003540,两个月月经没有正常来潮,Other,1,gold
E003541,两侧的附睾头均出现了囊性病变,Disease,1,gold
E003542,两岁以内的婴幼儿,Other,1,gold
E003543,两肺出现严重湿啰音,AnatomicalSite,1,gold
E003544,两肺布满湿啰音和哮鸣音,AnatomicalSite,1,gold
E003545,两肺纹理增强,AnatomicalSite,1,gold
E003546,两肺纹理粗乱,AnatomicalSite,1,gold
E003547,严重,Other,1,gold
E003548,严重传染病,MedicalCategory,1,gold
E003549,严重低血压,TestResult,1,gold
E003550,严重功能障碍,PathologicalState,1,gold
E003551,严重外伤,RiskFactor,1,qwen
E003552,严重影响到患者的日常工作与生活,Other,1,gold
E003553,严重影响患者的正常生活,Other,1,gold
E003554,严重心律失常,AnatomicalSite,1,gold
E003555,严重水肿,ClinicalSign,1,gold
E003556,严重玻璃体混浊,Other,1,gold
E003557,严重的室间隔缺损,Other,1,gold
E003558,严重的时候还会侵犯到眼睛,AnatomicalSite,1,gold
E003559,严重的电解质紊乱,Other,1,gold
E003560,严重的缺氧,Other,1,gold
E003561,严重的腹痛,Symptom,1,gold
E003562,严重的身体的损伤,Other,1,gold
E003563,严重的过敏反应,RiskFactor,1,gold
E003564,严重者压迫椎管,Other,1,gold
E003565,严重肺气肿,Symptom,1,gold
E003566,严重脱出,Other,1,gold
E003567,严重腹泻,Symptom,1,gold
E003568,严重视网膜血管炎,Disease,1,gold
E003569,严重食管炎,Disease,1,gold
E003570,个人体质,Other,1,gold
E003571,个人体质不同,Other,1,gold
E003572,个人的卫生保持都不够好,Other,1,gold
E003573,中、小动脉炎,Disease,1,gold
E003574,中、重度的抑郁症,Disease,1,gold
E003575,中度或重度的颈椎病,Disease,1,gold
E003576,中度面瘫,Other,1,gold
E003577,中心型肺癌堵塞中央气道,Disease,1,gold
E003578,中性粒细胞功能障碍,PathologicalState,1,gold
E003579,中性粒细胞数才会增高,PathologicalState,1,gold
E003580,中性粒细胞数目增高,PathologicalState,1,gold
E003581,中性粒细胞比例增高,PathologicalState,1,gold
E003582,中指无名指麻木,Symptom,1,qwen
E003583,中晚期乳腺癌,Disease,1,gold
E003584,中枢性脱髓鞘疾病,MedicalCategory,1,gold
E003585,中枢神经系统的损伤,Other,1,gold
E003586,中毒性脑病,Disease,1,gold
E003587,中毒症状较严重,Disease,1,gold
E003588,中等量的脑出血,MedicalCategory,1,qwen
E003589,中线结构在胚胎期发育异常,PathologicalState,1,gold
E003590,中老年女性,Other,1,gold
E003591,中老年疾病,MedicalCategory,1,gold
E003592,中老年绝经期,Other,1,gold
E003593,中耳积液,Other,1,gold
E003594,中耳腔内的脓性分泌物流出,Other,1,gold
E003595,中耳腔里的化脓性炎症,Disease,1,gold
E003596,中耳腔里面的压力发生改变,Other,1,gold
E003597,中青年人高血压,TestResult,1,gold
E003598,"临床上常无法触及,患者一般以疼痛为主要症状",Disease,1,gold
E003599,临近颅骨的肿瘤,Disease,1,gold
E003600,主动脉和肺动脉之间存在异常通道,PathologicalState,1,gold
E003601,主动脉夹层,Other,1,gold
E003602,主动脉瓣狭窄,PathologicalState,1,gold
E003603,主动脉的压力明显高于肺动脉,AnatomicalSite,1,gold
E003604,主要脏器的损害,PathologicalState,1,gold
E003605,丽珠得乐,Treatment,1,qwen
E003606,久坐姿势,Other,1,gold
E003607,久站,Other,1,gold
E003608,久站久坐,Other,1,gold
E003609,久蹲突然起身,Other,1,gold
E003610,乙吗噻嗪,Treatment,1,qwen
E003611,乙醇,Other,1,gold
E003612,乙醛,Other,1,gold
E003613,习惯性扭伤,Other,1,gold
E003614,习惯性自然流产,Other,1,gold
E003615,乱服用药物,Treatment,1,gold
E003616,乳头处有血性分泌物,Other,1,gold
E003617,乳头溢液、溢血,Other,1,gold
E003618,乳房内部有硬块,AnatomicalSite,1,gold
E003619,乳房包块形成,AnatomicalSite,1,gold
E003620,乳房增生,AnatomicalSite,1,gold
E003621,乳房恶性肿瘤,Disease,1,gold
E003622,乳房整体胀痛,Symptom,1,gold
E003623,乳房疼痛,Symptom,1,gold
E003624,乳房疼痛、增大,Symptom,1,gold
E003625,乳房的旁边骨头疼痛,MedicalCategory,1,gold
E003626,乳房的肉瘤,Disease,1,gold
E003627,乳房的脂肪瘤,Disease,1,gold
E003628,乳房胀痛,Symptom,1,gold
E003629,"乳房胀痛且胀痛多在月经前加重,月经后缓解,按压时可伴疼痛加重",Symptom,1,gold
E003630,乳房萎缩,AnatomicalSite,1,gold
E003631,"乳牙出现问题过早拔除,牙槽骨已经愈合",Other,1,gold
E003632,乳腺增生形成的肿块,Symptom,1,gold
E003633,乳腺局部的乳管扩张成囊,Other,1,gold
E003634,乳腺癌改良根治切除手术,Treatment,1,gold
E003635,"乳腺的增大,有蚕豆、核桃大小",Other,1,gold
E003636,乳腺的增生,Other,1,gold
E003637,乳腺的纤维腺瘤,Disease,1,gold
E003638,乳腺肿瘤,Disease,1,gold
E003639,乳腺胀痛,Symptom,1,gold
E003640,乳腺腺管细胞和腺泡细胞增生,Other,1,gold
E003641,乳酸杆菌量也不是很多,Other,1,gold
E003642,事故,Other,1,gold
E003643,二便功能障碍,PathologicalState,1,gold
E003644,二尖瓣脱垂,Other,1,gold
E003645,二氧化碳分压大于50mmhg,TestResult,1,qwen
E003646,二线药物,Treatment,1,qwen
E003647,五月龄左右宝宝发生髋关节的屈伸,Other,1,gold
E003648,亚临床甲减,Other,1,gold
E003649,亚急性咳嗽,Symptom,1,gold
E003650,亚急性期,Other,1,gold
E003651,交叉性瘫痪,Other,1,gold
E003652,交叉感染,Disease,1,gold
E003653,交叉感染给女性,Disease,1,gold
E003654,交叉感染给男性,Disease,1,gold
E003655,交感神经兴奋性的下降,PathologicalState,1,gold
E003656,交感神经受压,PathologicalState,1,gold
E003657,交感神经的兴奋,Other,1,gold
E003658,交感神经系统的异常兴奋,PathologicalState,1,gold
E003659,交感神经过度焦虑,Other,1,gold
E003660,交替性的鼻堵,AnatomicalSite,1,gold
E003661,交流的障碍,Other,1,gold
E003662,交界性心动过速,AnatomicalSite,1,gold
E003663,产后出现了各种人际关系的矛盾,Other,1,gold
E003664,产后奶量增加,Other,1,gold
E003665,产后月经来潮,Other,1,gold
E003666,产妇持续24小时绑收腹带,Other,1,gold
E003667,产妇术后使用镇痛泵,Symptom,1,gold
E003668,产妇绑上收腹带,Other,1,gold
E003669,产检检查,ExamProcedure,1,qwen
E003670,产生咕咕叫的响声,Other,1,gold
E003671,产生撞击,Other,1,gold
E003672,产生气泡,Other,1,gold
E003673,产生的代谢废物会增多,Symptom,1,gold
E003674,产生过量的粘蛋白,Other,1,gold
E003675,产程中麻醉药、镇静药或者催产药使用不当,Treatment,1,gold
E003676,产钳助产,Other,1,gold
E003677,人乳头瘤病毒感染,Disease,1,gold
E003678,人体正常组织发生了炎性增生,Disease,1,gold
E003679,人体的血液循环加快,Other,1,gold
E003680,人到老年,Other,1,qwen
E003681,人工流产手术,Treatment,1,gold
E003682,人工流产术三个月后,Treatment,1,gold
E003683,从腮腺导管口有脓汁流出,Other,1,gold
E003684,代谢功能紊乱,PathologicalState,1,gold
E003685,代谢异常,PathologicalState,1,gold
E003686,代谢旺盛,Other,1,gold
E003687,代谢的减慢,Other,1,gold
E003688,代谢的疾病,Disease,1,gold
E003689,代谢紊乱,Other,1,gold
E003690,以一侧为主而另一侧没有皮疹,Other,1,gold
E003691,伊立替康药物,Treatment,1,gold
E003692,休息不好,Other,1,gold
E003693,"休息好,睡眠改善,刺痛的症状也消失",Disease,1,gold
E003694,会加重脚肿,Symptom,1,gold
E003695,会渗出很多组织液,Other,1,gold
E003696,会阴部以及小腹部的胀痛,Symptom,1,gold
E003697,会阴部出现症状,MedicalCategory,1,gold
E003698,传导性听力下降,PathologicalState,1,gold
E003699,传统的开放手术,Treatment,1,gold
E003700,伤及脚部的肌肉、软组织,Other,1,gold
E003701,伤寒,Other,1,gold
E003702,"伴有发热、腹痛症状,或者是流出的血液具有明显的异味",Disease,1,gold
E003703,低于同龄儿童视觉发育标准,Other,1,gold
E003704,低于标准体重的20%是体重过轻,Other,1,gold
E003705,低危,Other,1,gold
E003706,低头后眼球会突出,AnatomicalSite,1,gold
E003707,低密度结节,Other,1,gold
E003708,低氯性代谢性碱中毒,Other,1,gold
E003709,低渗性、等渗性和高渗性失水,Other,1,gold
E003710,低灌注症状,MedicalCategory,1,gold
E003711,低血糖症状,Symptom,1,qwen
E003712,低血钾、钙、镁,Other,1,gold
E003713,低钙血症,Disease,1,gold
E003714,低钠血症,Disease,1,gold
E003715,低钾,PathologicalState,1,qwen
E003716,体位原因,Other,1,gold
E003717,体位变换后出现一过性的全脑供血不足,AnatomicalSite,1,gold
E003718,体位突然改变,Other,1,gold
E003719,体内产生了很多致病的抗体,Disease,1,gold
E003720,体内内分泌发生改变,Other,1,gold
E003721,体内某些重要的神经递质失去平衡,Other,1,gold
E003722,体内泌乳素增高,PathologicalState,1,gold
E003723,体内激素水平低下,TestResult,1,gold
E003724,体内炎症,Disease,1,gold
E003725,"体内甲状腺激素并不低,但是不能发挥正常的生理作用",TestResult,1,gold
E003726,体内的雌或者雄性激素水平,TestResult,1,gold
E003727,体内缺乏微量元素钙,Other,1,gold
E003728,体内胆红素水平增高,TestResult,1,gold
E003729,体内营养物质流失,Treatment,1,gold
E003730,体力活动,Other,1,gold
E003731,体型比较瘦弱,Other,1,gold
E003732,体弱多病,Disease,1,gold
E003733,体检,ExamProcedure,1,qwen
E003734,体检无阳性体征发现,TestResult,1,gold
E003735,体温可以不升或者低于正常,Other,1,gold
E003736,体温可有所上升,Other,1,gold
E003737,体温在38°c以上,Other,1,gold
E003738,体温持续升高,Other,1,gold
E003739,体温明显升高,Other,1,gold
E003740,体癣,MedicalCategory,1,gold
E003741,体能也会比较差,Other,1,gold
E003742,体表出现弥漫性丘疹、带状疱疹,Other,1,gold
E003743,体质会有所下降,PathologicalState,1,gold
E003744,体质因素,Other,1,gold
E003745,体质弱,Other,1,gold
E003746,体质比较弱,Other,1,gold
E003747,"体重下降在六个月之内可达10%以上,最多可降低40%",PathologicalState,1,gold
E003748,体重可能也会有所增加,Other,1,gold
E003749,体重有可能会反弹,Other,1,gold
E003750,体重轻度的升高,Other,1,gold
E003751,作息不规律,Other,1,gold
E003752,作息时间不规律,Other,1,gold
E003753,"作用于神经递质,会释放肾上腺素、去甲肾上腺素及多巴胺",AnatomicalSite,1,gold
E003754,佝偻病,Disease,1,gold
E003755,使用不是很好的卫生护垫,Other,1,gold
E003756,使用免疫抑制剂,Other,1,gold
E003757,使用利尿剂,Other,1,gold
E003758,"使用抗凝药物常见的是用华法林,如果患者inr值控制不好",Other,1,gold
E003759,使用的药物不完全覆盖致病菌,Treatment,1,gold
E003760,供血不足,Other,1,gold
E003761,侧向移动或者垂直移动障碍,Other,1,gold
E003762,侧方移动,Other,1,gold
E003763,侵犯手指间关节,Other,1,gold
E003764,侵破颅骨,Other,1,gold
E003765,便秘的感觉,Other,1,gold
E003766,促甲状腺素增高,PathologicalState,1,gold
E003767,倾斜阻生,Other,1,gold
E003768,假牙不合适,Other,1,gold
E003769,偏侧发麻,Other,1,gold
E003770,偏暗色,Other,1,gold
E003771,偏盲,Other,1,gold
E003772,做梦,Other,1,gold
E003773,做植眉手术,Treatment,1,gold
E003774,做鬼脸,Other,1,gold
E003775,"停经,可能过几天又来月经,来了4-5天以后就会彻底的干净",Other,1,gold
E003776,停经时间的延长,Other,1,gold
E003777,健康状态,Other,1,gold
E003778,健身时自己选择睾酮素希望增加肌肉量、提高塑形,Other,1,gold
E003779,偶发小腹痛,Symptom,1,gold
E003780,偶尔大便绿色,Other,1,gold
E003781,偶尔头晕,Symptom,1,gold
E003782,偶尔小腹部隐隐坠痛,Symptom,1,gold
E003783,"偶尔触及到肿块,患者亦以疼痛为主",Symptom,1,gold
E003784,儿童,Other,1,gold
E003785,儿童中度到重度特应性皮炎,Disease,1,gold
E003786,儿童咬指甲,Other,1,gold
E003787,儿童喝豆浆,Other,1,gold
E003788,儿童患有微量元素缺乏,Other,1,gold
E003789,儿童慢性或反复咳嗽,Symptom,1,gold
E003790,儿童有指甲癣或者局部的发炎,Disease,1,gold
E003791,儿童的鼻腔黏膜毛细血管比较丰富,AnatomicalSite,1,gold
E003792,儿童眼病,MedicalCategory,1,gold
E003793,儿童缺铁或者缺锌,Other,1,gold
E003794,儿童肚脐周围疼痛伴有呕吐,Symptom,1,gold
E003795,儿茶酚胺分泌增多,Symptom,1,gold
E003796,儿茶酚胺药剂,Treatment,1,gold
E003797,充血性心力衰竭,AnatomicalSite,1,gold
E003798,充血水肿,Symptom,1,qwen
E003799,先兆紫癜,Other,1,gold
E003800,先天原因,Other,1,gold
E003801,先天发育异常,PathologicalState,1,gold
E003802,先天发育性疾病,MedicalCategory,1,gold
E003803,先天性,Other,1,gold
E003804,先天性、老年性、外伤性、并发性、代谢性、药物及中毒性等白内障,Treatment,1,gold
E003805,先天性和后天获得性白内障,Other,1,gold
E003806,先天性巨结肠,AnatomicalSite,1,gold
E003807,先天性心脏疾病,Disease,1,gold
E003808,先天性斜颈,Other,1,gold
E003809,先天性甲状舌管囊肿,Symptom,1,gold
E003810,先天性的恶性肿瘤,MedicalCategory,1,gold
E003811,先天性脑发育畸形,AnatomicalSite,1,gold
E003812,先天性血管畸形,MedicalCategory,1,gold
E003813,先天的发育因素,Other,1,gold
E003814,先天遗传代谢性肝病,Disease,1,gold
E003815,先心病的终末期的缺氧,Disease,1,gold
E003816,光敏性食物,Other,1,gold
E003817,免疫力低,Other,1,gold
E003818,免疫功能低下,PathologicalState,1,gold
E003819,免疫性疾病,Disease,1,gold
E003820,免疫球蛋白iga在肾脏的沉积,AnatomicalSite,1,gold
E003821,免疫系统亢进,Other,1,gold
E003822,免疫系统疾病,MedicalCategory,1,gold
E003823,全口没有牙齿后很长时间都没有装牙,Other,1,gold
E003824,全葡萄膜炎,Disease,1,gold
E003825,全身不定时或者不定处的出现风团,Other,1,gold
E003826,全身不适感,Other,1,gold
E003827,全身中毒症状,Disease,1,gold
E003828,全身任何环节出现异常,PathologicalState,1,gold
E003829,全身会引起高烧,Other,1,gold
E003830,全身弥漫性红色皮疹,Other,1,gold
E003831,全身性的原因,Other,1,gold
E003832,全身情况及病情急转直下,Disease,1,gold
E003833,全身浅表淋巴结肿大,Symptom,1,gold
E003834,全身消瘦,Other,1,gold
E003835,全身疼痛,Symptom,1,gold
E003836,全身疼痛不适,Symptom,1,gold
E003837,全身的各个脏器的损害,PathologicalState,1,gold
E003838,全身的感染中毒,Disease,1,gold
E003839,全身的抵抗力下降,PathologicalState,1,gold
E003840,全身的斑丘疹,Other,1,gold
E003841,全身的斑块,Other,1,gold
E003842,全身的消瘦,Other,1,gold
E003843,全身的症状比较重,Disease,1,gold
E003844,全身的系统性疾病,Disease,1,gold
E003845,全身的血行转移,Other,1,gold
E003846,全身皮肤的瘙痒,Symptom,1,gold
E003847,全身系统性疾病,Disease,1,gold
E003848,全身肌肉酸痛,Symptom,1,gold
E003849,全身肌肉酸痛和无力,ClinicalSign,1,gold
E003850,全身葡萄糖不耐受,Other,1,gold
E003851,全身血管炎性疾病,MedicalCategory,1,gold
E003852,全身麻醉,ExamProcedure,1,qwen
E003853,全身麻醉的副作用,PathologicalState,1,qwen
E003854,"六个月以下的孩子由于胃肠功能还没有完全发育成熟,消化功能比较薄弱",PathologicalState,1,gold
E003855,六个月以内的小婴儿,Other,1,gold
E003856,共济障碍,Other,1,gold
E003857,关节容易出现退变以及增生,Other,1,gold
E003858,关节已丧失功能,Symptom,1,gold
E003859,关节异常退变,PathologicalState,1,gold
E003860,关节活动不利,Other,1,gold
E003861,关节滑膜,AnatomicalSite,1,qwen
E003862,关节炎早期发生,Disease,1,gold
E003863,关节畸形,Symptom,1,qwen
E003864,关节疼痛、局部红肿、功能障碍,Symptom,1,gold
E003865,关节病,Disease,1,gold
E003866,关节痛,Symptom,1,qwen
E003867,关节的不稳定,Other,1,gold
E003868,关节的疼痛,Symptom,1,gold
E003869,关节红、肿、热、痛,Symptom,1,gold
E003870,关节红肿、热痛的长期反复发作,Symptom,1,gold
E003871,关节肿胀,Symptom,1,qwen
E003872,关节软骨增生能力比较差,Other,1,gold
E003873,关节软骨逐渐磨损,Other,1,gold
E003874,关节面不光滑,Other,1,gold
E003875,兴奋,Symptom,1,qwen
E003876,兴趣降低,Other,1,gold
E003877,其他病因,Disease,1,gold
E003878,其他肠道的感染,Disease,1,gold
E003879,其它的急腹症,Disease,1,gold
E003880,其它的病变,Disease,1,gold
E003881,其它系统的肺癌转移,Disease,1,gold
E003882,"其实没多少尿,但是老感觉有尿急",Other,1,gold
E003883,养育过程中的问题,Other,1,gold
E003884,内侧三角韧带完全损伤,Other,1,gold
E003885,内分泌出现了紊乱,Other,1,gold
E003886,内分泌原因,Other,1,gold
E003887,内分泌反应不佳,Other,1,gold
E003888,内分泌症状,Disease,1,gold
E003889,内源性疼痛调节系统的改变,Symptom,1,gold
E003890,内热,Other,1,gold
E003891,内痔发展到ii期、iii期,Other,1,gold
E003892,内耳微循环障碍,Other,1,gold
E003893,内脏严重的病变,Disease,1,gold
E003894,内脏损害,Symptom,1,qwen
E003895,内脏敏感性,Other,1,gold
E003896,内膜厚度<1cm,Other,1,gold
E003897,内部的眼压高,TestResult,1,gold
E003898,再入眠困难,Other,1,gold
E003899,冠心病患者,Other,1,gold
E003900,冠状动脉内管腔狭窄,PathologicalState,1,gold
E003901,冠状动脉缺血,Other,1,gold
E003902,冬天由于风吹、冷空气刺激,Other,1,gold
E003903,冬天的夜里室温比较低,Other,1,gold
E003904,冰袋物理降温,Treatment,1,qwen
E003905,冷汗淋漓,Other,1,gold
E003906,冷热痛,Symptom,1,gold
E003907,冷饮的食品,Other,1,gold
E003908,冻结期,Other,1,gold
E003909,减少肌肉含量,Symptom,1,gold
E003910,减少食欲,Symptom,1,gold
E003911,"减肥的人,特别是年轻女性,为了保持身材",Other,1,gold
E003912,减重溜溜球效应,Other,1,gold
E003913,凝血功能障碍,PathologicalState,1,gold
E003914,出现免疫抑制,Other,1,gold
E003915,出现多处转移,Other,1,gold
E003916,出现抽动,Other,1,gold
E003917,出现明显的人格改变,Other,1,gold
E003918,出生的时候困难,Other,1,gold
E003919,出血位于基底节区、丘脑等部位,Other,1,qwen
E003920,出血化验,ExamProcedure,1,qwen
E003921,出血呈鲜红色,Symptom,1,gold
E003922,"出血性紫癜,伴有腹型紫癜",Symptom,1,gold
E003923,出血时间延长,Symptom,1,gold
E003924,出血糜烂,Symptom,1,qwen
E003925,出血量>1000ml,Symptom,1,gold
E003926,出血量多,Symptom,1,gold
E003927,出血量明显过多或者是过少,Symptom,1,gold
E003928,"出血量比较少,在阴道内经过氧化后才排出体外",Symptom,1,gold
E003929,出血量较大,Symptom,1,gold
E003930,分化型甲状腺癌,Disease,1,gold
E003931,分娩,Other,1,gold
E003932,分娩因素,Other,1,gold
E003933,分泌不足,Other,1,gold
E003934,分泌物会呈现绿色或者铜绿色的特征,ClinicalSign,1,qwen
E003935,"分泌物增多,所以流鼻涕",Symptom,1,gold
E003936,分泌物持续出现,Other,1,gold
E003937,分泌的前列腺素,AnatomicalSite,1,gold
E003938,分泌过多,Other,1,gold
E003939,分离症状,Disease,1,gold
E003940,刚出生的婴儿,Other,1,gold
E003941,创伤性损伤,Other,1,gold
E003942,创伤性溃疡,Other,1,gold
E003943,创伤的刺激,Other,1,gold
E003944,创口的感染,Disease,1,gold
E003945,初发期、未成熟期、成熟期和过熟期白内障,Other,1,gold
E003946,初起为淡紫红色以后转变为淡白色,Other,1,gold
E003947,"初起是手掌、脚掌或者脐周瘙痒,可逐渐加剧,延及四肢、躯干、颜面部,瘙痒程度也各不相同,夜间更重",Symptom,1,gold
E003948,利多卡因,Treatment,1,qwen
E003949,利尿,Treatment,1,qwen
E003950,利胆排石的药物,Treatment,1,qwen
E003951,"别人的一句话或者看电视上的某一个画面,就能触发自己的伤感发作就哭泣",Other,1,gold
E003952,刮宫手术,Treatment,1,gold
E003953,到1岁不能很好的站立,Other,1,gold
E003954,到6-7个月不认声,Other,1,gold
E003955,到6个月坐不稳,Other,1,gold
E003956,到9个月头竖不起来,Other,1,gold
E003957,刺激,Other,1,gold
E003958,刺激、生冷、辛辣的食物吃得过多,RiskFactor,1,gold
E003959,刺激全身的动脉血管,Other,1,gold
E003960,刺激到了三叉神经的眼支,AnatomicalSite,1,gold
E003961,刺激到末梢,Other,1,gold
E003962,"刺激到食道黏膜,麻药没有过,没有感觉",Treatment,1,gold
E003963,刺激口腔黏膜大面积溃疡,AnatomicalSite,1,gold
E003964,刺激四肢麻木,ClinicalSign,1,gold
E003965,刺激平滑肌细胞肥大和增生,Other,1,gold
E003966,刺激性咳嗽,Symptom,1,gold
E003967,刺激性的产生肿胀和疼痛,Symptom,1,gold
E003968,刺激物品接触过多,RiskFactor,1,qwen
E003969,刺激症状,Disease,1,gold
E003970,刺激胃酸分泌过多,AnatomicalSite,1,gold
E003971,刺痒感,Other,1,gold
E003972,刺痛,Symptom,1,gold
E003973,刺痛感,Symptom,1,gold
E003974,前任的乳牙根尖有炎症,Disease,1,gold
E003975,前列腺压迫尿道,AnatomicalSite,1,gold
E003976,前列腺增生症,Disease,1,gold
E003977,前列腺或者泌尿系有炎症,Disease,1,gold
E003978,前列腺炎的患者,Other,1,gold
E003979,前列腺癌,Disease,1,gold
E003980,"前囟和后囟比较大,关闭也比较晚",Other,1,gold
E003981,前房积血,Other,1,gold
E003982,前牙暴露于口外,Other,1,gold
E003983,"前突不仅见于牙齿,而且牙槽骨也要向前突出",Other,1,gold
E003984,前额部眼眶周围的疼痛,Symptom,1,gold
E003985,前额部缺血,Other,1,gold
E003986,剑突下引起堵塞感或疼痛,Symptom,1,gold
E003987,剖宫产、子宫肌瘤剔除术等开腹、腹腔镜手术,Treatment,1,gold
E003988,剖腹产术后,Other,1,gold
E003989,剧烈上腹痛,Symptom,1,gold
E003990,剧烈咳嗽,Symptom,1,gold
E003991,剧烈头晕、恶心、呕吐,Symptom,1,gold
E003992,剧烈头痛、恶心、呕吐,Symptom,1,gold
E003993,剧烈疼痛,Symptom,1,gold
E003994,剧烈的、刺激性的干咳,Symptom,1,gold
E003995,剧烈的头痛、头晕、恶心、呕吐,Symptom,1,gold
E003996,剧烈的神经痛,Symptom,1,gold
E003997,剧烈的腹痛,Symptom,1,gold
E003998,剧烈眼痛,Symptom,1,gold
E003999,剧烈腹痛,Symptom,1,gold
E004000,剧烈运动时无氧运动,Other,1,gold
E004001,剪刀步,Other,1,gold
E004002,副癌综合征,Disease,1,gold
E004003,劈裂,Other,1,gold
E004004,力线不良,Other,1,gold
E004005,力量减弱,Other,1,gold
E004006,功能性消化不良,PathologicalState,1,gold
E004007,功能紊乱,PathologicalState,1,gold
E004008,加剧胃部不适,AnatomicalSite,1,gold
E004009,加重上面肾积水的压力和出现,AnatomicalSite,1,gold
E004010,加重便秘,Other,1,gold
E004011,加重出汗,Other,1,gold
E004012,加重出血,Symptom,1,gold
E004013,加重后期妊娠期合并症,Disease,1,gold
E004014,加重咽喉部发炎,Disease,1,gold
E004015,加重对脊髓、血管、神经的刺激和压迫,Other,1,gold
E004016,加重心肌收缩力明显降低,AnatomicalSite,1,gold
E004017,加重患者扁桃体发炎、增生,Disease,1,gold
E004018,加重拉肚子,Other,1,gold
E004019,加重炎症的反应,Disease,1,gold
E004020,加重留疤,Other,1,gold
E004021,加重疼痛的程度,Symptom,1,gold
E004022,加重病情,Disease,1,gold
E004023,加重症状程度或诱发头晕,Disease,1,gold
E004024,加重肝脏的负担,AnatomicalSite,1,gold
E004025,加重肾小血管的损伤,AnatomicalSite,1,gold
E004026,加重肾脏缺血,AnatomicalSite,1,gold
E004027,加重肾间质纤维化,AnatomicalSite,1,gold
E004028,加重胃肠道的负担,AnatomicalSite,1,gold
E004029,加重脚肿,Symptom,1,gold
E004030,加重脾胃虚弱,AnatomicalSite,1,gold
E004031,加重腹胀以及肛门排气,Other,1,gold
E004032,加重腹部闷胀,AnatomicalSite,1,gold
E004033,加重膝关节承重,Other,1,gold
E004034,加重韧带损伤,Other,1,gold
E004035,加重颈椎部位的肌肉痉挛、紧张状态,MedicalCategory,1,gold
E004036,动力性疾病,MedicalCategory,1,gold
E004037,动脉导管未闭,Other,1,gold
E004038,动脉或者静脉的血流受阻,Other,1,gold
E004039,动脉比较细,Other,1,gold
E004040,动脉狭窄,PathologicalState,1,gold
E004041,动脉硬化会把中层撕裂,PathologicalState,1,gold
E004042,劳力型冠心病,Disease,1,gold
E004043,劳力性、夜间突发性的呼吸困难,ClinicalSign,1,gold
E004044,勃起困难,Other,1,gold
E004045,包含有海绵体,Other,1,gold
E004046,包块越来越大,Other,1,gold
E004047,包皮,Other,1,gold
E004048,包皮上会出现簇状的、小而密集的疱疹,Other,1,gold
E004049,包皮垢及白色的污垢增多,Symptom,1,gold
E004050,包皮长时间地包裹的龟头,Other,1,gold
E004051,包皮龟头炎症,Disease,1,gold
E004052,包皮龟头粘连,PathologicalState,1,gold
E004053,包裹太严,Other,1,gold
E004054,化妆品使用,Other,1,gold
E004055,化妆品过期,Other,1,gold
E004056,化学气体刺激,Other,1,gold
E004057,化疗药物,Treatment,1,gold
E004058,化脓性改变,Other,1,gold
E004059,化脓性的细菌感染,Disease,1,gold
E004060,化脓性的脑膜炎,Disease,1,gold
E004061,化脓性脑膜炎,Disease,1,gold
E004062,化脓感染,Disease,1,gold
E004063,医源性损伤,Other,1,gold
E004064,医源性的因素,Other,1,gold
E004065,午后低热,Other,1,gold
E004066,半侧肢体无力,ClinicalSign,1,gold
E004067,半卧位,Other,1,gold
E004068,半夜有盗汗,Other,1,gold
E004069,半夜里也会出现脑卒中后猝死,Disease,1,gold
E004070,半夜里面血液黏稠,Other,1,gold
E004071,半夜饥饿,Other,1,gold
E004072,半岁后往往会出现身材矮小的表现,MedicalCategory,1,gold
E004073,半月板退变达到两侧边缘,Other,1,gold
E004074,单侧或双侧下肢无力、麻木,ClinicalSign,1,gold
E004075,单侧沿神经分布的带状红斑上簇集性小水疱,Other,1,gold
E004076,单侧的手还有脸发麻,Other,1,gold
E004077,单侧的甲状腺肿瘤,Disease,1,gold
E004078,单侧腰部剧烈疼痛,Symptom,1,gold
E004079,单侧腿肿、单侧脚肿,Symptom,1,gold
E004080,单发结节,Other,1,gold
E004081,单心室畸形,AnatomicalSite,1,gold
E004082,单眼视力低下,AnatomicalSite,1,gold
E004083,单眼视物重影或多影,AnatomicalSite,1,gold
E004084,单纯性消化不良,MedicalCategory,1,gold
E004085,单纯性疱疹,Other,1,gold
E004086,单纯性肩痛,Symptom,1,qwen
E004087,单纯疱疹病毒感染,Disease,1,gold
E004088,单纯的慢性充血、肥厚,Other,1,gold
E004089,单纯的甲状腺腺瘤,Disease,1,gold
E004090,单纯的肛门湿疹样改变,Other,1,gold
E004091,单纯的颈项强直,Other,1,gold
E004092,单脐动脉,Other,1,gold
E004093,占位,Other,1,gold
E004094,卡托普利,Other,1,gold
E004095,卧位,Other,1,gold
E004096,危及生命,Other,1,gold
E004097,"即将来临的危险、恐惧,或者厄运感等过度担心的体验和感受",AnatomicalSite,1,gold
E004098,卵巢-垂体-下丘脑这一性腺轴本身的调节机制出问题,AnatomicalSite,1,gold
E004099,"卵巢、乳腺等,这些器官都比较敏感",AnatomicalSite,1,gold
E004100,卵巢内囊性低回声,AnatomicalSite,1,gold
E004101,卵巢分泌激素水平紊乱,TestResult,1,gold
E004102,卵巢功能减退,PathologicalState,1,gold
E004103,卵巢功能衰退,PathologicalState,1,gold
E004104,卵巢单纯的蒂扭转,AnatomicalSite,1,gold
E004105,卵巢周期性的分泌雌性激素,TestResult,1,gold
E004106,"卵巢在排卵后,卵泡破溃处出血",Symptom,1,gold
E004107,卵巢局部的囊肿,Symptom,1,gold
E004108,卵巢排卵,AnatomicalSite,1,gold
E004109,"卵巢混合性回声的范围为3-4cm,甚至是5cm",AnatomicalSite,1,gold
E004110,卵巢萎缩,AnatomicalSite,1,gold
E004111,卵泡体积较大,Other,1,gold
E004112,卵泡发育不健全,Other,1,gold
E004113,卵泡发育不良,Other,1,gold
E004114,卵泡液比较多,Other,1,gold
E004115,"卵泡表面有大的血管,破裂的部位刚好是血管的部位",PathologicalState,1,gold
E004116,"压之可以褪色,抬手恢复正常的颜色",Other,1,gold
E004117,压之褪色,Other,1,gold
E004118,压力,Other,1,gold
E004119,压力变化,Other,1,gold
E004120,压力大,Other,1,gold
E004121,压力性紫癜,Other,1,gold
E004122,压疮,Other,1,gold
E004123,压迫了咽鼓管的咽口,AnatomicalSite,1,gold
E004124,压迫性紧缩感,Other,1,gold
E004125,压迫输尿管和直肠,AnatomicalSite,1,gold
E004126,压迫骶一神经根,Other,1,gold
E004127,厌恶油腻性的气味,Other,1,gold
E004128,原发性头痛,Symptom,1,gold
E004129,原发性恶性高血压,TestResult,1,gold
E004130,原发性癫痫,Disease,1,gold
E004131,原发性的性腺功能不全,PathologicalState,1,gold
E004132,原发性高血压,TestResult,1,gold
E004133,原发的腹膜炎,Disease,1,gold
E004134,原发肿瘤,Disease,1,gold
E004135,原因不明的血性溢液,Other,1,gold
E004136,原始心管搏动,AnatomicalSite,1,gold
E004137,原始疾病,Disease,1,gold
E004138,原本存在肌张力增高疾病,Disease,1,gold
E004139,去甲肾上腺素,AnatomicalSite,1,gold
E004140,双侧丘脑梗死,Disease,1,gold
E004141,双侧手足,AnatomicalSite,1,qwen
E004142,双侧的输尿管梗阻,PathologicalState,1,gold
E004143,双侧的额颞部闷胀痛,Symptom,1,gold
E004144,双侧眼眶刺激性丛集性疼痛,Symptom,1,gold
E004145,双侧瞳孔散大,Symptom,1,qwen
E004146,双侧肢体的瘫痪无力,ClinicalSign,1,gold
E004147,双侧腿酸痛、酸软、无力,ClinicalSign,1,gold
E004148,双侧附睾头囊肿,Symptom,1,gold
E004149,双手紧握拳,Other,1,gold
E004150,双眼单视功能障碍,PathologicalState,1,gold
E004151,"双眼就会急速发黄,这个黄是均匀一致的",AnatomicalSite,1,gold
E004152,双眼皮变窄,AnatomicalSite,1,gold
E004153,双眼皮消失或者是部分消失,AnatomicalSite,1,gold
E004154,"双肺下部及单侧肺下部不规则小片状模糊增高影,边缘密度不均匀",PathologicalState,1,gold
E004155,双肺多发结节,AnatomicalSite,1,gold
E004156,双肺纹理粗乱,AnatomicalSite,1,gold
E004157,双肾尿盐结晶,AnatomicalSite,1,gold
E004158,反复、规律性上腹部疼痛,Symptom,1,gold
E004159,反复发作的痛风,Symptom,1,gold
E004160,反复发现黄疸退了又出现,Other,1,gold
E004161,反复咳嗽、咳痰,Symptom,1,gold
E004162,反复喉咙痛,Symptom,1,gold
E004163,反复引起急性的发作,Other,1,gold
E004164,反复感染,PathologicalState,1,qwen
E004165,反复的便后脱出,Other,1,gold
E004166,反复的出现感冒,Disease,1,gold
E004167,反复的呼吸性鼻出血,ClinicalSign,1,gold
E004168,"反复的咳嗽、咳痰、低热、盗汗,持续两周以上",Symptom,1,gold
E004169,反复的挖鼻子、揉鼻子,AnatomicalSite,1,gold
E004170,反复的癫痫发作,Disease,1,gold
E004171,反射到膝部出现下肢疼痛不适,Symptom,1,gold
E004172,反射改变,Other,1,gold
E004173,反应性交感神经兴奋,Other,1,gold
E004174,反应性关节炎,Disease,1,gold
E004175,反杓型的高血压,TestResult,1,gold
E004176,反流,Other,1,gold
E004177,反流相关的咳嗽,Symptom,1,gold
E004178,发作性疾病,Disease,1,gold
E004179,"发作时间较长,达到癫痫持续状态",Disease,1,gold
E004180,发作频率较高,Other,1,gold
E004181,发展到一定程度,Other,1,gold
E004182,发抖,Other,1,gold
E004183,发炎比较重,Disease,1,gold
E004184,发烧3-6天后出现呼吸困难,ClinicalSign,1,gold
E004185,发烧的时候体温升高幅度比较大,Symptom,1,gold
E004186,发热可有可无,Symptom,1,gold
E004187,发热同时伴有反复恶心、呕吐、嗜睡,Symptom,1,gold
E004188,发生性生活困难,Other,1,gold
E004189,"发病5-10天以后,体温可以明显的骤降,或者是逐渐消退",Disease,1,gold
E004190,"发病初仅有干咳,以后表现支气管痉挛性喘息,能排出痰,以后逐渐的平和",Disease,1,gold
E004191,发病前往往有1-2天的上呼吸道感染症,Disease,1,gold
E004192,发笑,Other,1,gold
E004193,发绀,ClinicalSign,1,gold
E004194,发育阶段的少女,Other,1,gold
E004195,发胖,Other,1,gold
E004196,发闷,Other,1,gold
E004197,发音不清,Other,1,gold
E004198,发黑,Other,1,gold
E004199,取环,Other,1,gold
E004200,受伤时血液很难凝固,Other,1,gold
E004201,受体缺陷,Other,1,gold
E004202,受冷刺激,Other,1,gold
E004203,受凉后感冒发烧,Disease,1,gold
E004204,受到刺激,Other,1,gold
E004205,受到外力,Other,1,gold
E004206,受到惊吓,Other,1,gold
E004207,受到直接外力,Other,1,gold
E004208,受力,Other,1,gold
E004209,受精卵形成的时间不长,Other,1,gold
E004210,受精卵着床后开始恶心,Symptom,1,gold
E004211,变态反应性疾病,MedicalCategory,1,gold
E004212,口呼吸习惯者,ClinicalSign,1,gold
E004213,口唇及手足麻木,ClinicalSign,1,gold
E004214,口唇和指甲发绀,ClinicalSign,1,gold
E004215,口唇部位的红斑、水疱,MedicalCategory,1,gold
E004216,口干且喜欢饮水,RiskFactor,1,gold
E004217,口干但并不想喝水,Other,1,gold
E004218,口水流出来,Other,1,gold
E004219,口渴且饮水量多,RiskFactor,1,gold
E004220,口渴想多喝水,Other,1,gold
E004221,口眼歪斜,AnatomicalSite,1,gold
E004222,口腔不良习惯异常,PathologicalState,1,gold
E004223,口腔不适,AnatomicalSite,1,gold
E004224,口腔内牙龈处,AnatomicalSite,1,qwen
E004225,口腔出血吞入胃肠道,Symptom,1,gold
E004226,口腔卫生差,AnatomicalSite,1,gold
E004227,口腔异味,AnatomicalSite,1,gold
E004228,口腔感染了白色念珠菌,Disease,1,gold
E004229,口腔或咽部黏膜炎症及溃烂,Disease,1,gold
E004230,口腔炎,Disease,1,gold
E004231,口腔疱疹,AnatomicalSite,1,gold
E004232,口腔疾病,MedicalCategory,1,gold
E004233,口腔癌,Disease,1,gold
E004234,口腔的异常,PathologicalState,1,gold
E004235,"口腔黏膜,以及食管、肠道黏膜会有损伤",AnatomicalSite,1,gold
E004236,口腔黏膜斑,AnatomicalSite,1,gold
E004237,口苦目眩,Other,1,gold
E004238,另一侧的腮腺肿大,Symptom,1,gold
E004239,只喝少量热水,Other,1,gold
E004240,只能说几个简单的词汇,Other,1,gold
E004241,"可以触摸到硬块,以及条索状改变",Other,1,gold
E004242,可凹陷性水肿,ClinicalSign,1,gold
E004243,"可触及肿块,肿块质地光滑、较软",Symptom,1,gold
E004244,右上肢或者右下肢出现了感染,Disease,1,gold
E004245,右上腹的刺痛不适,Symptom,1,gold
E004246,右下颌骨的含牙囊肿,Symptom,1,gold
E004247,右侧下颌的智齿,Other,1,gold
E004248,右侧神经痛,Symptom,1,gold
E004249,右侧胸部出现疼痛,Symptom,1,gold
E004250,右侧腰背部放射性疼痛,Symptom,1,gold
E004251,右心室衰竭,AnatomicalSite,1,gold
E004252,右肝恶性肿瘤,Disease,1,gold
E004253,右胸肋骨骨折,Other,1,gold
E004254,右腿外侧边筋痛,Symptom,1,gold
E004255,右膝关节退行性变,Other,1,gold
E004256,叶酸,Treatment,1,qwen
E004257,叶酸和维生素b12缺乏,Other,1,gold
E004258,叹息性呼吸,ClinicalSign,1,gold
E004259,吃不好,Other,1,gold
E004260,吃不干净的东西,Other,1,gold
E004261,吃东西太多,Other,1,gold
E004262,吃了辛辣、刺激、生冷性的食物,RiskFactor,1,gold
E004263,吃了这种药之后出现拉肚子,Treatment,1,gold
E004264,吃了铁剂,Other,1,gold
E004265,吃墙皮,Other,1,gold
E004266,吃奶时无力,ClinicalSign,1,gold
E004267,吃完不洁净的食物,Other,1,gold
E004268,吃完此类药物之后再喝酒,Treatment,1,gold
E004269,"吃完药后,不能喝太多的水",Treatment,1,gold
E004270,吃得少,Other,1,gold
E004271,吃得慢,Other,1,gold
E004272,吃母乳或者奶粉的幼儿,Other,1,gold
E004273,吃煤渣,Other,1,gold
E004274,吃生冷、刺激、油炸类的食物,Other,1,gold
E004275,吃的比较多,Other,1,gold
E004276,吃的食物产气比较多,Other,1,gold
E004277,吃脂肪含量过高的食物,Other,1,gold
E004278,吃辛辣刺激性、凉的食物,RiskFactor,1,gold
E004279,吃过多药物,Treatment,1,gold
E004280,吃饭的时候,Other,1,gold
E004281,吃饭的时候喝了太多的水,Other,1,gold
E004282,各个脏器、浆膜腔的积液,Other,1,gold
E004283,各种栓子的脱落,Other,1,gold
E004284,各种精神因素,Other,1,gold
E004285,各种肾脏疾病,Disease,1,gold
E004286,各系统的损害,PathologicalState,1,gold
E004287,合并了细菌感染,Disease,1,gold
E004288,合并感染,Disease,1,gold
E004289,合并感染时会有臭味,Disease,1,gold
E004290,合并收缩压升高,Other,1,gold
E004291,合并细菌感染,Disease,1,gold
E004292,合并肝肾功能不全,PathologicalState,1,gold
E004293,合并肠结核,AnatomicalSite,1,gold
E004294,同侧偏头痛,Symptom,1,gold
E004295,同侧肢体共济失调,AnatomicalSite,1,gold
E004296,同型半胱氨酸升高,Other,1,gold
E004297,同房以后出血,Symptom,1,gold
E004298,同时接种其它疫苗,Treatment,1,gold
E004299,同时有鼻塞、打喷嚏、咳嗽、发烧,Symptom,1,gold
E004300,后交叉韧带损伤,Other,1,gold
E004301,后代智力障碍,Other,1,gold
E004302,后发性白内障,Other,1,gold
E004303,后天原因,Other,1,gold
E004304,后天的用眼不当,AnatomicalSite,1,gold
E004305,后天矫正,Treatment,1,qwen
E004306,后头部疼痛,Symptom,1,gold
E004307,后期肠腔变细,AnatomicalSite,1,gold
E004308,后脑勺有个骨头突出,AnatomicalSite,1,gold
E004309,后脑勺部位骨性突出不断的增大甚至有压痛,Symptom,1,gold
E004310,后脑勺部疼痛,Symptom,1,gold
E004311,后颅窝的占位性病变,Disease,1,gold
E004312,后颈部不适,Other,1,gold
E004313,后颈部肿块,Symptom,1,gold
E004314,吐酸水,Other,1,gold
E004315,向心性肥胖,RiskFactor,1,gold
E004316,吞咽,AnatomicalSite,1,gold
E004317,吞咽功能发育不完善,PathologicalState,1,gold
E004318,吞咽时甲状腺随喉部上下移动,AnatomicalSite,1,gold
E004319,吞咽梗阻感,PathologicalState,1,gold
E004320,吞咽障碍,AnatomicalSite,1,gold
E004321,吞食困难,Other,1,gold
E004322,含奶睡,Other,1,gold
E004323,含牙囊肿,Symptom,1,gold
E004324,听力存在障碍,Other,1,gold
E004325,听诊可闻及湿啰音,Other,1,gold
E004326,听诊可闻及第三心音,AnatomicalSite,1,gold
E004327,吵闹,Other,1,gold
E004328,吸入了真菌、动物的蛋白质、植物蛋白质以及尘螨等,Other,1,gold
E004329,吸入粉尘等大颗粒的有害物质,Other,1,gold
E004330,吸功能也会进一步下降,PathologicalState,1,gold
E004331,吸吮无力,ClinicalSign,1,gold
E004332,吸气时出现三凹症状,Disease,1,gold
E004333,吸氧不易缓解,Other,1,gold
E004334,吻合器痔上黏膜环切术,Other,1,gold
E004335,呃逆,Other,1,gold
E004336,呆小症,Disease,1,gold
E004337,呈端坐呼吸样,ClinicalSign,1,gold
E004338,"呈阵发性的,也是3-5分钟,重者可能10-15分钟,很少超过30分",Other,1,gold
E004339,呋喃类的抗生素,Other,1,gold
E004340,"呕吐,一粒米或者一滴水都进不下去",Symptom,1,gold
E004341,"呕吐,呕吐咖啡样物质,也就是黑色的液体",Symptom,1,gold
E004342,呕吐比较严重,Symptom,1,gold
E004343,周围性脱髓鞘疾病,MedicalCategory,1,gold
E004344,周围性面神经炎疾病,MedicalCategory,1,gold
E004345,周围牙龈肿痛,Symptom,1,gold
E004346,周围环境,Other,1,gold
E004347,周围皮肤出现潮红,AnatomicalSite,1,gold
E004348,周围组织水肿,ClinicalSign,1,gold
E004349,周围肌肉无力,ClinicalSign,1,gold
E004350,周围血管性疾病,Disease,1,gold
E004351,周围间隙感染,Disease,1,gold
E004352,周期性腹痛,Symptom,1,gold
E004353,周身不适,Other,1,gold
E004354,周身出现紫红色的丘疹,Other,1,gold
E004355,周身浮肿,Symptom,1,gold
E004356,周边椎体压缩,Other,1,gold
E004357,呼吸停止,ClinicalSign,1,gold
E004358,呼吸加快,ClinicalSign,1,gold
E004359,呼吸困难明显加重,ClinicalSign,1,gold
E004360,呼吸很快,ClinicalSign,1,gold
E004361,呼吸循环和心跳停止,ClinicalSign,1,gold
E004362,呼吸心跳停止,Symptom,1,qwen
E004363,呼吸抑制,ClinicalSign,1,gold
E004364,呼吸暂停,Symptom,1,qwen
E004365,呼吸暂停综合征,ClinicalSign,1,gold
E004366,呼吸浅快,ClinicalSign,1,gold
E004367,呼吸窘迫,ClinicalSign,1,gold
E004368,呼吸系统,AnatomicalSite,1,qwen
E004369,呼吸系统感染,Disease,1,gold
E004370,呼吸系统感染性疾病,Disease,1,gold
E004371,呼吸系统改变,ClinicalSign,1,gold
E004372,呼吸道合胞病毒,Disease,1,gold
E004373,呼吸道吸入物,ClinicalSign,1,gold
E004374,呼吸道或者胃肠道疾病,Disease,1,gold
E004375,呼吸道症状相对轻,Disease,1,gold
E004376,呼吸道的感染,Disease,1,gold
E004377,呼吸频率常达到30-50次/分,ClinicalSign,1,gold
E004378,呼吸频速,ClinicalSign,1,gold
E004379,咀嚼无力,ClinicalSign,1,gold
E004380,咀嚼痛,Symptom,1,gold
E004381,咀嚼的食物越来越精细,Other,1,gold
E004382,咖啡因,Other,1,gold
E004383,咖啡样或者黑色的改变,Other,1,gold
E004384,咬不碎富含纤维的蔬菜和瘦肉,Other,1,gold
E004385,咬东西会出现疼痛,Symptom,1,gold
E004386,咬合不适,Other,1,gold
E004387,咬合痛,Symptom,1,gold
E004388,咬指甲,Other,1,gold
E004389,咯痰,Other,1,gold
E004390,咯脓血痰,Other,1,gold
E004391,咯黄脓痰,Other,1,gold
E004392,咳喘,Symptom,1,gold
E004393,咳嗽性的晕厥,Symptom,1,gold
E004394,咳嗽时胸痛更加明显,Symptom,1,gold
E004395,咳嗽比较频繁,Symptom,1,gold
E004396,咳大量的脓痰,Symptom,1,gold
E004397,咳少许的白痰,Symptom,1,gold
E004398,咳得比较厉害,Symptom,1,gold
E004399,咳白痰,Symptom,1,gold
E004400,咳白色黏液痰,Symptom,1,gold
E004401,咳砖红色痰,Symptom,1,gold
E004402,咳粉红色泡沫痰,Symptom,1,gold
E004403,咳脓臭样的痰,Symptom,1,gold
E004404,咳铁锈样的痰,Symptom,1,gold
E004405,咳黄绿色的痰,Symptom,1,gold
E004406,咽喉经常发炎,Disease,1,gold
E004407,咽喉肿痛,Symptom,1,gold
E004408,咽喉部位容易干燥,Symptom,1,qwen
E004409,咽喉部充血、水肿,ClinicalSign,1,gold
E004410,咽喉部明显疼痛不适,Symptom,1,gold
E004411,咽喉黏膜有炎症,Disease,1,gold
E004412,咽峡部有疱疹,AnatomicalSite,1,gold
E004413,咽干,AnatomicalSite,1,gold
E004414,"咽炎同步的血尿,并伴随有血压增高",TestResult,1,gold
E004415,咽癌,Disease,1,gold
E004416,"咽部不适、干燥、疼痛,一般可持续1-2天",Symptom,1,gold
E004417,咽部的不适,AnatomicalSite,1,gold
E004418,咽部的刺激感觉,AnatomicalSite,1,gold
E004419,咽颊炎,Disease,1,gold
E004420,哭声也比较小,Other,1,gold
E004421,哭闹不止,Other,1,gold
E004422,哺乳期出现痒,Other,1,gold
E004423,唇燥而裂,Other,1,gold
E004424,唇舌肌动力平衡等疾病,Disease,1,gold
E004425,啰音出现较迟,Other,1,gold
E004426,喂养方式,Other,1,gold
E004427,喂奶的时候出现漏奶,Other,1,gold
E004428,喉上神经麻痹,AnatomicalSite,1,gold
E004429,喉咙水肿、出血,ClinicalSign,1,gold
E004430,喉咙疼痛,Symptom,1,gold
E004431,喉头水肿,ClinicalSign,1,gold
E004432,喉癌,Disease,1,gold
E004433,喉返神经麻痹,AnatomicalSite,1,gold
E004434,喉部梗阻,PathologicalState,1,gold
E004435,喘鸣,Other,1,gold
E004436,喘鸣音在室外就能听到,Other,1,gold
E004437,喜欢冷饮,Other,1,gold
E004438,喜欢吃辛辣刺激性的食物,RiskFactor,1,gold
E004439,喜食酸性的食物,Other,1,gold
E004440,喝可乐,Other,1,gold
E004441,喝咖啡,Other,1,gold
E004442,喝咖啡容易出现心跳加快,Symptom,1,gold
E004443,喝夜奶,Other,1,gold
E004444,喝大量的酒,Other,1,gold
E004445,喝水可能会有梗阻感甚至有灼痛感,Symptom,1,gold
E004446,喝浓茶、喝咖啡影响睡眠质量,Other,1,gold
E004447,喝牛奶,Other,1,gold
E004448,嗅觉障碍,Other,1,gold
E004449,嗓子干,Other,1,gold
E004450,嗓子有痰,Other,1,gold
E004451,嗓子痒、痛、不适,Symptom,1,gold
E004452,"嗓子的急性炎症,也可能是慢性炎症",Disease,1,gold
E004453,嗡嗡的低调响声为主,Other,1,gold
E004454,"嘴唇不易闭上,用力闭上,犹如口内满含食物的样子",RiskFactor,1,gold
E004455,嘴角歪斜,Other,1,gold
E004456,"器官或者组织发生病变后,局部细胞由于自我修复功能",Disease,1,gold
E004457,器官本身有炎症,Disease,1,gold
E004458,器官退化,Other,1,gold
E004459,"囊内还有大量的液体,这种液体往往是有臭味的、水样的",Other,1,gold
E004460,囊肿可通过舌盲孔与口腔相通,Symptom,1,gold
E004461,囊肿蒂扭转,Symptom,1,gold
E004462,四肢僵硬,AnatomicalSite,1,gold
E004463,四肢关节的酸痛,Symptom,1,gold
E004464,四肢发麻,AnatomicalSite,1,gold
E004465,四肢呈w状,AnatomicalSite,1,gold
E004466,四肢瘫,AnatomicalSite,1,gold
E004467,四肢的瘫痪,Symptom,1,qwen
E004468,四肢胀痛、酸麻,Symptom,1,gold
E004469,四肢轻微震颤,AnatomicalSite,1,gold
E004470,四肢酸痛,Symptom,1,gold
E004471,囟门隆起,Other,1,gold
E004472,围产期的孕妇出现腹部发硬,AnatomicalSite,1,gold
E004473,在2-3分钟以后仍无法得到缓解,Other,1,gold
E004474,在一些条件因素诱发下,Other,1,gold
E004475,"在不利因素的刺激下,比如受凉,损伤",RiskFactor,1,gold
E004476,在不良理化性质刺激,Other,1,gold
E004477,"在婴幼儿旁边放有声的玩具,他没有任何反应",Other,1,gold
E004478,"在孕晚期,尤其是孕37周以后",Other,1,gold
E004479,在孕期血糖过高,Other,1,gold
E004480,"在幼儿的舌面、两侧颊黏膜,以及嘴唇内侧黏膜看到白色伪膜",Other,1,gold
E004481,"在心脏收缩之后,不能够起到比较强的延续效果",AnatomicalSite,1,gold
E004482,"在怀孕的晚期,子宫增大到最大程度",AnatomicalSite,1,gold
E004483,在早期妊娠的时候已经有先兆流产的征兆,Other,1,gold
E004484,"在眼睑皮肤,没有疼痛症状",Disease,1,gold
E004485,在睑缘上,Other,1,gold
E004486,在粘蛋白沉积处可见较多的粘液母细胞增生,Other,1,gold
E004487,在红斑的基础上可以出现丘疹和脓疱,Other,1,gold
E004488,"在鼻部、两颊、前额、下巴等地方,可以发生对称性的红斑,可以随着刺激出现加重",AnatomicalSite,1,gold
E004489,坐姿不正确,Other,1,gold
E004490,坐时耸肩,Other,1,gold
E004491,坐的时间长久,Other,1,gold
E004492,坐立不宁,Other,1,gold
E004493,坐股神经痛,Symptom,1,gold
E004494,坐骨神经受到压迫,Other,1,gold
E004495,坐骨神经收到压迫,Other,1,gold
E004496,坐骨神经痛,Symptom,1,gold
E004497,坚果,Other,1,gold
E004498,垂体、肾上腺、甲状腺和性腺的功能状态,PathologicalState,1,gold
E004499,垂体催乳素瘤,Disease,1,gold
E004500,垂体梗死,Disease,1,gold
E004501,垂体的tsh瘤,Disease,1,gold
E004502,垂体肿瘤,Disease,1,gold
E004503,垂体腺瘤,Disease,1,gold
E004504,埃可病毒,Disease,1,gold
E004505,基因变异,PathologicalState,1,qwen
E004506,基底节区,AnatomicalSite,1,qwen
E004507,堵塞,Other,1,gold
E004508,堵塞颈动脉管腔,Other,1,gold
E004509,增加感染的概率,Disease,1,gold
E004510,增加的比较多,Other,1,gold
E004511,增加胎儿畸形,Other,1,gold
E004512,增加药流失败,Treatment,1,gold
E004513,增生加重,Other,1,gold
E004514,增生结节,Other,1,gold
E004515,声带充血、肥厚,Other,1,gold
E004516,"声音嘶哑,不伴有喉咙疼痛",Symptom,1,gold
E004517,"声音嘶哑,休息一段时间,声音嘶哑会减轻、消失",Other,1,gold
E004518,处理不好局部容易有感染,Disease,1,gold
E004519,处理不恰当、不及时,Other,1,gold
E004520,复发性关节脱位,Other,1,gold
E004521,复层扁平上皮细胞,Other,1,gold
E004522,复层扁平上皮细胞见于阴道上皮细胞脱落的尿中,Other,1,gold
E004523,夏天,Other,1,gold
E004524,夏天炎热,Disease,1,gold
E004525,外伤后手指末端受伤,RiskFactor,1,gold
E004526,外力接触,Other,1,gold
E004527,外感热病,Disease,1,gold
E004528,外敷活血化瘀、疏风止痛类药物,Treatment,1,qwen
E004529,外物进入到鼻腔,AnatomicalSite,1,gold
E004530,"外界污染的空气夹杂病毒,通过呼吸进入婴儿体内",Disease,1,gold
E004531,外界环境,Other,1,gold
E004532,外界的撞击作用,Other,1,gold
E004533,外痔,Other,1,gold
E004534,外科急腹症,Disease,1,gold
E004535,外耳道感染性囊肿,Disease,1,gold
E004536,外耳道疖肿,Symptom,1,gold
E004537,"外观呈软的扁平状的黄色斑块,略高于皮肤表面,不发生出血",Symptom,1,gold
E004538,外阴也会萎缩,Other,1,gold
E004539,外阴发黑,Other,1,gold
E004540,外阴灼痛,Symptom,1,gold
E004541,外阴的毛囊炎,Disease,1,gold
E004542,外阴红肿,Symptom,1,gold
E004543,外阴阴道假丝酵母菌病,Disease,1,gold
E004544,多个卵泡同时排出,Other,1,gold
E004545,多余水分和代谢废物无法排出,Other,1,gold
E004546,多发的肋骨骨折,Other,1,gold
E004547,多发结节,Other,1,gold
E004548,多器官功能衰竭,PathologicalState,1,gold
E004549,多囊卵巢综合症,Disease,1,gold
E004550,多尿,Other,1,gold
E004551,多巴胺,Other,1,gold
E004552,多次的宫腔操作,Other,1,gold
E004553,多毛,Other,1,gold
E004554,多汗,Other,1,gold
E004555,多汗、浸渍以后,Other,1,gold
E004556,多汗久治不愈,Other,1,gold
E004557,多种病原菌感染,Disease,1,gold
E004558,多种营养元素缺乏,Treatment,1,gold
E004559,多系统的受累,Other,1,gold
E004560,多结节性毒性甲状腺肿,Symptom,1,gold
E004561,多脏器功能衰竭,PathologicalState,1,qwen
E004562,多脏器的功能都会受到影响,PathologicalState,1,gold
E004563,多脏器的损害,PathologicalState,1,gold
E004564,多虑,Other,1,gold
E004565,多量气泡,Other,1,gold
E004566,多食,Other,1,gold
E004567,多饮,Other,1,gold
E004568,多饮水、多运动排石,RiskFactor,1,gold
E004569,夜尿增加,Other,1,gold
E004570,夜里做梦就梦到与消化道有关系的内容,Other,1,gold
E004571,"夜间人体的消化系统处于休息状态,消化速度较慢",Other,1,gold
E004572,夜间出现睡不着,Other,1,gold
E004573,夜间睡觉手发麻,Other,1,gold
E004574,夜间遗尿,Other,1,gold
E004575,大一点的宝宝,Other,1,gold
E004576,大人抵抗力低,RiskFactor,1,gold
E004577,大便也可能会出现绿色,Other,1,gold
E004578,大便习惯改变,Other,1,gold
E004579,大便减少、变稠,Symptom,1,gold
E004580,大便出现奶瓣和不消化食物,Other,1,gold
E004581,大便化验可能有红细胞、白细胞、潜血阳性,ExamProcedure,1,gold
E004582,大便呈碱性干燥,Other,1,gold
E004583,大便困难,Other,1,gold
E004584,大便失禁,Symptom,1,qwen
E004585,大便干,Other,1,gold
E004586,大便异常,PathologicalState,1,gold
E004587,大便性状有改变,Other,1,gold
E004588,"大便时出血,色鲜红,一般是滴血或者粪便上面有血丝",Symptom,1,gold
E004589,大便时息肉脱出,Other,1,gold
E004590,大便有较多的奶瓣,Other,1,gold
E004591,大便次数增多,Symptom,1,gold
E004592,大便比较干,Other,1,gold
E004593,大便深褐色,Other,1,gold
E004594,大便渗出肛门,Other,1,gold
E004595,大便潜血阳性,TestResult,1,gold
E004596,大便的时候患者疼痛难忍或伴有出血,Symptom,1,gold
E004597,大便稀溏,Other,1,gold
E004598,大便绿色,Other,1,gold
E004599,"大便表面变得凹凸不平,有凹槽或者变干,表面有脓血",Other,1,gold
E004600,大便颜色为绿色,Other,1,gold
E004601,大到一定程度,Other,1,gold
E004602,大剂量使用,Other,1,gold
E004603,大动脉炎,Disease,1,gold
E004604,大口深呼吸,ClinicalSign,1,gold
E004605,大囊肿,Symptom,1,gold
E004606,大姨妈的量特别多,Other,1,gold
E004607,大小便功能障碍,PathologicalState,1,gold
E004608,大汗,Other,1,gold
E004609,大汗腺分泌的一种细菌,RiskFactor,1,gold
E004610,大的栓子在肺动脉主干或者是主要的分支停留,AnatomicalSite,1,gold
E004611,大的肌瘤,Disease,1,gold
E004612,大眼袋,AnatomicalSite,1,gold
E004613,大细胞肺癌,Disease,1,gold
E004614,大肠杆菌,AnatomicalSite,1,gold
E004615,大肠癌,Disease,1,gold
E004616,大脑供血不足,AnatomicalSite,1,gold
E004617,大脑动脉硬化,PathologicalState,1,gold
E004618,大脑皮质功能受到了严重的影响,PathologicalState,1,gold
E004619,大脑皮质病变,Disease,1,gold
E004620,大腿出现抽筋,Other,1,gold
E004621,大腿外侧的疼痛,Symptom,1,gold
E004622,大腿外侧皮肤的感觉麻木、疼痛,ClinicalSign,1,gold
E004623,大腿淤青,Other,1,gold
E004624,大腿的痉挛、抽筋,Other,1,gold
E004625,大量使用减肥的药物,Treatment,1,gold
E004626,大量便血,Symptom,1,gold
E004627,大量出汗毛囊孔堵塞细菌感染,Disease,1,gold
E004628,大量失血,Other,1,gold
E004629,大量摄入食物后,Other,1,gold
E004630,大量服用绿色蔬菜,Treatment,1,gold
E004631,大量泡沫尿,Other,1,gold
E004632,大量痰液分泌物,Other,1,gold
E004633,大量痰液淤积,Other,1,gold
E004634,大量的积水,Other,1,gold
E004635,大量腹水,Other,1,gold
E004636,大量运动,Other,1,gold
E004637,大量饮酒,RiskFactor,1,qwen
E004638,大面积心梗,AnatomicalSite,1,gold
E004639,大面积的心梗,AnatomicalSite,1,gold
E004640,大龄儿童,Other,1,gold
E004641,天气过热或过冷,Other,1,gold
E004642,天癸、冲任、胞宫的功能失调,PathologicalState,1,gold
E004643,天花病毒感染,Disease,1,gold
E004644,太息(长出气),Other,1,gold
E004645,太阳光下不敢睁眼,AnatomicalSite,1,gold
E004646,太阳穴出现跳痛,Symptom,1,gold
E004647,"夫妻双方的心理关系,以及家庭环境的这些危害",AnatomicalSite,1,gold
E004648,失明,Other,1,gold
E004649,失眠症,Disease,1,gold
E004650,头后仰,Other,1,gold
E004651,头憋胀,Other,1,gold
E004652,头晕持续存在,Symptom,1,gold
E004653,头晕的程度比较重,Symptom,1,gold
E004654,头晕目眩,Symptom,1,qwen
E004655,头晕眼花,Symptom,1,qwen
E004656,头痛呕吐比较厉害,Symptom,1,gold
E004657,头癣,Other,1,gold
E004658,头皮上可以表现为红斑、鳞屑,MedicalCategory,1,gold
E004659,头皮局部隆起,Other,1,gold
E004660,头皮的红斑、鳞屑,Other,1,gold
E004661,头部、颈部疼痛,Symptom,1,gold
E004662,头部在撞击以后,Other,1,gold
E004663,头部疼痛,Symptom,1,gold
E004664,头部的血管出现收缩,Other,1,gold
E004665,头部遭受外力的打击,Other,1,gold
E004666,头颈不舒服,Other,1,gold
E004667,夹杂着病毒的污染的空气吸入到肺和气管内,Disease,1,gold
E004668,奥美拉唑,Treatment,1,qwen
E004669,女人小肚子增大,Other,1,gold
E004670,女宝宝可能出生之后5-7天,Other,1,gold
E004671,女性乳头出现溢液,Other,1,gold
E004672,女性受孕概率降低,Other,1,gold
E004673,女性在怀孕后,Other,1,gold
E004674,女性在怀孕时雌激素和雌激素分泌过高,TestResult,1,gold
E004675,女性在怀孕期间或在哺乳期间出现生理性溢液,Other,1,gold
E004676,女性在月经期间,Other,1,gold
E004677,女性在月经期间雌激素下降,TestResult,1,gold
E004678,女性外阴与肛门和尿道的距离较近,Other,1,gold
E004679,女性容易出汗往往还伴随着月经不调,Other,1,gold
E004680,女性小肚子大,Other,1,gold
E004681,女性患者脚肿,Symptom,1,gold
E004682,女性月经不调,Other,1,gold
E004683,女性消化系统的问题,Other,1,gold
E004684,女性激素,MedicalCategory,1,qwen
E004685,女性激素非常好,TestResult,1,gold
E004686,女性生理期,Other,1,gold
E004687,女性生育器官存在异常,PathologicalState,1,gold
E004688,女性的排卵推迟,Other,1,gold
E004689,女性的月经期,Other,1,gold
E004690,女性的特点,Other,1,gold
E004691,女性的生殖器官也会受到损伤,Other,1,gold
E004692,女性的病变,Disease,1,gold
E004693,女性胳膊特别细,Other,1,gold
E004694,女性腹部的不适,AnatomicalSite,1,gold
E004695,女性还会有阴道出血,Symptom,1,gold
E004696,女性进入更年期之后,Other,1,gold
E004697,女性长胡须,Other,1,gold
E004698,"女性阴道炎已经治愈,但男性带菌",Disease,1,gold
E004699,女方不配合,Other,1,gold
E004700,女生胸里面的硬块疼,Symptom,1,gold
E004701,奶中糖量不足,Other,1,gold
E004702,奶粉过敏,RiskFactor,1,gold
E004703,好发于面部中央,Other,1,gold
E004704,妇女特发性水肿,ClinicalSign,1,gold
E004705,妇科慢性炎症,Disease,1,gold
E004706,妇科炎症,Disease,1,gold
E004707,妈妈过于疲劳,Other,1,gold
E004708,妈妈过于疲劳影响休息,Other,1,gold
E004709,妊娠不良结局,Other,1,gold
E004710,妊娠妇女,Other,1,gold
E004711,妊娠期的高血压,TestResult,1,gold
E004712,妊娠期间,Other,1,gold
E004713,妊娠期高血压疾病,TestResult,1,gold
E004714,妊娠期高血糖,Other,1,gold
E004715,妊娠滋养细胞肿瘤,Disease,1,gold
E004716,"始终心跳都在106次/分,在休息时也很快",Symptom,1,gold
E004717,姿势平衡障碍,Other,1,gold
E004718,"姿势时间长了出现,活动以后好转",Other,1,gold
E004719,"婴儿口腔比较浅,唾液腺开始发育,唾液分泌增多",Symptom,1,gold
E004720,婴儿本身呼吸道免疫功能低下,ClinicalSign,1,gold
E004721,婴儿活动量比较少,Other,1,gold
E004722,婴儿添加辅食后如果辅食添加的不好,Other,1,gold
E004723,婴儿由于免疫力低,Other,1,gold
E004724,婴儿的手心出汗,AnatomicalSite,1,gold
E004725,婴儿胃肠蠕动比较慢,AnatomicalSite,1,gold
E004726,"婴儿进食太少,消化后液体吸收,余渣少",Other,1,gold
E004727,婴幼儿,Other,1,gold
E004728,婴幼儿会由于存在听力障碍,Other,1,gold
E004729,婴幼儿时期胃肠道的消化功能比较弱,PathologicalState,1,gold
E004730,"子宫内膜,由于过度的损伤",AnatomicalSite,1,gold
E004731,子宫内膜偏薄,AnatomicalSite,1,gold
E004732,子宫内膜出现增厚,AnatomicalSite,1,gold
E004733,子宫内膜出现损伤,AnatomicalSite,1,gold
E004734,子宫内膜增生过长,AnatomicalSite,1,gold
E004735,子宫内膜异常,PathologicalState,1,gold
E004736,子宫内膜息肉,AnatomicalSite,1,gold
E004737,子宫内膜无法修复,AnatomicalSite,1,gold
E004738,子宫内膜比较厚,AnatomicalSite,1,gold
E004739,子宫内膜炎症,Disease,1,gold
E004740,子宫内膜的脱落,AnatomicalSite,1,gold
E004741,子宫内膜脱落,AnatomicalSite,1,gold
E004742,子宫内膜脱落而来月经,AnatomicalSite,1,gold
E004743,子宫内膜随着月经周期就会逐渐的生长,AnatomicalSite,1,gold
E004744,子宫出现不规则的出血,Symptom,1,gold
E004745,子宫发育不全,AnatomicalSite,1,gold
E004746,子宫发育不良,AnatomicalSite,1,gold
E004747,子宫发育迟缓,AnatomicalSite,1,gold
E004748,子宫均匀性的增大,AnatomicalSite,1,gold
E004749,子宫寒凉,AnatomicalSite,1,gold
E004750,子宫平滑肌收缩,AnatomicalSite,1,gold
E004751,子宫收缩不好,AnatomicalSite,1,gold
E004752,子宫腔比较大,AnatomicalSite,1,gold
E004753,子宫造成直接的冲击,AnatomicalSite,1,gold
E004754,孕12-14周,Other,1,gold
E004755,孕9-10周,Other,1,gold
E004756,孕吐反应,Symptom,1,qwen
E004757,孕妇,Other,1,gold
E004758,孕妇吃葡萄糖,Other,1,gold
E004759,孕早期雌孕激素高分泌,TestResult,1,gold
E004760,孕期,Other,1,gold
E004761,孕期出现腹部发硬,AnatomicalSite,1,gold
E004762,孕激素会不停的增长,TestResult,1,gold
E004763,孕激素升高,TestResult,1,gold
E004764,孕激素水平较低,TestResult,1,gold
E004765,存在异常姿势,PathologicalState,1,gold
E004766,存在影响疗效的原因,Other,1,gold
E004767,存在阴道炎症,Disease,1,gold
E004768,学生考试,Other,1,gold
E004769,孩子会出现异常莫名的哭闹、异常的发脾气,PathologicalState,1,gold
E004770,孩子会比较难受,Other,1,gold
E004771,孩子发烧的时候手脚发烫,Symptom,1,gold
E004772,孩子发生多颗牙的茎部龋齿,Other,1,gold
E004773,孩子只有在用力时,RiskFactor,1,gold
E004774,孩子吃的比较多,Other,1,gold
E004775,孩子喂养困难,Other,1,gold
E004776,"孩子喜欢吃肉,吃蔬菜和纤维素的食物少",Other,1,gold
E004777,孩子容易疲乏,Other,1,gold
E004778,孩子感染,Disease,1,gold
E004779,孩子流鼻涕时间比较长,AnatomicalSite,1,gold
E004780,孩子穿衣服,Other,1,gold
E004781,"孩子突然哭闹不安、烦躁很厉害,或精神萎靡",Other,1,gold
E004782,孩子脾胃虚弱,AnatomicalSite,1,gold
E004783,孩子血胆红素水平太高,TestResult,1,gold
E004784,孩子说话的能力要比同龄儿要差,Other,1,gold
E004785,孩子长期处紧张、焦虑、压力比较大的情况下,Other,1,gold
E004786,安坦,Other,1,gold
E004787,安眠药,Treatment,1,gold
E004788,完全的意识丧失,MedicalCategory,1,gold
E004789,完全移位,Other,1,gold
E004790,完全粘连,PathologicalState,1,gold
E004791,宝宝体重高于标准的20%,Other,1,gold
E004792,宝宝出现肚子胀,Other,1,gold
E004793,宝宝发烧,Symptom,1,gold
E004794,宝宝接种疫苗,Treatment,1,gold
E004795,宝宝生长发育,Other,1,qwen
E004796,宝宝的生长发育会产生非常大的危害,Other,1,gold
E004797,宝宝精神欠佳,Other,1,gold
E004798,宝宝经常处于睡眠状态,Other,1,gold
E004799,宝宝腿部骨骼的变形,Other,1,gold
E004800,宝宝足外翻,Other,1,gold
E004801,实体器官的肿瘤,Disease,1,gold
E004802,室性心动过速,AnatomicalSite,1,gold
E004803,室扑,Other,1,gold
E004804,室温过高,Other,1,gold
E004805,宫腔操作后导致内膜变薄、粘连,PathologicalState,1,gold
E004806,宫腔操作病史,Disease,1,gold
E004807,宫腔灌注,Other,1,gold
E004808,宫腔的积脓,Other,1,gold
E004809,宫腔黏连,Other,1,gold
E004810,宫颈炎,Disease,1,gold
E004811,宫颈的炎症,Disease,1,gold
E004812,宫颈糜烂,Other,1,gold
E004813,家庭无创呼吸机治疗,Treatment,1,qwen
E004814,家庭氧疗,Treatment,1,qwen
E004815,家族有胃癌病史,Disease,1,gold
E004816,家族的智力低下,Other,1,gold
E004817,家族贫血病史,Disease,1,gold
E004818,家族遗传因素,Other,1,gold
E004819,容易出现扭伤,Other,1,gold
E004820,容易反反复复发作,Other,1,gold
E004821,容易嗜睡,Other,1,gold
E004822,容易感染,Disease,1,gold
E004823,容易激动,Other,1,gold
E004824,容易羅患各种疾病,Disease,1,gold
E004825,容易自责,Other,1,gold
E004826,容易裂口,Other,1,gold
E004827,寒冷的刺激,Other,1,gold
E004828,寒战反射,Other,1,gold
E004829,寒湿腰痛,Symptom,1,gold
E004830,寒颤,Other,1,gold
E004831,对乙酰氨基酚,Treatment,1,qwen
E004832,对人体心脏产生一定损害,PathologicalState,1,gold
E004833,对侧肢体痛觉、温度觉减退,Symptom,1,gold
E004834,对侧肢体轻微乏力、活动不利,Symptom,1,gold
E004835,对冷热感觉的减弱或消失,Other,1,gold
E004836,对别人说话的反应会比较的迟钝,Other,1,gold
E004837,对前列腺素比较敏感,AnatomicalSite,1,gold
E004838,对咖啡因比较敏感,Other,1,gold
E004839,对外界的刺激反应迟钝或者丧失,Symptom,1,gold
E004840,对外界的反应比较低,Other,1,gold
E004841,对多种细菌的耐药,PathologicalState,1,qwen
E004842,对女性身体会有影响,Other,1,gold
E004843,对孩子的心理发育及社交活动造成影响,AnatomicalSite,1,gold
E004844,对孩子造成伤害,Other,1,gold
E004845,对小腿的感觉神经以及细胞产生毒害作用,Other,1,gold
E004846,对尘螨、家具、油漆过敏,RiskFactor,1,gold
E004847,对患者的身心都会造成不良的影响,AnatomicalSite,1,gold
E004848,对月经有一定的影响,Other,1,gold
E004849,对机体的损伤也会比较大,Other,1,gold
E004850,对母体和胎儿都造成严重的影响,Other,1,gold
E004851,对温度反应异常,PathologicalState,1,gold
E004852,对生育能力产生影响,Other,1,gold
E004853,对男性的性心理常常会产生不良影响,AnatomicalSite,1,gold
E004854,对眼眶周围的组织和神经有强烈的刺激,AnatomicalSite,1,gold
E004855,对社会交往能力、工作造成影响,Other,1,gold
E004856,对神经、血管、脊髓产生压迫,Other,1,gold
E004857,对肝脏的累及损伤越大,AnatomicalSite,1,gold
E004858,对肾功能有影响,PathologicalState,1,gold
E004859,对花粉、冷空气等特殊物质过敏,RiskFactor,1,gold
E004860,"对视神经、视网膜,还有其它的组织、器官造成一些不好的影响",Other,1,gold
E004861,对身体健康是有危害,Other,1,gold
E004862,对身体健康造成极大影响,Other,1,gold
E004863,对附睾实质造成一定的挤压,Other,1,gold
E004864,对食物尤其是蛋白质和脂肪消化就会产生影响,Other,1,gold
E004865,对食物无兴趣,Other,1,gold
E004866,对黏膜有影响、会有红肿,Symptom,1,gold
E004867,寻常型银屑病,Disease,1,gold
E004868,寻常型银屑病演变为特殊类型的银屑病,Disease,1,gold
E004869,导致发烧的病因还持续性存在,Disease,1,gold
E004870,射精延迟,Other,1,gold
E004871,射精过快,Other,1,gold
E004872,射线,Other,1,gold
E004873,射频热凝治疗,Treatment,1,gold
E004874,将白带以及病原菌冲出,Disease,1,gold
E004875,"小便中可出现类似洗衣粉样的泡沫,经久不消",Other,1,gold
E004876,小便有大蒜味,Other,1,gold
E004877,小便颜色异常,PathologicalState,1,gold
E004878,小儿感冒宁合剂,Treatment,1,qwen
E004879,小儿淋巴结肿大,Symptom,1,gold
E004880,小动脉的病理改变,Disease,1,gold
E004881,小婴儿,Other,1,gold
E004882,小孩出现肺虚咳嗽,Symptom,1,gold
E004883,小孩子总是出现半夜发烧,Symptom,1,gold
E004884,小孩子突然出现胸闷、气促很厉害或心跳异常增高,Symptom,1,gold
E004885,小孩换牙之后,Other,1,gold
E004886,小孩精神较差,Other,1,gold
E004887,小孩高烧可持续2-3周,Other,1,gold
E004888,小月龄孩子的食物过敏,RiskFactor,1,gold
E004889,小的丘疹炎症性表现,Disease,1,gold
E004890,小细胞低色素性贫血,Other,1,gold
E004891,小肠癌,Disease,1,gold
E004892,小脑扁桃体疝,AnatomicalSite,1,gold
E004893,小脑脑干出血或者是梗死,Disease,1,gold
E004894,小脑角区的听神经瘤,Disease,1,gold
E004895,小腹坠胀感,Other,1,gold
E004896,小腹部不舒服,AnatomicalSite,1,gold
E004897,"小腿后方腓肠肌区域的隐隐作痛,或者是牵扯样疼痛",Symptom,1,gold
E004898,小腿抽筋,Other,1,gold
E004899,小腿的感觉神经以及细胞产生毒害作用,Other,1,gold
E004900,小腿肚子有酸胀感,Other,1,gold
E004901,小腿进行无氧代谢,Other,1,gold
E004902,小静脉淋巴回流障碍,Other,1,gold
E004903,小飞燕,Treatment,1,qwen
E004904,小麦,Other,1,gold
E004905,少动,Other,1,gold
E004906,少咳,Symptom,1,gold
E004907,少精,Other,1,gold
E004908,少精子症,Disease,1,gold
E004909,少量咳血,Symptom,1,gold
E004910,少量的血性分泌物,Other,1,gold
E004911,少量的阴道流血,Other,1,gold
E004912,少量阴道流血,Other,1,gold
E004913,少量黏痰,Other,1,gold
E004914,尖足,Other,1,gold
E004915,尖锐生长、鸡冠样生长、像蘑菇样生长的一些赘生物,Other,1,gold
E004916,尺神经损伤,Other,1,gold
E004917,"尿中就是有红细胞,没有白细胞",Other,1,gold
E004918,尿中性氨基酸增多,Symptom,1,gold
E004919,尿便障碍,Symptom,1,qwen
E004920,尿多,Other,1,gold
E004921,尿少,Other,1,gold
E004922,尿崩,Other,1,gold
E004923,尿常规出现白细胞(+),Other,1,gold
E004924,尿常规检查中潜血(++),ExamProcedure,1,gold
E004925,尿急排尿压力大,Other,1,gold
E004926,尿急迫,Other,1,gold
E004927,尿每次量少,Symptom,1,qwen
E004928,尿液中可以存在气泡,Other,1,gold
E004929,尿液中就会存在细小的结石颗粒,Other,1,gold
E004930,尿液中形成血凝块,Other,1,gold
E004931,尿液中沉淀物增多,Symptom,1,gold
E004932,尿液从尿道外口流出,Other,1,gold
E004933,尿液发红,Other,1,gold
E004934,尿液可能会出现烂苹果味,Other,1,gold
E004935,尿液当中尿的白血球、红血球会比较高,Other,1,gold
E004936,尿液白细胞酯酶阳性,TestResult,1,gold
E004937,尿液的黄染,Other,1,gold
E004938,尿液里面有少量的蛋白或者是少量的红血球,Other,1,gold
E004939,尿等待,Other,1,gold
E004940,尿素氮和肌酐会升高,Other,1,gold
E004941,尿线中断,Other,1,gold
E004942,尿结晶没有及时排出肾脏,AnatomicalSite,1,gold
E004943,尿色发黄,Other,1,gold
E004944,尿蛋白更加不容易下降,PathologicalState,1,gold
E004945,尿蛋白进行性增高,PathologicalState,1,gold
E004946,尿血,Other,1,gold
E004947,尿速增加时,Other,1,gold
E004948,尿道内分泌物增多,Symptom,1,gold
E004949,尿道内隐约疼痛感,Symptom,1,gold
E004950,尿道刺激征,Other,1,gold
E004951,尿道口的疼痛,Symptom,1,gold
E004952,尿道异物感或者阻塞感,Other,1,gold
E004953,尿道持续性的刺痛,Symptom,1,gold
E004954,尿道海绵体,Other,1,gold
E004955,尿道里的微生物反向感染到精囊里,Disease,1,gold
E004956,尿酪氨酸亦增高,PathologicalState,1,gold
E004957,尿酮体阳性,TestResult,1,gold
E004958,尿酸偏高长期在体内聚积,Other,1,gold
E004959,尿量异常变化,PathologicalState,1,gold
E004960,局灶腺瘤性增生,Disease,1,gold
E004961,局灶节段硬化性肾小球肾炎,Disease,1,gold
E004962,局部会水肿、瘙痒明显,ClinicalSign,1,gold
E004963,局部伴随红肿,Symptom,1,gold
E004964,局部冠周炎的急性发作,Disease,1,gold
E004965,局部出现瘙痒,Symptom,1,gold
E004966,局部出血加重,Symptom,1,gold
E004967,局部包块,Other,1,gold
E004968,局部卫生较差,Other,1,gold
E004969,局部压痛,Symptom,1,gold
E004970,局部反复的消毒、清创处理,Treatment,1,qwen
E004971,局部发红、发烫,Other,1,gold
E004972,局部可以有瘙痒,Symptom,1,gold
E004973,局部可能会有疼痛,Symptom,1,gold
E004974,局部囊性病变,Disease,1,gold
E004975,局部容易发生错位,Other,1,gold
E004976,局部封闭治疗,Treatment,1,gold
E004977,局部小包块,Other,1,gold
E004978,局部感染症状以稍痒为主,Disease,1,gold
E004979,局部抵抗力下降,PathologicalState,1,gold
E004980,局部按摩,Treatment,1,qwen
E004981,局部按摩或扣击症状很快的减轻,Disease,1,gold
E004982,局部有感染,Disease,1,gold
E004983,局部有无菌性的炎症,Disease,1,gold
E004984,局部有明显的凸起、按压有弹跳感,Other,1,gold
E004985,局部有泡样的隆起,Other,1,gold
E004986,局部有炎症性的疼痛,Disease,1,gold
E004987,局部比较典型的红、肿、热、痛,Symptom,1,gold
E004988,局部水肿,ClinicalSign,1,gold
E004989,局部水钠潴留,PathologicalState,1,gold
E004990,局部淋巴结的转移,Other,1,gold
E004991,局部潮湿,Other,1,gold
E004992,局部炎症充血明显,Disease,1,gold
E004993,局部炎症渗出,PathologicalState,1,qwen
E004994,局部照射,Other,1,gold
E004995,局部疼痛,Symptom,1,gold
E004996,局部痒、肿,Symptom,1,gold
E004997,"局部瘀点,瘀斑",Other,1,gold
E004998,局部瘙痒,Symptom,1,gold
E004999,局部的丘疹、水疱、红肿,Symptom,1,gold
E005000,局部的淋巴结增大,Other,1,gold
E005001,局部的炎症,Disease,1,gold
E005002,局部的红、肿、热、痛,Symptom,1,gold
E005003,局部的红肿或者是刺痛感,Symptom,1,gold
E005004,局部的软组织损伤,Other,1,gold
E005005,局部的酸性代谢产物堆积,Other,1,gold
E005006,局部皮肤也会出现红肿、疼痛,Symptom,1,gold
E005007,局部皮肤会有沿条状、带状分布的水疱,AnatomicalSite,1,gold
E005008,局部皮肤出现水疱样,AnatomicalSite,1,gold
E005009,局部皮肤发红,AnatomicalSite,1,gold
E005010,局部皮肤发黑,AnatomicalSite,1,gold
E005011,局部皮肤感染,Disease,1,gold
E005012,局部皮肤的红肿、瘙痒,Symptom,1,gold
E005013,局部积脓,Other,1,gold
E005014,局部组织水肿,ClinicalSign,1,gold
E005015,局部组织的愈合减慢,PathologicalState,1,qwen
E005016,局部细菌分解大汗腺分泌的有机物造成的气味,RiskFactor,1,gold
E005017,局部细菌感染,Disease,1,gold
E005018,局部缺损变大,PathologicalState,1,qwen
E005019,局部缺损大,PathologicalState,1,qwen
E005020,局部肢体运动神经受损,PathologicalState,1,qwen
E005021,局部脱皮、脱屑,Other,1,gold
E005022,局部腹部压痛,Symptom,1,gold
E005023,局部膨隆,Other,1,gold
E005024,局部血液循环不畅,Other,1,gold
E005025,局部血液循环不良,Other,1,gold
E005026,"局部角质层增厚,是一片蜡黄色,像脚垫样的改变",Other,1,gold
E005027,局部还容易出现脓性分泌物聚积,Other,1,gold
E005028,"局部颅骨变薄,破坏",Other,1,gold
E005029,局限性的压痛不伴有其他部位放射痛,Symptom,1,gold
E005030,屈伸关节、活动关节时,Other,1,gold
E005031,屈光不正性弱视,Other,1,gold
E005032,屈光参差,Other,1,gold
E005033,屈光参差性弱视,Other,1,gold
E005034,屈肌腱鞘,AnatomicalSite,1,qwen
E005035,屈背,Other,1,gold
E005036,屈髋的时候,Other,1,gold
E005037,山楂,Other,1,gold
E005038,工作不能进行下去,Other,1,gold
E005039,工作压力过大,Other,1,gold
E005040,工作效率和生产力下降,PathologicalState,1,gold
E005041,工作生活的压力,Other,1,gold
E005042,工作的原因,Other,1,gold
E005043,左上腹不适,Other,1,gold
E005044,左侧肋骨下隐隐疼痛,Symptom,1,gold
E005045,左侧肋骨的下面出现隐隐的作痛,Symptom,1,gold
E005046,"左半个脑袋逐渐出现头痛,而且呈缓慢加重的趋势",Symptom,1,gold
E005047,左半边脑袋疼,Symptom,1,gold
E005048,左向右分流型先天性心脏病,Disease,1,gold
E005049,左向右分流型的心脏病,Disease,1,gold
E005050,左室或者是全心的扩大,AnatomicalSite,1,gold
E005051,左心功能失代偿,PathologicalState,1,gold
E005052,左心的压力明显高于右心,AnatomicalSite,1,gold
E005053,左胸痛,Symptom,1,gold
E005054,左颈总动脉斑块,Other,1,gold
E005055,巨大的瘤子样生长,Disease,1,gold
E005056,巨幼细胞性贫血,Other,1,gold
E005057,巨细胞病毒性肝炎,Disease,1,gold
E005058,布洛芬,Treatment,1,qwen
E005059,帕金森,Other,1,gold
E005060,带状疱疹发病前期,Disease,1,gold
E005061,带状疱疹痛,Disease,1,qwen
E005062,带着石膏下地行走,Other,1,gold
E005063,常常会做噩梦,Other,1,gold
E005064,常常做梦就做肿瘤方面的梦境,Disease,1,gold
E005065,常年吸烟,RiskFactor,1,gold
E005066,常有晨起时疼痛,Symptom,1,gold
E005067,常染色体显性遗传病,MedicalCategory,1,gold
E005068,"帽状腱膜下血肿,呈高密度影",Symptom,1,gold
E005069,干呕不止,Other,1,gold
E005070,"平常不爱说话,现在话很多",Other,1,gold
E005071,"平常爱说爱笑,现在沉默不语了",Other,1,gold
E005072,平日喜吃辛辣食物,RiskFactor,1,gold
E005073,平时的饮食以及生活习惯,RiskFactor,1,gold
E005074,平时表现比较安静、少动、食欲比较差,MedicalCategory,1,gold
E005075,平滑肌瘤,Disease,1,gold
E005076,平躺着睡觉,Other,1,gold
E005077,年轻人出现手脸发麻,Other,1,gold
E005078,年轻女性乳房内伴有恶性肿瘤,Disease,1,gold
E005079,年轻患者,Other,1,gold
E005080,年长儿,Other,1,gold
E005081,年龄低于6岁,RiskFactor,1,gold
E005082,年龄因素衰老,RiskFactor,1,gold
E005083,年龄增长,RiskFactor,1,gold
E005084,年龄老化,RiskFactor,1,gold
E005085,年龄问题,RiskFactor,1,gold
E005086,并发膝关节旋转不稳定,Other,1,gold
E005087,幽门功能失调,PathologicalState,1,gold
E005088,幽门螺旋杆菌感染,Disease,1,gold
E005089,幽门螺杆菌,Other,1,gold
E005090,广泛堵塞,Other,1,gold
E005091,应激,Other,1,gold
E005092,康复功能锻炼,Treatment,1,qwen
E005093,康复治疗,Treatment,1,qwen
E005094,延迟愈合,Other,1,gold
E005095,延髓梗塞,Other,1,gold
E005096,开放性颅脑损伤,AnatomicalSite,1,gold
E005097,异常活动,PathologicalState,1,gold
E005098,异常的肌力和肌张力,PathologicalState,1,gold
E005099,引起孩子湿疹的过敏原持续存在,RiskFactor,1,gold
E005100,张力高,Other,1,gold
E005101,张口受限,Other,1,gold
E005102,弥漫性的肺间质纤维化,AnatomicalSite,1,gold
E005103,弥漫性肿大,Symptom,1,gold
E005104,弱精,Other,1,gold
E005105,强烈偏爱某一种质地或某一种味道的食物,Other,1,gold
E005106,强的松,Treatment,1,qwen
E005107,强迫,Other,1,gold
E005108,强迫坐位,Other,1,gold
E005109,形成动脉夹层,Other,1,gold
E005110,形成肺动脉栓塞,AnatomicalSite,1,gold
E005111,形觉剥夺性弱视,Other,1,gold
E005112,影响优生优育,Other,1,gold
E005113,影响内分泌,Other,1,gold
E005114,影响分娩方式,Other,1,gold
E005115,影响到听力的改变,Other,1,gold
E005116,影响到正常的性能力和生育能力,Other,1,gold
E005117,影响到病人的睡眠,Disease,1,gold
E005118,影响到精子质量,Other,1,gold
E005119,影响到药物的效果发挥,Treatment,1,gold
E005120,影响卵巢的功能,PathologicalState,1,gold
E005121,影响奶量的产生,Other,1,gold
E005122,影响妊娠,Other,1,gold
E005123,影响学习、工作、正常生活,Other,1,gold
E005124,影响孩子的健康和生长发育,Other,1,gold
E005125,影响孩子的发育,Other,1,gold
E005126,影响工作和生活,Other,1,gold
E005127,影响平时的工作和生活,Other,1,gold
E005128,影响患者的凝血功能,PathologicalState,1,gold
E005129,影响手指末梢血液循环,Other,1,gold
E005130,影响新生儿的口腔发育,AnatomicalSite,1,gold
E005131,影响正常的咀嚼功能,PathologicalState,1,gold
E005132,影响毛发的生长,Other,1,gold
E005133,影响消化,Other,1,gold
E005134,影响生育,Other,1,gold
E005135,影响病人的睡眠,Disease,1,gold
E005136,影响皮瓣存活,Other,1,gold
E005137,影响睡眠质量,Other,1,gold
E005138,影响美观,Other,1,gold
E005139,影响胎儿发育,Other,1,gold
E005140,影响血液循环,Other,1,gold
E005141,影响视力,Other,1,gold
E005142,影响该部位的功能,PathologicalState,1,gold
E005143,影响身体健康,Other,1,gold
E005144,影响身体对药效的吸收,Treatment,1,gold
E005145,影响阴茎的插入,Other,1,gold
E005146,影响静脉曲张的恢复,Other,1,gold
E005147,影响食物的消化和吸收,Other,1,gold
E005148,影响骨折的愈合,Other,1,gold
E005149,影响骨骼发育,Other,1,gold
E005150,影响骨骼的健康,Other,1,gold
E005151,往往睡得多,Other,1,gold
E005152,很容易达到射精的这种神经反射的状态,Other,1,gold
E005153,"很干,又承受压力",PathologicalState,1,gold
E005154,很短的时间内死亡,Other,1,gold
E005155,很难活过1-2个月,Other,1,gold
E005156,循环、神经和消化系统的功能障碍,PathologicalState,1,gold
E005157,微循环出现明显下降,PathologicalState,1,gold
E005158,微生物感染,Disease,1,gold
E005159,微结石结晶,Other,1,gold
E005160,微血管内凝血,Other,1,gold
E005161,微血管内的血栓,Other,1,gold
E005162,微血管病变,Disease,1,gold
E005163,微量元素匮乏,Other,1,gold
E005164,微量元素的缺乏,Other,1,gold
E005165,微量元素缺乏,Other,1,gold
E005166,微黄,Other,1,gold
E005167,心、肾功能不全,PathologicalState,1,gold
E005168,心前区不适,AnatomicalSite,1,gold
E005169,心前区痛,Symptom,1,gold
E005170,"心前区的不舒服、疼痛为主,主要是发生在胸骨后、心前区,有的也会放射到左肩、左臂内侧或者颈部、咽部",Symptom,1,gold
E005171,心功能下降性疾病,Disease,1,gold
E005172,心动过缓,AnatomicalSite,1,gold
E005173,心动过速每天发作的时间要大于总时间的12%-15%,AnatomicalSite,1,gold
E005174,心动过速的心室率需要达到160次/分以上,AnatomicalSite,1,gold
E005175,心包感染,Disease,1,gold
E005176,心包疾病,Disease,1,gold
E005177,心境低落,AnatomicalSite,1,gold
E005178,心境障碍,MedicalCategory,1,gold
E005179,心室扩大,AnatomicalSite,1,gold
E005180,心室肌细胞异常的肥大或者扩张,PathologicalState,1,gold
E005181,心导管检查,ExamProcedure,1,gold
E005182,心尖部第一心音减弱,AnatomicalSite,1,gold
E005183,心律紊乱,AnatomicalSite,1,gold
E005184,心房颤动,AnatomicalSite,1,gold
E005185,心智不成熟,AnatomicalSite,1,gold
E005186,心梗,AnatomicalSite,1,gold
E005187,心源性因素,AnatomicalSite,1,gold
E005188,心源性猝死,AnatomicalSite,1,gold
E005189,心烦,AnatomicalSite,1,gold
E005190,心烦失眠,Symptom,1,gold
E005191,心率不齐,ClinicalSign,1,gold
E005192,心率减慢,Symptom,1,qwen
E005193,心率快,ClinicalSign,1,gold
E005194,心率相对增快,ClinicalSign,1,gold
E005195,心率过快,ClinicalSign,1,gold
E005196,心理失常,AnatomicalSite,1,gold
E005197,心理异常,PathologicalState,1,gold
E005198,心理性因素,AnatomicalSite,1,gold
E005199,心理情绪紧张,AnatomicalSite,1,gold
E005200,心理的障碍,AnatomicalSite,1,gold
E005201,心理要求相关,AnatomicalSite,1,gold
E005202,心理过度紧张,AnatomicalSite,1,gold
E005203,心电图,ExamProcedure,1,qwen
E005204,心神疾病,MedicalCategory,1,gold
E005205,心积水,AnatomicalSite,1,gold
E005206,心绞痛也会发作频繁,Symptom,1,gold
E005207,心绞痛发作,Symptom,1,gold
E005208,心绪不佳,AnatomicalSite,1,gold
E005209,心肌坏死,PathologicalState,1,gold
E005210,心肌持续受损,AnatomicalSite,1,gold
E005211,心肌损害,PathologicalState,1,gold
E005212,心肌收缩乏力,Symptom,1,gold
E005213,心肌收缩功能减低,PathologicalState,1,gold
E005214,心肌缺氧,AnatomicalSite,1,gold
E005215,心肌缺血性心肌病,Disease,1,gold
E005216,心肌耗氧,AnatomicalSite,1,gold
E005217,心肌肥厚劳损的改变,AnatomicalSite,1,gold
E005218,心肌负荷增加,AnatomicalSite,1,gold
E005219,心胸比超过0.5,AnatomicalSite,1,gold
E005220,心脏,AnatomicalSite,1,qwen
E005221,心脏、肝脏、肾脏等原因引起的胸膜腔积液增多,Symptom,1,gold
E005222,心脏、骨骼肌问题,AnatomicalSite,1,gold
E005223,心脏供血相对不足,AnatomicalSite,1,gold
E005224,心脏功能受到影响,PathologicalState,1,gold
E005225,心脏功能很差,PathologicalState,1,gold
E005226,心脏功能恶化,PathologicalState,1,gold
E005227,心脏手术,Treatment,1,gold
E005228,心脏手术术后,Other,1,qwen
E005229,心脏扩大,AnatomicalSite,1,gold
E005230,心脏杂音,AnatomicalSite,1,gold
E005231,心脏泵血功能就会受到影响,PathologicalState,1,gold
E005232,心脏瓣膜病,Disease,1,gold
E005233,心脏病发作,Disease,1,qwen
E005234,心脏的疾病,Disease,1,gold
E005235,心脏的衰竭,AnatomicalSite,1,gold
E005236,心脏神经电生理异常,PathologicalState,1,gold
E005237,心脏肥厚明显,AnatomicalSite,1,gold
E005238,心脏负荷加重,AnatomicalSite,1,gold
E005239,心脏问题,AnatomicalSite,1,gold
E005240,心脑血管和血糖会造成不良影响,AnatomicalSite,1,gold
E005241,心脑血管并发症,Disease,1,gold
E005242,"心脑血管疾病的问题,像脑卒中、脑出血或脑梗塞,或心血管问题,如急性心梗,同时合并胸闷、胸痛,或头疼、血压升高",TestResult,1,gold
E005243,心脑血管的不适症状,Disease,1,gold
E005244,心血管、脑血管、甲状腺等躯体疾病,Disease,1,gold
E005245,心血管并发症,Disease,1,gold
E005246,心血管疾病和肿瘤发生的风险会加大,Disease,1,gold
E005247,心衰加重,AnatomicalSite,1,gold
E005248,心跳不稳定,Symptom,1,gold
E005249,心跳和呼吸也会受到影响,ClinicalSign,1,gold
E005250,心跳增快,Symptom,1,gold
E005251,心跳比较快,Symptom,1,gold
E005252,忧虑,Other,1,gold
E005253,快速性心房扑动,AnatomicalSite,1,gold
E005254,快速性房颤,Other,1,gold
E005255,念珠菌感染,Disease,1,gold
E005256,"怀孕6周妊娠囊刚形成,在子宫内还很不稳固",AnatomicalSite,1,gold
E005257,怀孕之后由于雌、孕激素高分泌,TestResult,1,gold
E005258,怀孕之后的出血,Symptom,1,gold
E005259,怀孕以后,Other,1,gold
E005260,怀孕以后身体抵抗力下降,PathologicalState,1,gold
E005261,怀孕六周时,Other,1,gold
E005262,怀孕及生孩子以后内分泌紊乱,Other,1,gold
E005263,怀孕后,Other,1,gold
E005264,"怀孕后机体黑色素明显活跃,会沉积在多个部位",MedicalCategory,1,gold
E005265,怀孕后胎盘分泌拮抗胰岛素样的物质增多,Symptom,1,gold
E005266,怀孕早期,Other,1,gold
E005267,怀孕早期做阴道超声检查,ExamProcedure,1,gold
E005268,怀孕期间体重长得比较多,Other,1,gold
E005269,怀孕期间母亲的身体对外界化学药物的刺激,Treatment,1,gold
E005270,怀孕母亲携带hiv病毒,Disease,1,gold
E005271,怀孕的几率下降,PathologicalState,1,gold
E005272,思虑过重,Other,1,gold
E005273,急性上消化道出血,Symptom,1,gold
E005274,"急性剧烈疼痛,休息后不可缓解",Symptom,1,gold
E005275,急性化脓性中耳炎,Disease,1,gold
E005276,急性反复的上呼吸道感染,Disease,1,gold
E005277,"急性发作,可以出现自发痛,常比较剧烈",Symptom,1,gold
E005278,急性呼吸道感染,Disease,1,gold
E005279,急性外耳道炎,Disease,1,gold
E005280,急性失代偿,Other,1,gold
E005281,急性心瓣膜功能障碍,PathologicalState,1,gold
E005282,急性慢性的肠炎,Disease,1,gold
E005283,急性播散性脑脊髓炎,Disease,1,gold
E005284,急性期,Other,1,gold
E005285,急性病毒性传染疾病,MedicalCategory,1,gold
E005286,急性痛风关节炎,Disease,1,gold
E005287,急性的前列腺炎,Disease,1,gold
E005288,急性的尿潴留,PathologicalState,1,gold
E005289,急性的肾功能不全,PathologicalState,1,gold
E005290,急性的肾功能衰竭,PathologicalState,1,gold
E005291,急性硬膜下血肿,Symptom,1,gold
E005292,急性粟粒性肺结核,AnatomicalSite,1,gold
E005293,急性糜烂出血性胃炎,Disease,1,gold
E005294,急性肝损害,PathologicalState,1,gold
E005295,急性肠梗阻,PathologicalState,1,gold
E005296,急性肺部机会性肺部感染,MedicalCategory,1,gold
E005297,急性胆囊炎,Disease,1,gold
E005298,急性腹泻,Symptom,1,gold
E005299,急性膀胱炎,Disease,1,gold
E005300,急性膝关节滑膜炎,Disease,1,gold
E005301,"急性起病的患者,如伴有明显的咳嗽、咳痰、喘憋等症状",Other,1,gold
E005302,急性运动,Other,1,gold
E005303,急性重症心肌炎,Disease,1,gold
E005304,急慢性支气管炎,Disease,1,gold
E005305,急慢性肾炎,Disease,1,gold
E005306,急躁,Other,1,gold
E005307,性交后疲劳综合征,Other,1,gold
E005308,性功能的减退,PathologicalState,1,gold
E005309,性垂体功能低下,PathologicalState,1,gold
E005310,性欲亢进,Other,1,gold
E005311,性畏惧,Other,1,gold
E005312,性腺轴发育有问题,Other,1,gold
E005313,总是出现头晕,Symptom,1,gold
E005314,总是忘关灯、关燃气灶,Other,1,gold
E005315,总是扁桃体发炎、舌头起疱,Disease,1,gold
E005316,总是焦虑,Other,1,gold
E005317,总血容量不够,Other,1,gold
E005318,恒牙牙列不齐,Other,1,gold
E005319,恢复期咳嗽有痰,Symptom,1,gold
E005320,息肉,Other,1,gold
E005321,息肉样肿物,Symptom,1,gold
E005322,息肉脱出,Other,1,gold
E005323,恶变,Other,1,gold
E005324,恶心呕吐,Symptom,1,qwen
E005325,恶心感,Symptom,1,gold
E005326,恶性浆细胞性疾病,MedicalCategory,1,gold
E005327,"恶性淋巴瘤分布的比较广泛,超过两个区域",Disease,1,gold
E005328,恶性病,MedicalCategory,1,gold
E005329,恶性程度比较高,Other,1,gold
E005330,恶性肿物,Symptom,1,gold
E005331,恶性肿瘤通过淋巴途径转移,Disease,1,gold
E005332,恶性腹水,Other,1,gold
E005333,恶性高血压,TestResult,1,gold
E005334,恶病质状态,Disease,1,gold
E005335,恶臭,Other,1,gold
E005336,"患侧下腹部疼痛,并且在月经期、性生活或者劳累后会加重",Symptom,1,gold
E005337,患儿的智力发育会产生一定影响,Other,1,gold
E005338,患有慢性胃炎,Disease,1,gold
E005339,患者原来存在老花眼,Other,1,gold
E005340,患者原来存在近视,Other,1,gold
E005341,患者没有掌握或者术后出现疏忽,Other,1,gold
E005342,患者没有特殊的临床不适,Other,1,gold
E005343,"患者还存在着呼吸,还有心跳",ClinicalSign,1,gold
E005344,患肢的静脉回流受阻,Other,1,gold
E005345,悬疑耳鸣,Symptom,1,gold
E005346,悲伤,Other,1,gold
E005347,悲观,Other,1,gold
E005348,悲观厌世,Other,1,gold
E005349,情志不遂,Other,1,gold
E005350,情感因素,Other,1,gold
E005351,情感淡漠,Other,1,gold
E005352,情绪不稳,Other,1,gold
E005353,情绪出现了一些问题,Other,1,gold
E005354,情绪反映,Other,1,gold
E005355,情绪波动,Other,1,gold
E005356,情绪波动比较大,Other,1,gold
E005357,"情绪激动大哭以后,过度换气",Other,1,gold
E005358,情绪的明显激动,Other,1,gold
E005359,情绪紊乱,Other,1,gold
E005360,情绪紧张,Other,1,gold
E005361,情绪紧张波动,Other,1,gold
E005362,惊厥,Other,1,gold
E005363,想哭的发作比较频繁,Other,1,gold
E005364,"意识从躁动到浅昏迷,直至深昏迷",ClinicalSign,1,gold
E005365,意识内容变化,ClinicalSign,1,gold
E005366,意识障碍,ClinicalSign,1,gold
E005367,感冒受凉,Disease,1,gold
E005368,感到全身多处不舒服,Other,1,gold
E005369,感受器出了问题,Other,1,gold
E005370,感染中毒性肝病,Disease,1,gold
E005371,感染了病原体,Disease,1,gold
E005372,感染加重,Disease,1,gold
E005373,感染化脓,Disease,1,gold
E005374,感染因素,Disease,1,gold
E005375,感染头皮,Disease,1,gold
E005376,感染性情况,Disease,1,gold
E005377,感染性的胸膜炎,Disease,1,gold
E005378,感染性的脓肿,Disease,1,gold
E005379,感染性肠炎,Disease,1,gold
E005380,感染性致病微生物,Disease,1,gold
E005381,感染病毒,Disease,1,gold
E005382,感染细菌,Disease,1,gold
E005383,感染肺炎链球菌,Disease,1,gold
E005384,感染霉菌,Disease,1,gold
E005385,感觉减退,Symptom,1,qwen
E005386,感觉减退或异常,PathologicalState,1,gold
E005387,感觉肚子下坠,Other,1,gold
E005388,感觉胸口有点痛,Symptom,1,gold
E005389,愤怒,Other,1,gold
E005390,慢性传染病,MedicalCategory,1,gold
E005391,慢性劳损性疾病,MedicalCategory,1,gold
E005392,慢性化脓性中耳炎,Disease,1,gold
E005393,慢性咽喉炎反复急性发作,Disease,1,gold
E005394,慢性咽炎的患者,Other,1,gold
E005395,慢性喉炎,Disease,1,gold
E005396,慢性复发性腮腺炎,Disease,1,gold
E005397,慢性尿潴留,PathologicalState,1,gold
E005398,慢性尿道炎,Disease,1,gold
E005399,慢性心衰,AnatomicalSite,1,gold
E005400,慢性惰性淋巴瘤,Disease,1,gold
E005401,慢性感染,Disease,1,gold
E005402,慢性无菌性炎症,PathologicalState,1,qwen
E005403,慢性根尖周炎,Disease,1,gold
E005404,慢性气道炎症疾病,MedicalCategory,1,gold
E005405,慢性浅表性胃炎,Disease,1,gold
E005406,慢性炎症性皮肤疾病,MedicalCategory,1,gold
E005407,慢性牙周炎患牙,Disease,1,gold
E005408,慢性牙髓炎,Disease,1,gold
E005409,慢性疲劳综合征,Other,1,gold
E005410,慢性的炎症,Disease,1,gold
E005411,慢性皮肤炎症,MedicalCategory,1,gold
E005412,慢性盆腔痛,Symptom,1,gold
E005413,慢性筋膜的炎症,Disease,1,gold
E005414,慢性结肠炎,Disease,1,gold
E005415,慢性肝炎,Disease,1,gold
E005416,慢性肝脏负担存在的情况下,Other,1,gold
E005417,慢性肠胃炎,Disease,1,gold
E005418,慢性肺源性心脏病,Disease,1,gold
E005419,慢性肺部感染性疾病,Disease,1,gold
E005420,慢性肾小球肾炎急性发作,Disease,1,gold
E005421,慢性胰腺炎,Disease,1,gold
E005422,慢性腹泻,Symptom,1,gold
E005423,慢性膀胱炎,Disease,1,gold
E005424,慢性输卵管炎症,Disease,1,gold
E005425,慢性阴道炎,Disease,1,gold
E005426,慢性阻塞性腮腺炎,Disease,1,gold
E005427,慢性鼻炎鼻窦炎,Disease,1,gold
E005428,憋尿,Other,1,gold
E005429,憋尿时间过长,Other,1,gold
E005430,懒惰,Other,1,gold
E005431,戊肝,AnatomicalSite,1,gold
E005432,成形椎体周围再骨折,Other,1,gold
E005433,成纤维细胞限局性增生,Other,1,gold
E005434,成角畸形,Other,1,gold
E005435,房室传导阻滞,Other,1,gold
E005436,房性心动过速,AnatomicalSite,1,gold
E005437,房扑,Other,1,gold
E005438,房角大部分或全部关闭,Other,1,gold
E005439,扁桃体发炎的情况加重,Disease,1,gold
E005440,扁桃体急性炎症反应,Disease,1,gold
E005441,扁桃体或者咽喉肿瘤,Disease,1,gold
E005442,扁桃体肿大,Symptom,1,gold
E005443,手套、袜套样感觉,Other,1,gold
E005444,手心出汗,AnatomicalSite,1,gold
E005445,手抓挠,Other,1,gold
E005446,手指不灵活,Other,1,gold
E005447,手指发麻,Other,1,gold
E005448,手指发麻或偏侧发麻,Other,1,gold
E005449,手指受凉,RiskFactor,1,gold
E005450,手指的慢性长期的劳损,Other,1,gold
E005451,手指近端,AnatomicalSite,1,qwen
E005452,手指间关节会出现梭形肿胀,Symptom,1,gold
E005453,手指非常瘙痒,Symptom,1,gold
E005454,手掌远端,AnatomicalSite,1,qwen
E005455,手术切除甲状腺,Treatment,1,qwen
E005456,手术截骨矫形,Treatment,1,qwen
E005457,"手术操作过程中为建立操作空间,注入大量二氧化碳气体,持续二氧化碳气体注入使腹腔内保持较高压力",Treatment,1,gold
E005458,手术过程中对硬脑膜造成牵拉机械刺激,Treatment,1,gold
E005459,"手术过程中间,由于手术刺激",Treatment,1,gold
E005460,手机、电脑看的比较多,AnatomicalSite,1,gold
E005461,手癣,Other,1,gold
E005462,手脚冰凉,Other,1,gold
E005463,手脚麻木,ClinicalSign,1,gold
E005464,手腕问题,Other,1,gold
E005465,手臂痛,Symptom,1,qwen
E005466,手足发凉,Other,1,gold
E005467,手足心热,AnatomicalSite,1,gold
E005468,手部内在肌萎缩,Other,1,gold
E005469,扑热息痛,Treatment,1,qwen
E005470,打呼噜,Other,1,gold
E005471,打完甲肝疫苗,AnatomicalSite,1,gold
E005472,打破胃肠道正常的节律,AnatomicalSite,1,gold
E005473,打耳洞,Other,1,gold
E005474,打耳洞时的操作原因,Other,1,qwen
E005475,打鼾,Other,1,gold
E005476,扩胸的时候,Other,1,gold
E005477,把胃撑大,AnatomicalSite,1,gold
E005478,抑制恒中切牙的萌出,Other,1,gold
E005479,抗凝药物,Treatment,1,gold
E005480,抗原、抗体产生反应,Other,1,gold
E005481,抗心律失常药物,Treatment,1,qwen
E005482,抗感染,Treatment,1,qwen
E005483,抗抑郁剂,Other,1,gold
E005484,抗核抗体和抗sm抗体和抗双链dna抗体的阳性,TestResult,1,gold
E005485,抗结核药物,Treatment,1,gold
E005486,抗肾小球基底膜抗体阳性,TestResult,1,qwen
E005487,抗血小板药物使用过度,Treatment,1,gold
E005488,抢救,Other,1,gold
E005489,抵抗力低下,RiskFactor,1,gold
E005490,抵抗力低下的患者,Other,1,gold
E005491,抵抗力差,RiskFactor,1,gold
E005492,抵抗能力比较低,Other,1,gold
E005493,抵抗能力逐渐下降,PathologicalState,1,gold
E005494,抽搐发作,Other,1,gold
E005495,抽风,Other,1,gold
E005496,担心自己患有各种疾病,Disease,1,gold
E005497,拉泡沫样大便,Other,1,gold
E005498,拒绝某一类食物,Other,1,gold
E005499,拔牙创的感染,Disease,1,gold
E005500,拔牙后的术后感染,Disease,1,gold
E005501,拔牙操作创伤,Other,1,gold
E005502,拔罐的力度,Other,1,gold
E005503,拖的时间也会比较长,Other,1,gold
E005504,持久性的红斑,Other,1,gold
E005505,持续发热,Symptom,1,gold
E005506,持续发热、高热,Symptom,1,gold
E005507,持续心室率在110-120次/分左右,AnatomicalSite,1,gold
E005508,持续性的食道异常不适,PathologicalState,1,gold
E005509,"持续的或经常复发的腹部疼痛,病程超过半年",Disease,1,gold
E005510,持续的时间会比较长,Other,1,gold
E005511,持续高热,Other,1,gold
E005512,指甲发紫,Other,1,gold
E005513,指甲盖上发紫,Other,1,gold
E005514,指间关节的关节囊、韧带、肌腱等组织发生损伤,Other,1,gold
E005515,指骨的肿瘤,Disease,1,gold
E005516,"按压中间的丘疹,使其内的血液随血管退回,因此表现为毛细血管里的血液减少",Symptom,1,gold
E005517,按压后毛细血管中的血液被挤压,Other,1,gold
E005518,按压疼痛,Symptom,1,gold
E005519,按压的时候会疼痛,Symptom,1,gold
E005520,挖耳洞时用力过度,RiskFactor,1,gold
E005521,挛缩,Other,1,gold
E005522,挛缩膀胱,PathologicalState,1,qwen
E005523,挤压,Other,1,gold
E005524,挤压损伤,Other,1,gold
E005525,捂热综合征,Other,1,gold
E005526,损伤到胃黏膜,AnatomicalSite,1,gold
E005527,损伤到食道,Other,1,gold
E005528,损伤皮肤,AnatomicalSite,1,gold
E005529,损伤积累到一定程度由量变到质变,Other,1,gold
E005530,损伤精神,Other,1,gold
E005531,掌握的负压控制不好,Other,1,gold
E005532,排便,Other,1,gold
E005533,排便不净,Other,1,gold
E005534,排便不尽,Other,1,gold
E005535,排便不尽感,Other,1,gold
E005536,排便不尽的感觉,Other,1,gold
E005537,排便不畅,Other,1,gold
E005538,排便习惯、排便性状的改变,Other,1,gold
E005539,排便习惯和排便性状的改变,Other,1,gold
E005540,排便时会撕裂肛管皮肤,AnatomicalSite,1,gold
E005541,排便次数减少,Symptom,1,gold
E005542,排便的困难,Other,1,gold
E005543,排便费力,Other,1,gold
E005544,排便过程的不适,Other,1,gold
E005545,排卵,Other,1,gold
E005546,排卵后黄体功能不良,PathologicalState,1,gold
E005547,"排卵期出血较为严重,时间也较长",Symptom,1,gold
E005548,排卵期推迟,Other,1,gold
E005549,排卵期的前后,Other,1,gold
E005550,排卵障碍,Other,1,gold
E005551,排尿,Other,1,gold
E005552,排尿时可产生较多气泡,Other,1,gold
E005553,排尿火热,Other,1,gold
E005554,排尿的异常,PathologicalState,1,gold
E005555,排气及排便差,Other,1,gold
E005556,排气放屁也有疼痛,Symptom,1,gold
E005557,排汗异常,Symptom,1,qwen
E005558,排线的异物反应,Other,1,gold
E005559,排鲜红色以及暗红色血便,Other,1,gold
E005560,接受手术,Treatment,1,gold
E005561,接种效果降低或不起效,Treatment,1,gold
E005562,接种部位感染,Treatment,1,gold
E005563,接触体液,Other,1,gold
E005564,接触性皮炎,Disease,1,gold
E005565,接触性阴道出血,Symptom,1,gold
E005566,接触某些过敏原,RiskFactor,1,gold
E005567,接触水痘患者的疱疹液或者鼻咽分泌物,AnatomicalSite,1,gold
E005568,接触血液,Other,1,gold
E005569,"接触血液,或者含有病毒的体液和组织",Disease,1,gold
E005570,控制不好,Other,1,gold
E005571,揉眼,AnatomicalSite,1,gold
E005572,提肛肌的裂伤,Other,1,gold
E005573,插管全麻,ExamProcedure,1,qwen
E005574,搓脚,Other,1,gold
E005575,搬重物的时候,Other,1,gold
E005576,摄入不易消化的食物,Other,1,gold
E005577,摄入大量的辣椒,Other,1,gold
E005578,摄入的水少,Other,1,gold
E005579,摄入较高的油脂以及蛋白质,Other,1,gold
E005580,摄入过多油炸类食物,Other,1,gold
E005581,摄入量低于消耗量,Other,1,gold
E005582,摄入量超过消耗,Other,1,gold
E005583,摄入食盐过多,Other,1,gold
E005584,摇晃感,Other,1,gold
E005585,撕脱性骨折,Other,1,gold
E005586,撞击综合征,Other,1,gold
E005587,支具矫形,Treatment,1,qwen
E005588,支原体感染,Disease,1,gold
E005589,支原体抗体,ExamProcedure,1,qwen
E005590,支原体肺炎,Disease,1,gold
E005591,支气管感染,Disease,1,gold
E005592,支气管脓肿,Symptom,1,gold
E005593,支配丘脑区域的血管出现堵塞,AnatomicalSite,1,gold
E005594,"放任自己,没有养成良好生活方式,又恢复原有不健康生活方式",Other,1,gold
E005595,"放射到左侧上肢内侧,甚至无名指或者小指顶端",Other,1,gold
E005596,放射性因素影响,Other,1,gold
E005597,放射性胸部压迫感,AnatomicalSite,1,gold
E005598,放疗之后食道黏膜的水肿,Treatment,1,gold
E005599,敏感性高,Other,1,gold
E005600,敏感性高所以打喷嚏,Other,1,gold
E005601,敏感细菌,RiskFactor,1,gold
E005602,散光,Other,1,gold
E005603,数月内死亡,Other,1,gold
E005604,敲后会自觉舒服,Other,1,gold
E005605,整个肩关节的功能受限,PathologicalState,1,gold
E005606,整体的容量负荷都不够,Other,1,gold
E005607,斑块侵蚀,Other,1,gold
E005608,斑块显示不稳定,Other,1,gold
E005609,斑块有内出血,Symptom,1,gold
E005610,斑块破裂,PathologicalState,1,gold
E005611,斑块糜烂并发血栓形成,Other,1,gold
E005612,斑点,Other,1,gold
E005613,斜坡脊索瘤,Disease,1,gold
E005614,斜视性弱视,Other,1,gold
E005615,断裂,Other,1,gold
E005616,新型冠状病毒感染,Disease,1,gold
E005617,新型冠状病毒核酸检测阳性,ExamProcedure,1,gold
E005618,新型隐球菌,Other,1,gold
E005619,新生儿出现先天性胆道闭锁,AnatomicalSite,1,gold
E005620,新生儿双侧颊部,AnatomicalSite,1,qwen
E005621,新生儿更喜欢含奶睡,Other,1,gold
E005622,新生儿期时就会出现胎粪排出是延迟的,Other,1,gold
E005623,新生儿母乳性黄疸,Other,1,gold
E005624,新生儿生理性黄疸,Disease,1,qwen
E005625,新生儿的低血糖,Other,1,gold
E005626,新生儿肺炎,Disease,1,gold
E005627,新陈代谢旺盛,Other,1,gold
E005628,方肌痛,Symptom,1,gold
E005629,於堵的血液,Other,1,gold
E005630,旋转感,Other,1,gold
E005631,无客观对象的紧张,Other,1,gold
E005632,无明显症状,Disease,1,gold
E005633,"无氧代谢时小腿部位的细胞,把葡萄糖分解代谢为乳酸",MedicalCategory,1,gold
E005634,无法在需要的时间内怀孕,Other,1,gold
E005635,无法平卧,Other,1,gold
E005636,无法站立,Other,1,gold
E005637,无法行走及下蹲,Other,1,gold
E005638,无炎细胞浸润,Disease,1,gold
E005639,无症状期,Disease,1,gold
E005640,无痛性肉眼血尿,Symptom,1,gold
E005641,无痰,Other,1,gold
E005642,无精打采,Other,1,gold
E005643,无精症,Disease,1,gold
E005644,无胶原增多,Symptom,1,gold
E005645,无青紫发展为出现青紫,Other,1,gold
E005646,日常饮食,RiskFactor,1,gold
E005647,日晒,Other,1,gold
E005648,日积月累,Other,1,gold
E005649,早上手麻,Other,1,gold
E005650,早产儿的免疫系统功能一般都会比足月新生儿出现明显下降,PathologicalState,1,gold
E005651,早产儿肝脏的代谢功能相对于足月新生儿更弱,PathologicalState,1,gold
E005652,早发性母乳性黄疸,Other,1,gold
E005653,早孕反应也最严重,Other,1,gold
E005654,早孕期间出血,Symptom,1,gold
E005655,早期为刺激性咳嗽,Symptom,1,gold
E005656,早期乳腺癌,Disease,1,gold
E005657,早期摄入碘量,Other,1,gold
E005658,早期的龋齿,Other,1,gold
E005659,早期食欲是增加的,Other,1,gold
E005660,早癌,Disease,1,gold
E005661,早饱,Other,1,gold
E005662,时间久等,Other,1,gold
E005663,时间久而久之,Other,1,gold
E005664,时间长,Other,1,gold
E005665,"时间长了,眼球慢慢内陷",AnatomicalSite,1,gold
E005666,"明明坐着没有动,但会有一种错误的感觉,感觉身体在向下沉,或者向侧方移动",Other,1,gold
E005667,明显尿路刺激症状,Disease,1,gold
E005668,明显的乏力,Symptom,1,gold
E005669,明显的压痛,Symptom,1,gold
E005670,明显的周围静脉曲张、脐静脉开放,Other,1,gold
E005671,明显的头晕,Symptom,1,gold
E005672,明显的头痛,Symptom,1,gold
E005673,明显的尿频、尿急、尿痛,Symptom,1,gold
E005674,明显的恶心,Symptom,1,gold
E005675,明显的气促,Other,1,gold
E005676,明显的水疱、大疱,Other,1,gold
E005677,明显的畏寒、怕冷,Other,1,gold
E005678,明显的疼痛,Symptom,1,gold
E005679,"明显的疼痛,而且面积相对来说比较小",Symptom,1,gold
E005680,明显的疼痛感,Symptom,1,gold
E005681,明显的瘙痒感,Symptom,1,gold
E005682,明显的胸闷、气短,Other,1,gold
E005683,明显的腹痛,Symptom,1,gold
E005684,明显的骨刺,Other,1,gold
E005685,明显神经痛,Symptom,1,gold
E005686,明显隆起,Other,1,gold
E005687,明显黄疸,Other,1,gold
E005688,昏倒,Symptom,1,qwen
E005689,易醒,Other,1,gold
E005690,春天,Other,1,gold
E005691,春季接触外界的风吹、日晒机会多一些,Other,1,gold
E005692,春秋交际的时候机体免疫力减低,Other,1,gold
E005693,显微镜观察就可以发现红细胞,Other,1,gold
E005694,显著的神经痛,Symptom,1,gold
E005695,显著而持久的心境低落,AnatomicalSite,1,gold
E005696,晕倒,Other,1,gold
E005697,晚上会感觉眼白露出较多,AnatomicalSite,1,gold
E005698,晚上右侧位睡觉会压迫到胃部,AnatomicalSite,1,gold
E005699,晚上吃东西少,Other,1,gold
E005700,晚上吃了很辣的食物,Other,1,gold
E005701,晚上和早上的手麻,Other,1,gold
E005702,"晚上的微循环差,末梢循环差",Other,1,gold
E005703,晚上睡觉的时候人的血液黏稠,Other,1,gold
E005704,晚期、多发转移、广泛转移、恶病质,Other,1,gold
E005705,晚期会产生骨关节炎症状,Disease,1,gold
E005706,晚期或者是第四期,Other,1,gold
E005707,晚期青光眼,Disease,1,gold
E005708,晨僵,Other,1,gold
E005709,晨起口苦,Other,1,gold
E005710,晨起时有上肢的发酸、发软、无力,ClinicalSign,1,gold
E005711,晨起时的腰疼,Symptom,1,gold
E005712,晨起时腰疼的厉害,Symptom,1,gold
E005713,晶状体发生混浊,Other,1,gold
E005714,晶状体逐渐硬化、弹性减弱,PathologicalState,1,gold
E005715,晶状体部分或者全部混浊,Other,1,gold
E005716,智力、精神改变,Symptom,1,qwen
E005717,智力减退,Other,1,gold
E005718,智力的减低,Other,1,gold
E005719,智力远远的要低于正常孩子,Other,1,gold
E005720,智力障碍,Other,1,gold
E005721,智能损害,PathologicalState,1,gold
E005722,智能障碍,Other,1,gold
E005723,智齿冠周炎在急性炎症期,Disease,1,gold
E005724,智齿的周围逐渐形成囊肿,Symptom,1,gold
E005725,智齿的萌出方向是不良的,Other,1,gold
E005726,智齿的阻生,Other,1,gold
E005727,智齿萌出期,Other,1,gold
E005728,智齿顶坏邻牙,Other,1,gold
E005729,暑湿,Other,1,gold
E005730,暴露部位皮肤红斑、丘疹、脱屑,AnatomicalSite,1,gold
E005731,更年期综合征,Disease,1,qwen
E005732,"曾经肥胖,减肥过快",RiskFactor,1,gold
E005733,最近饮食没注意,RiskFactor,1,gold
E005734,月经中期可能会有一过性腹痛,Symptom,1,gold
E005735,月经前,Other,1,gold
E005736,月经前10天出现持续性腹痛,Symptom,1,gold
E005737,月经前紧张综合征,Other,1,gold
E005738,月经周期延长,Other,1,gold
E005739,月经周期延长或缩短,Other,1,gold
E005740,月经周期相对固定,Other,1,gold
E005741,月经周期缩短,Other,1,gold
E005742,月经增多,Symptom,1,gold
E005743,月经干净时雌激素水平还不是很高,TestResult,1,gold
E005744,月经延期,Other,1,gold
E005745,月经延迟,Other,1,gold
E005746,月经开始不规律,Other,1,gold
E005747,月经持续时间过长或淋漓不尽,Other,1,gold
E005748,月经推迟4天,Other,1,gold
E005749,月经推迟后,Other,1,gold
E005750,月经推迟四天,Other,1,gold
E005751,月经期,Other,1,gold
E005752,月经期间以及月经来潮前,Other,1,gold
E005753,月经期间失眠,Symptom,1,gold
E005754,月经期间盆腔充血,Other,1,gold
E005755,月经的异常,PathologicalState,1,gold
E005756,"月经的第1-2天,出现了褐色分泌物",Other,1,gold
E005757,月经稀少,Symptom,1,qwen
E005758,月经紊乱,Other,1,gold
E005759,月经经量减少,Symptom,1,gold
E005760,月经过后有异味,Other,1,gold
E005761,月经量开始慢慢减少,Symptom,1,gold
E005762,月经量明显减少,Symptom,1,gold
E005763,月经量的增加,Other,1,gold
E005764,月经量的增多,Symptom,1,gold
E005765,有些特殊的疾病,Disease,1,gold
E005766,有响声,Other,1,gold
E005767,有子宫手术史,Treatment,1,gold
E005768,"有小水疱,一堆一堆的成簇分布,不超过体表中线",Other,1,gold
E005769,有小结,Other,1,gold
E005770,有少量血性分泌物从阴道流出,Other,1,gold
E005771,有开唇露齿现象,MedicalCategory,1,gold
E005772,有心事不能排解,AnatomicalSite,1,gold
E005773,有时举动像平常所说的老顽童,Other,1,gold
E005774,有时候会直不起腰,Other,1,gold
E005775,有时扁桃体上面可以见到脓苔,Other,1,gold
E005776,有时疼痛向颈部及后背部放射,Symptom,1,gold
E005777,有明显的异物感,Other,1,gold
E005778,有机磷中毒,Other,1,gold
E005779,有沉淀物,Other,1,gold
E005780,有特殊的病原体感染,Disease,1,gold
E005781,有生命威胁的器官功能障碍,PathologicalState,1,gold
E005782,有生病的情况,Disease,1,gold
E005783,有疼痛不舒服,Symptom,1,gold
E005784,有痰,Other,1,gold
E005785,有突发性的胸膜性胸痛、气短,Symptom,1,gold
E005786,有红细胞、白细胞,Other,1,gold
E005787,有肺部疾病作为基础,Disease,1,gold
E005788,有负面的刺激,Other,1,gold
E005789,有过多的自慰而担心,AnatomicalSite,1,gold
E005790,有远处的淋巴结转移,Other,1,gold
E005791,有黏液血便,Other,1,gold
E005792,服用头孢之后饮酒,Treatment,1,gold
E005793,服用钙剂和维生素d,Treatment,1,qwen
E005794,期前收缩,Other,1,gold
E005795,未分化型的甲状腺癌,Disease,1,gold
E005796,未弥漫性、广泛性放电,Other,1,gold
E005797,未积极治疗,Treatment,1,gold
E005798,本身抵抗力低下,RiskFactor,1,gold
E005799,本身肌肉含量过少,Other,1,gold
E005800,术中出血,Symptom,1,gold
E005801,术前的评估不足,Other,1,gold
E005802,术后48-72小时突然出现呼吸困难,ClinicalSign,1,gold
E005803,术后出现头晕、腹痛,Symptom,1,gold
E005804,术后卧床,Other,1,gold
E005805,术后大出血,Symptom,1,gold
E005806,术后就会形成淤青,Other,1,gold
E005807,术后最初几天,Other,1,gold
E005808,术后疼痛比较明显,Symptom,1,gold
E005809,机会性肿瘤,Disease,1,gold
E005810,机体免疫力下降状态,PathologicalState,1,qwen
E005811,机体免疫力比较低下,Other,1,gold
E005812,机体受损感染了破伤风厌氧的梭状芽孢杆菌,Disease,1,gold
E005813,机体抵抗力下降,PathologicalState,1,gold
E005814,机体比较瘦弱,Other,1,gold
E005815,机磷中毒,Other,1,gold
E005816,杀真菌药物,MedicalCategory,1,qwen
E005817,来月经头痛,Symptom,1,gold
E005818,极容易发生心梗,AnatomicalSite,1,gold
E005819,极容易发生猝死,Other,1,gold
E005820,极度消瘦,Other,1,gold
E005821,极期咳嗽反而减轻,Symptom,1,gold
E005822,极端的行为,Other,1,gold
E005823,枕大池变小或闭塞,Other,1,gold
E005824,枕头太硬,Other,1,gold
E005825,枕部、颈部、肩部、上肢疼痛,Symptom,1,gold
E005826,枕骨受压,PathologicalState,1,gold
E005827,柏油样大便,Other,1,gold
E005828,某些药物,Treatment,1,gold
E005829,某些蔬菜,Other,1,gold
E005830,染色体的变异,Other,1,gold
E005831,染色体经过前后至少2次打击,Other,1,gold
E005832,根尖周炎,Disease,1,gold
E005833,根尖的炎症,Disease,1,gold
E005834,桂圆,Other,1,gold
E005835,桡神经损伤,Other,1,gold
E005836,梗死水肿严重,Disease,1,gold
E005837,梗阻,PathologicalState,1,gold
E005838,"梨状肌受到损伤,或由于其紧张、劳损,压迫周围血管神经",Other,1,gold
E005839,植物神经功能的障碍,PathologicalState,1,qwen
E005840,植物神经系统的任何部位受到损害和刺激,PathologicalState,1,gold
E005841,椎体成形不佳,Other,1,gold
E005842,椎体束受损,Other,1,gold
E005843,椎体结核,Other,1,gold
E005844,椎动脉受到压迫,Other,1,gold
E005845,椎动脉通过外力按压按摩,Other,1,gold
E005846,椎基底动脉供血不足,Other,1,gold
E005847,椎间盘压迫到动脉或者周围的神经根,PathologicalState,1,qwen
E005848,椎间盘突出,Other,1,gold
E005849,横纹肌溶解,Other,1,gold
E005850,樱桃,Other,1,gold
E005851,止疼消炎药,Treatment,1,qwen
E005852,止血,Treatment,1,qwen
E005853,正常活动状态下不能耐受,Other,1,gold
E005854,死亡风险增加,Other,1,gold
E005855,死亡风险增高,PathologicalState,1,gold
E005856,死亡风险更高,Other,1,gold
E005857,死胎,Other,1,gold
E005858,残留的胎盘组织,Other,1,gold
E005859,残留胎盘组织、胎膜组织,Other,1,gold
E005860,残疾,Other,1,gold
E005861,母亲因素,Other,1,gold
E005862,母亲孕期的糖尿病,Disease,1,gold
E005863,母亲的营养摄入,Treatment,1,gold
E005864,母体胎芽发育异常,PathologicalState,1,gold
E005865,母体雌激素的中断,TestResult,1,gold
E005866,每天心绞痛,Symptom,1,gold
E005867,"每天要大概发作持续3个小时以上,而且持续的时间可能长达几个月或者几年",Other,1,gold
E005868,每天都发作的心绞痛,Symptom,1,gold
E005869,每次月经都非常规律,Other,1,gold
E005870,毒血症,Disease,1,gold
E005871,比较严重的干咳,Symptom,1,gold
E005872,"比较严重的痛经,随着月经来潮逐渐的加重",Symptom,1,gold
E005873,比较严重的胃炎,Disease,1,gold
E005874,比较严重的脸部肿胀疼痛,Symptom,1,gold
E005875,比较容易伤感,Other,1,gold
E005876,比较敏感,Other,1,gold
E005877,比较明显的瘙痒,Symptom,1,gold
E005878,比较明显的皮疹,Other,1,gold
E005879,比较深在的伤口有可能有大量厌氧菌的存在,Other,1,gold
E005880,比较疼痛,Symptom,1,gold
E005881,毛发脱落,Other,1,gold
E005882,毛囊皮脂腺炎症性疾病,MedicalCategory,1,gold
E005883,毛囊皮脂腺的慢性炎症性皮肤病,MedicalCategory,1,gold
E005884,毛囊蠕形虫感染,Disease,1,gold
E005885,毛孔容易受到刺激,Other,1,gold
E005886,毛细血管扩张,Other,1,gold
E005887,毛细血管的增生,Other,1,gold
E005888,毛细血管的扩张,Other,1,gold
E005889,毛细血管里的血液减少,Symptom,1,gold
E005890,气体产生过多,Other,1,gold
E005891,气候的改变,Other,1,gold
E005892,气滞血瘀,Other,1,gold
E005893,气短感,Other,1,gold
E005894,气管受压,PathologicalState,1,gold
E005895,气管支气管和周围组织的慢性非特异性炎症,MedicalCategory,1,gold
E005896,气管里痒、忍不住想咳嗽,Symptom,1,gold
E005897,气血亏虚,Other,1,gold
E005898,气血失调,Other,1,gold
E005899,气道壁破坏,Other,1,gold
E005900,气道炎症,Disease,1,gold
E005901,氟哌酸,Other,1,gold
E005902,氧化锌乳膏,Treatment,1,qwen
E005903,氧合不佳,Other,1,gold
E005904,氧饱和度急剧下降,PathologicalState,1,gold
E005905,氨基酸尿症,Disease,1,gold
E005906,"水一样的分泌物,而且量特别多,并且无异味",Other,1,gold
E005907,水平阻生,TestResult,1,gold
E005908,水样分泌物,Other,1,gold
E005909,水泡,Other,1,gold
E005910,水湿就会内停聚集成痰,Other,1,gold
E005911,水牛背,Other,1,gold
E005912,水疱、脓疱破裂,PathologicalState,1,gold
E005913,水疱容易破溃,Other,1,gold
E005914,水痘-带状疱疹病毒,Disease,1,gold
E005915,水痘疫苗,Treatment,1,qwen
E005916,水肿更加严重,ClinicalSign,1,gold
E005917,永久性的吞咽困难,AnatomicalSite,1,gold
E005918,汗疱疹,Other,1,gold
E005919,汗腺容易分泌汗液,Other,1,gold
E005920,汞,Other,1,gold
E005921,污染过的水源,Other,1,gold
E005922,沉浸于色情,Other,1,gold
E005923,沉积在外阴部,Other,1,gold
E005924,沉积在腹部,AnatomicalSite,1,gold
E005925,沉积在颈部,Other,1,gold
E005926,沉默寡言,Other,1,gold
E005927,没有修复好,Other,1,gold
E005928,没有养成按时排便的良好习惯,Other,1,gold
E005929,没有力量,Other,1,gold
E005930,没有及时治疗,Treatment,1,gold
E005931,没有及时的治疗或者治疗不当,Treatment,1,gold
E005932,没有吃晚餐,Other,1,gold
E005933,没有固定三周,Other,1,gold
E005934,没有实质性的器质性病变,Disease,1,gold
E005935,没有得到比较好的治疗,Treatment,1,gold
E005936,没有性欲,Other,1,gold
E005937,没有排卵,Other,1,gold
E005938,没有明显的外伤,RiskFactor,1,gold
E005939,没有明显的尿频、尿急、尿痛,Symptom,1,gold
E005940,没有明显的钙化,Other,1,gold
E005941,没有明显腮腺肿大,Symptom,1,gold
E005942,没有注意皮肤的清洁,AnatomicalSite,1,gold
E005943,没有疼痛的症状,Disease,1,gold
E005944,没有肿瘤,Disease,1,gold
E005945,没有表情,Other,1,gold
E005946,没有足够的数量、没有优秀精子,Other,1,gold
E005947,没有进行合理的敏感性药物抗炎治疗,Treatment,1,gold
E005948,没有进行比较好的对症治疗,Treatment,1,gold
E005949,没有配戴眼镜,AnatomicalSite,1,gold
E005950,没有随意运动,Other,1,gold
E005951,没有食欲,Other,1,gold
E005952,油炸,Other,1,gold
E005953,油炸的食品特别油腻,Other,1,gold
E005954,油腻,Other,1,gold
E005955,治疗不及时或者不重视,Treatment,1,gold
E005956,泌乳素增高,PathologicalState,1,gold
E005957,泌尿外科疾病,MedicalCategory,1,gold
E005958,泌尿系尿路刺激症状,Disease,1,gold
E005959,泌尿系统的内科疾病以及外科疾病,Disease,1,gold
E005960,泌尿系统结石,Other,1,gold
E005961,泌尿道上皮存在损伤,Other,1,gold
E005962,泌尿道发生了梗阻,PathologicalState,1,gold
E005963,泌尿道存在有出血,Symptom,1,gold
E005964,泌尿道肿瘤,Disease,1,gold
E005965,法洛四联症,Disease,1,gold
E005966,泡,Other,1,gold
E005967,泡沫尿,Other,1,gold
E005968,泡脚后擦干,Other,1,gold
E005969,波动性肿块形成,Symptom,1,gold
E005970,注射狂犬病疫苗,Treatment,1,gold
E005971,注射部位的红肿或者硬结,Treatment,1,gold
E005972,注射部位肿痛加重,Treatment,1,gold
E005973,注意力受损,Other,1,gold
E005974,注意力缺陷,Other,1,gold
E005975,泵血功能受到影响,PathologicalState,1,gold
E005976,洋地黄、奎尼丁中毒,PathologicalState,1,qwen
E005977,洋地黄类,MedicalCategory,1,qwen
E005978,津液损伤,Other,1,gold
E005979,活动严重障碍,Other,1,gold
E005980,活动后气短,Other,1,gold
E005981,活动的运动量和运动的强度比较大,Other,1,gold
E005982,活动量达到一定程度,Other,1,gold
E005983,派瑞松,Treatment,1,qwen
E005984,流产不全,Other,1,gold
E005985,流产之后出血,Symptom,1,gold
E005986,流产后,Other,1,gold
E005987,流产后月经没有正常来潮,Other,1,gold
E005988,"流向下肢的血液会少一些,流向大脑的血液就会多一些",AnatomicalSite,1,gold
E005989,流失大量的肌肉,Other,1,gold
E005990,流感病毒,Disease,1,gold
E005991,流泪,Other,1,gold
E005992,流涎,Other,1,gold
E005993,流清水样鼻涕,AnatomicalSite,1,gold
E005994,流脓,Other,1,gold
E005995,流脓鼻涕,AnatomicalSite,1,gold
E005996,流血,Other,1,gold
E005997,流行性病毒,Other,1,qwen
E005998,流黄鼻涕,AnatomicalSite,1,gold
E005999,浆液样痰,Other,1,gold
E006000,浆细胞在各种原因下发生恶变,Other,1,gold
E006001,浆细胞恶变,Other,1,gold
E006002,浆膜下的子宫肌,AnatomicalSite,1,gold
E006003,浆膜下肌瘤,Disease,1,gold
E006004,浑身的酸痛、乏力,Symptom,1,gold
E006005,浑身酸痛,Symptom,1,gold
E006006,海鲜,Other,1,gold
E006007,浸润到子宫肌层的内膜也会随之生长,AnatomicalSite,1,gold
E006008,浸润性癌,Disease,1,gold
E006009,消化不好,Other,1,gold
E006010,消化功能不好,PathologicalState,1,gold
E006011,消化功能会受到影响,PathologicalState,1,gold
E006012,消化功能减慢,PathologicalState,1,gold
E006013,消化性出血,Symptom,1,gold
E006014,消化欠佳,Other,1,gold
E006015,消化液也可能会进入腹腔,Other,1,gold
E006016,消化系统中存在有胃溃疡,Disease,1,gold
E006017,消化系统恶性肿瘤,MedicalCategory,1,qwen
E006018,消化系统疾病,MedicalCategory,1,gold
E006019,消化系统蠕动减弱,Other,1,gold
E006020,消化较差,Other,1,gold
E006021,消化道大出血,Symptom,1,gold
E006022,消化道恶性肿瘤,MedicalCategory,1,gold
E006023,消化道的疾病,Disease,1,gold
E006024,消炎、解痉、利胆对症的处理,Treatment,1,qwen
E006025,消炎类药物,Treatment,1,gold
E006026,消瘦特别明显,Other,1,gold
E006027,消肿,Treatment,1,qwen
E006028,液体容易储存在眼睑这种软组织比较疏松的部位,AnatomicalSite,1,gold
E006029,液体的流出,Other,1,gold
E006030,淋巴液漏出致组织间隙或者体腔,Other,1,gold
E006031,淋巴瘤出现多处的转移、复发、扩散,Disease,1,gold
E006032,淋巴瘤分布在两个区域或者两个器官,Disease,1,gold
E006033,淋巴瘤局限在一个地方,Disease,1,gold
E006034,淋巴瘤属于第三期,Disease,1,gold
E006035,淋巴瘤的第一期,Disease,1,gold
E006036,淋巴管炎,Disease,1,gold
E006037,淋巴管瘘,Other,1,gold
E006038,淋巴管瘤,Disease,1,gold
E006039,淋巴细胞也偏低,Other,1,gold
E006040,"淋巴结局部有压痛,同时有发热、感冒的症状",Disease,1,gold
E006041,淋巴结癌变,Disease,1,gold
E006042,淋巴结转移的肿瘤体征,Disease,1,gold
E006043,淋巴转移比较晚,Other,1,gold
E006044,淋漓不尽,Other,1,gold
E006045,淋漓不断,Other,1,gold
E006046,淡漠,Other,1,gold
E006047,淤血,Other,1,gold
E006048,淤血内停,Other,1,gold
E006049,深吸气,Other,1,gold
E006050,深昏迷状态,Other,1,gold
E006051,深静脉炎,Disease,1,qwen
E006052,深静脉血栓,Other,1,gold
E006053,混合痔疮,Other,1,gold
E006054,清宫后阴道出血超过2周,Symptom,1,gold
E006055,清热泻火、消导的药材,Treatment,1,gold
E006056,渗液增多,Symptom,1,gold
E006057,温度过高,Other,1,gold
E006058,温水擦浴,Treatment,1,qwen
E006059,游泳的时间比较长,Other,1,gold
E006060,湿性重浊粘滞阻滞气机,Other,1,gold
E006061,湿浊,Other,1,gold
E006062,湿热腰痛,Symptom,1,gold
E006063,湿热蕴结胞宫,Other,1,gold
E006064,"湿疹也会持续存在或者反复发作,无法完全恢复",Other,1,gold
E006065,湿邪,Other,1,gold
E006066,溃疡性结肠炎,Disease,1,gold
E006067,溃疡面,Other,1,gold
E006068,溶骨性破坏,Other,1,gold
E006069,滑囊炎,Disease,1,gold
E006070,滑脱,Other,1,gold
E006071,满月脸,Other,1,gold
E006072,潜伏在体内的水痘带状疱疹病毒再激活,Disease,1,gold
E006073,潮热,Other,1,gold
E006074,潮热盗汗,Other,1,gold
E006075,激动,Other,1,gold
E006076,激素,Treatment,1,qwen
E006077,激素撤退性出血,TestResult,1,gold
E006078,激素期,TestResult,1,gold
E006079,激素水平失调,TestResult,1,gold
E006080,激素水平紊乱,TestResult,1,gold
E006081,火器性穿透伤,Other,1,gold
E006082,灼热感,Other,1,gold
E006083,灼痛,Symptom,1,gold
E006084,灼痛感,Symptom,1,gold
E006085,炎性反应,Disease,1,gold
E006086,炎症、粘连并存,Disease,1,gold
E006087,炎症会刺激到第3腰椎神经,Disease,1,gold
E006088,炎症反应如果比较强烈,Other,1,gold
E006089,"炎症反应比较轻,经过1周或者10天左右可以治愈很少留疤",Disease,1,gold
E006090,炎症反应症状有可能会加重,Disease,1,gold
E006091,炎症性疼痛,Disease,1,gold
E006092,炎症没有完全治疗好,Treatment,1,gold
E006093,炎症的刺激,Disease,1,gold
E006094,炎症较剧烈,Disease,1,gold
E006095,点状、冠状和绕核性白内障,Other,1,gold
E006096,烈性传染病,MedicalCategory,1,gold
E006097,烟雾,Other,1,gold
E006098,烟雾刺激,Other,1,gold
E006099,烟雾病,Disease,1,gold
E006100,烦恼,Other,1,gold
E006101,烧伤病人的皮肤感染,PathologicalState,1,qwen
E006102,烧灼感,Other,1,gold
E006103,烧灼样感觉,Other,1,gold
E006104,烫伤,Other,1,gold
E006105,热性惊厥,Other,1,gold
E006106,热敷,Treatment,1,qwen
E006107,焦虑情绪体验,Other,1,gold
E006108,熊去氧胆酸,Treatment,1,qwen
E006109,熬夜过程中体内脏器得不到休息,Other,1,gold
E006110,爱做梦影响睡眠质量,Other,1,gold
E006111,牙周病,Disease,1,gold
E006112,牙床疼痛,Symptom,1,gold
E006113,牙槽骨吸收,Other,1,gold
E006114,牙槽骨吸收到牙齿的根尖1/3左右,Other,1,gold
E006115,牙槽骨吸收的比较严重,Other,1,gold
E006116,牙痛,Symptom,1,gold
E006117,牙的排列一般比较整齐,Other,1,gold
E006118,牙的长轴斜度大,Other,1,gold
E006119,牙髓充血,Other,1,gold
E006120,牙髓发炎,Disease,1,gold
E006121,牙髓暴露,Other,1,gold
E006122,牙髓炎症,Disease,1,gold
E006123,牙齿不敢咬合,Other,1,gold
E006124,牙齿产生疼痛,Symptom,1,gold
E006125,牙齿周围组织的炎症,Disease,1,gold
E006126,"牙齿并不能萌出,而在牙齿周围的牙囊逐渐生长而形成",Other,1,gold
E006127,牙齿有疾病隐患存在,Disease,1,gold
E006128,牙齿松动,Other,1,gold
E006129,牙齿松动就会非常明显,Other,1,gold
E006130,牙齿的疼痛,Symptom,1,gold
E006131,牙龈红肿、出血,Symptom,1,gold
E006132,牙龈肿胀、化脓,Symptom,1,gold
E006133,牙龈脓肿、出血,Symptom,1,gold
E006134,牛奶,Other,1,gold
E006135,牛奶当中的乳糖因为缺乏这种酶,Other,1,gold
E006136,牛奶当中的蛋白过敏,RiskFactor,1,gold
E006137,牛羊肉,Other,1,gold
E006138,物理因素,Other,1,gold
E006139,物理性皮肤病,MedicalCategory,1,gold
E006140,物理降温,Treatment,1,qwen
E006141,牵扯他肩膀部的肌肉,Other,1,gold
E006142,牵扯到大腿外侧出现疼痛,Symptom,1,gold
E006143,牵扯样疼痛,Symptom,1,gold
E006144,牵拉,Other,1,gold
E006145,牵涉痛,Symptom,1,gold
E006146,特别微量的c反应蛋白就能查到,Other,1,gold
E006147,"特别烫的食物很容易刺激拔牙创导致毛细血管的膨胀,从而加重出血,也容易使形成良好的血凝块脱落,导致出血",Symptom,1,gold
E006148,特发性水肿,ClinicalSign,1,gold
E006149,特发性震颤,Other,1,gold
E006150,特殊味道,Other,1,gold
E006151,特殊病原菌的感染,Disease,1,gold
E006152,特殊病毒感染,Disease,1,gold
E006153,特殊的食物和药物,Treatment,1,gold
E006154,特殊面容,Other,1,gold
E006155,狂犬病提前发作,Disease,1,gold
E006156,狼疮性肾炎,Disease,1,gold
E006157,猛然站起来下肢一下子放松,Other,1,gold
E006158,猝倒症,Disease,1,gold
E006159,玩不好,Other,1,gold
E006160,玩耍手机现在出现手发麻,Other,1,gold
E006161,环境因素,Other,1,gold
E006162,环境污染,Other,1,gold
E006163,环境的变化,Other,1,gold
E006164,环境的改变,Other,1,gold
E006165,环境里如果有较多花粉甚至有较多化学物质,Other,1,gold
E006166,环形红斑,Other,1,gold
E006167,环磷酰胺,Treatment,1,qwen
E006168,玻璃体和视网膜发生分离,Other,1,gold
E006169,玻璃体当中水分越来越多,Other,1,gold
E006170,玻璃体腔积血,Other,1,gold
E006171,"珍珠瘤样小包块,特别小,大约黄豆粒或者黄米粒大小",Disease,1,gold
E006172,球囊压迫治疗,Treatment,1,gold
E006173,理化因素,Other,1,gold
E006174,甘油三酯以及胆固醇是增高的,PathologicalState,1,gold
E006175,甜食,Other,1,gold
E006176,生化妊娠,Other,1,gold
E006177,生后24h出来的黄疸,Other,1,gold
E006178,生后早期黄疸,Other,1,gold
E006179,生命的危险,Other,1,gold
E006180,生存期只有1-2年,Other,1,gold
E006181,生殖器官水肿,ClinicalSign,1,gold
E006182,生殖系统发育迟缓,Other,1,gold
E006183,生活中、工作中遇到过挫折,Other,1,gold
E006184,生活习惯不好,Other,1,gold
E006185,生活习惯不良,Other,1,gold
E006186,生活紊乱,Other,1,gold
E006187,生活规律、不熬夜等精神因素,Other,1,gold
E006188,生活质量下降,PathologicalState,1,gold
E006189,生理性囊肿,Symptom,1,gold
E006190,生理性宫缩,Other,1,gold
E006191,生理性的白带,Other,1,gold
E006192,生理性蛋白尿,Other,1,gold
E006193,生理情况下,Other,1,gold
E006194,生理情况下也可出现皮疹,MedicalCategory,1,gold
E006195,"生育年龄的女性有性生活史,而没有采取避孕措施",RiskFactor,1,gold
E006196,生育问题,Other,1,gold
E006197,生长发育迟缓,Other,1,gold
E006198,生长在一侧鼻腔,AnatomicalSite,1,gold
E006199,生长迟缓,Other,1,gold
E006200,"生长速度是很快的,抽了腹水之后,2-3天就会再长起来",Other,1,gold
E006201,生长障碍,Other,1,gold
E006202,"用力按压可能也有疼痛,但疼痛的程度远比鸡眼要轻",Symptom,1,gold
E006203,用力时突然心痛,Symptom,1,gold
E006204,用劲,Other,1,gold
E006205,用嗓过度,Other,1,gold
E006206,用在脸上可能会产生刺激反应,Other,1,gold
E006207,用抑制免疫的药物,Treatment,1,gold
E006208,用抗生素,Other,1,gold
E006209,用水清洗时突然摸到肿块,Symptom,1,gold
E006210,用眼强度比较大,AnatomicalSite,1,gold
E006211,用眼疲劳,AnatomicalSite,1,gold
E006212,用眼过多,AnatomicalSite,1,gold
E006213,用脑过多,AnatomicalSite,1,gold
E006214,用药治疗,Treatment,1,qwen
E006215,甲亢性心脏病,Disease,1,gold
E006216,甲亢性突眼,AnatomicalSite,1,gold
E006217,甲减病,Disease,1,gold
E006218,甲强龙,Treatment,1,qwen
E006219,甲状旁腺功能低下,PathologicalState,1,gold
E006220,甲状旁腺肿瘤,Disease,1,gold
E006221,"甲状腺内发现大小不等的肿块,肿块的质地比较硬,与周围的组织产生粘连,而不能推动,表面可以凹凸不平",Symptom,1,gold
E006222,甲状腺内的肿块可以互相融合形成团块,Symptom,1,gold
E006223,甲状腺功能低下,Disease,1,qwen
E006224,甲状腺功能异常,PathologicalState,1,gold
E006225,甲状腺功能改变,PathologicalState,1,gold
E006226,甲状腺工厂生产甲状腺激素减少,TestResult,1,gold
E006227,甲状腺激素分泌异常,TestResult,1,gold
E006228,甲状腺激素合成不足,TestResult,1,gold
E006229,甲状腺的低密度或者低回声的结节,Other,1,gold
E006230,甲状腺的恶性肿瘤,MedicalCategory,1,gold
E006231,甲状腺素是降低,Other,1,gold
E006232,甲状腺结节,Other,1,gold
E006233,甲状腺腺体在吞咽的时候,AnatomicalSite,1,gold
E006234,甲状腺腺体本身的病变,Disease,1,gold
E006235,甲状腺高功能腺瘤,Disease,1,gold
E006236,"甲状舌管不消失而遗留在颈部,其管内残存上皮分泌物聚积",Other,1,gold
E006237,甲状舌管囊肿,Symptom,1,gold
E006238,甲状舌管瘘(口腔内),AnatomicalSite,1,gold
E006239,甲状舌管瘘(颈部),Other,1,gold
E006240,甲肝,AnatomicalSite,1,gold
E006241,电刺激,Other,1,gold
E006242,"电视画面的某些场景,与自己现实无关的事情,都能诱发这样情绪的波动和哭泣",Other,1,gold
E006243,电解质及酸碱平衡紊乱,Other,1,gold
E006244,男士,Other,1,gold
E006245,男孩出现先天性椎板发育不良,Other,1,gold
E006246,男性性功能障碍,PathologicalState,1,gold
E006247,男性疼痛难受,Symptom,1,gold
E006248,男性的精液、精子异常,PathologicalState,1,gold
E006249,男性肥胖,RiskFactor,1,gold
E006250,男性雄激素水平降低,TestResult,1,gold
E006251,男方因素,Other,1,gold
E006252,畏冷,Other,1,gold
E006253,畏寒,Other,1,gold
E006254,留罐时间没有控制好,Other,1,gold
E006255,留罐的时间,Other,1,gold
E006256,略微的腹痛,Symptom,1,gold
E006257,略红,Other,1,gold
E006258,畸形,Other,1,gold
E006259,畸形精子症,Disease,1,gold
E006260,疑病,Disease,1,gold
E006261,疑病症状,Disease,1,gold
E006262,疖,Other,1,gold
E006263,"疙瘩和正常皮肤颜色一样,没有瘙痒疼痛和其它不适,是丝状或者布袋状的",Symptom,1,gold
E006264,"疙瘩在皮下可以摸到,但是看不到,用手推可以活动",Other,1,gold
E006265,"疙瘩是红色的,有疼痛感或者轻微瘙痒",Symptom,1,gold
E006266,疱疹性口炎,Disease,1,gold
E006267,疱疹的溃破以及基底部的溃疡,Other,1,gold
E006268,疲倦乏力,Symptom,1,gold
E006269,疲劳过度,Other,1,gold
E006270,疹退以后脱皮,Other,1,gold
E006271,疼痛一般都比较剧烈,Symptom,1,gold
E006272,疼痛会加重,Symptom,1,gold
E006273,疼痛会更剧烈,Symptom,1,gold
E006274,疼痛会更加明显,Symptom,1,gold
E006275,疼痛会有明显的加重,Symptom,1,gold
E006276,"疼痛会沿臀部、大腿后侧,放射至小腿前外侧、足背",Symptom,1,gold
E006277,疼痛位置多位于胸骨上中1/3的后方,Symptom,1,gold
E006278,疼痛剧烈,Symptom,1,gold
E006279,疼痛加剧,Symptom,1,gold
E006280,疼痛可以放射到体表部位,Symptom,1,gold
E006281,"疼痛可放射至小腿后外侧、足跟、足底,以及足外侧",Symptom,1,gold
E006282,疼痛在夜间比白天更为严重,Symptom,1,gold
E006283,"疼痛大部分在活动时加重,休息时减轻",Symptom,1,gold
E006284,疼痛完全消失,Symptom,1,gold
E006285,疼痛尤为明显,Symptom,1,gold
E006286,疼痛感,Symptom,1,gold
E006287,疼痛明显,Symptom,1,gold
E006288,疼痛明显的加重,Symptom,1,gold
E006289,"疼痛是持续性的,并渐转移至右下腹",Symptom,1,gold
E006290,疼痛更剧烈,Symptom,1,gold
E006291,疼痛有时候是剧烈,Symptom,1,gold
E006292,疼痛比急性期有所缓解,Symptom,1,gold
E006293,疼痛比较明显,Symptom,1,gold
E006294,疼痛特别明显,Symptom,1,gold
E006295,疼痛症状不断加重,Disease,1,gold
E006296,疼痛症状加重,Disease,1,gold
E006297,疼痛症状的加重,Disease,1,gold
E006298,"疼痛的症状会比较严重,甚至会影响到患者夜间的睡眠",Disease,1,gold
E006299,疼痛较重,Symptom,1,gold
E006300,疼痛难忍,Symptom,1,gold
E006301,疼痛非常明显,Symptom,1,gold
E006302,疼痛面积比较大时,Symptom,1,gold
E006303,疾病后遗症,Disease,1,gold
E006304,疾病因素,Disease,1,gold
E006305,病人皮下的血管充盈度,Disease,1,gold
E006306,"病原体太多,超过了淋巴结的抗感染能力",Disease,1,gold
E006307,病原体或者是毒素经胎盘侵入,Disease,1,gold
E006308,病原微生物感染,Disease,1,gold
E006309,病变,Disease,1,gold
E006310,病情严重,Disease,1,gold
E006311,病情的进展,Disease,1,gold
E006312,病情缠绵难愈,Disease,1,gold
E006313,病毒、细菌、原虫等微生物感染,Disease,1,gold
E006314,病毒、细菌感染,Disease,1,gold
E006315,"病毒主要通过患者的喷嚏或者含有病毒的飞沫经过空气传播,或经过污染的手和用具接触传播",Disease,1,gold
E006316,病毒性肝炎,Disease,1,gold
E006317,病毒性胸膜炎,Disease,1,gold
E006318,病毒性脑炎,Disease,1,gold
E006319,病毒或者细菌感染,Disease,1,gold
E006320,病毒的感染,Disease,1,gold
E006321,"病毒细菌,有害微生物感染",Disease,1,gold
E006322,病灶靠近左侧胸膜,Disease,1,gold
E006323,病理性原因,Disease,1,gold
E006324,病理性改变的脑脊液,Disease,1,gold
E006325,病理性腹泻,Disease,1,gold
E006326,病理性骨折,Disease,1,gold
E006327,症状加重,Disease,1,gold
E006328,"症状反复发生,并常于夜间或清晨加重",Disease,1,gold
E006329,痉挛,Other,1,gold
E006330,痉挛型脑瘫患者会笑,AnatomicalSite,1,gold
E006331,"痉挛性的阵发性疼痛,在阵发性的疼痛的基础上还有加重,表现为一阵阵的持续性加重",Symptom,1,gold
E006332,痔核脱出于肛门之外,Other,1,gold
E006333,痔疮出血,Symptom,1,gold
E006334,痔疮及其容易发生恶化,Other,1,gold
E006335,痔疮发作,Other,1,gold
E006336,痛经进行性的加重,Symptom,1,gold
E006337,痛风性关节炎,Disease,1,gold
E006338,痛风性肾病,Disease,1,gold
E006339,痤疮反复出现,Other,1,gold
E006340,痰不易咳出,Symptom,1,gold
E006341,痰多,Other,1,gold
E006342,痰浊,Other,1,gold
E006343,痰浊中阻,Other,1,gold
E006344,痰液黏稠,Other,1,gold
E006345,痰菌检查和痰培养可培养出阳性的细菌结果,ExamProcedure,1,gold
E006346,瘀滞经络,Other,1,gold
E006347,瘀血,Other,1,gold
E006348,瘀血腰痛,Symptom,1,gold
E006349,瘙痒严重,Symptom,1,gold
E006350,"瘙痒出现一段时间了,可能单纯的通过涂抹滋润皮肤的乳液,并没有达到非常良好的止痒效果",Symptom,1,gold
E006351,瘙痒感,Symptom,1,gold
E006352,瘢痕子宫,AnatomicalSite,1,gold
E006353,瘢痕疙瘩,Other,1,gold
E006354,瘢痕疙瘩长大,Other,1,gold
E006355,瘤样增生性病变,MedicalCategory,1,gold
E006356,瘤样病变,MedicalCategory,1,qwen
E006357,癌,Disease,1,gold
E006358,癌前病变,Disease,1,gold
E006359,癌前病变逐步演化,Disease,1,gold
E006360,癌变,Disease,1,gold
E006361,癌巢骨边骨质是硬化的,Disease,1,gold
E006362,"癌细胞的活动,癌细胞正在生长、发展和扩散",Disease,1,gold
E006363,癌肿侵润浆膜层,Disease,1,gold
E006364,癌胚抗原、癌肿抗原出现增高,Disease,1,gold
E006365,癌胚抗原偏高,Disease,1,gold
E006366,癌胚抗原在正常值范围内,Disease,1,gold
E006367,"癌胚抗原持续性的明显升高,高出正常值的几倍、十几倍,甚至几十倍",Disease,1,gold
E006368,癌胚抗原测量偏高,Disease,1,gold
E006369,癫痫脑病,Disease,1,gold
E006370,白内障中期,Other,1,gold
E006371,白内障可能发展为中期甚至晚期,Other,1,gold
E006372,白内障术后残留的晶状体上皮细胞的增殖、迁移、纤维化生,Other,1,gold
E006373,白塞病,Disease,1,gold
E006374,"白天思虑过多,常常在夜里想着这件事情",Other,1,gold
E006375,白天情绪过于紧张,Other,1,gold
E006376,白带会有异常气味,PathologicalState,1,gold
E006377,白带出现黄色或者黄绿色、稀薄、凝乳块状,Other,1,gold
E006378,"白带发黄,或者呈绿色",Other,1,gold
E006379,"白带的分泌量增加,但是白带的性状不会改变,一般呈白色或者乳白色、黏稠状",Other,1,gold
E006380,白带颜色发黄、黄绿、黏稠、有异味,Other,1,gold
E006381,白带黄绿色,Other,1,gold
E006382,白眼球上出现血块,AnatomicalSite,1,gold
E006383,白细胞、红细胞、血小板三系都很低,Other,1,gold
E006384,白细胞下降,PathologicalState,1,gold
E006385,白细胞增多,Symptom,1,gold
E006386,白细胞总数、中性粒细胞增高,PathologicalState,1,gold
E006387,白细胞数可以减低、也可以升高,Other,1,gold
E006388,白细胞计数、中性粒细胞计数升高,Other,1,gold
E006389,白细胞酯酶为阳性,TestResult,1,gold
E006390,白膜,Other,1,gold
E006391,白色黏痰,Other,1,gold
E006392,白色黏膜,Other,1,gold
E006393,白醋进行清洗龟头,Other,1,gold
E006394,百日咳杆菌,Symptom,1,gold
E006395,皮下的淤血是比较严重,Other,1,gold
E006396,皮下的皮脂腺囊肿,Symptom,1,gold
E006397,皮下的皮脂腺痣,Other,1,gold
E006398,皮下积液,Other,1,gold
E006399,皮下脂肪的量,Other,1,gold
E006400,皮下蜂窝组织炎,Disease,1,gold
E006401,皮温热,Other,1,gold
E006402,皮疹也会泛发,Other,1,gold
E006403,皮肤,AnatomicalSite,1,qwen
E006404,皮肤、关节、肾脏、心脏、脑、消化道之类的表现,AnatomicalSite,1,gold
E006405,皮肤上的蜂窝组织炎,Disease,1,gold
E006406,皮肤上风团样组织,AnatomicalSite,1,gold
E006407,皮肤下面的硬疙瘩,AnatomicalSite,1,gold
E006408,皮肤会呈现紫绀、青紫色,AnatomicalSite,1,gold
E006409,"皮肤会干燥,会带走很多的水分,使皮肤乏脂性更加厉害",AnatomicalSite,1,gold
E006410,皮肤内黏蛋白弥漫性或局限性沉积,AnatomicalSite,1,gold
E006411,皮肤出现红斑,AnatomicalSite,1,gold
E006412,皮肤发黑,AnatomicalSite,1,gold
E006413,皮肤变得粗糙,AnatomicalSite,1,gold
E006414,皮肤呈深黄色,AnatomicalSite,1,gold
E006415,皮肤因膨胀出现的条状萎缩,AnatomicalSite,1,gold
E006416,皮肤局部角质层增厚,AnatomicalSite,1,gold
E006417,皮肤干枯,AnatomicalSite,1,gold
E006418,皮肤当中的黑色素细胞存在某些基因的异常,PathologicalState,1,gold
E006419,皮肤很厚,AnatomicalSite,1,gold
E006420,"皮肤损害初起为境界清楚的,波浪形、条纹状、淡红色或紫红色的损害,其长短不一,微高出皮面,与皮纹走向一致,以后逐渐变为白色,表皮萎缩,轻微凹陷,表面光滑而有光泽,可见细微皱纹及皮肤血管纹理,触之柔软",PathologicalState,1,gold
E006421,皮肤比较松,AnatomicalSite,1,gold
E006422,皮肤潮红,AnatomicalSite,1,gold
E006423,皮肤瘙痒,Symptom,1,gold
E006424,皮肤的炎症,Disease,1,gold
E006425,皮肤破损,AnatomicalSite,1,gold
E006426,皮肤粗糙、无光泽,AnatomicalSite,1,gold
E006427,皮肤糜烂,Symptom,1,qwen
E006428,皮肤糜烂形成细菌的感染,Disease,1,gold
E006429,皮肤紧张,AnatomicalSite,1,gold
E006430,"皮肤紫癜,可以累及全身皮肤",AnatomicalSite,1,gold
E006431,皮肤纤维瘤,Disease,1,gold
E006432,皮肤结核,AnatomicalSite,1,gold
E006433,皮肤老化,AnatomicalSite,1,gold
E006434,皮肤苍白,AnatomicalSite,1,gold
E006435,皮肤软组织感染,MedicalCategory,1,gold
E006436,皮肤较为敏感,AnatomicalSite,1,gold
E006437,皮肤黏膜干燥,AnatomicalSite,1,gold
E006438,皮肤黏膜的黄染,AnatomicalSite,1,gold
E006439,"皮肤黏膜苍白,表现为口唇、口腔黏膜、甲床比较明显",AnatomicalSite,1,gold
E006440,皮脂腺分泌旺盛,Other,1,gold
E006441,皮脂腺由于堵塞,Other,1,gold
E006442,皮质性、核性和囊膜下白内障,Other,1,gold
E006443,皮赘,Other,1,gold
E006444,盂唇的撕裂,Other,1,gold
E006445,盆底的压迫也会增加,Other,1,gold
E006446,盆底的损伤,Other,1,gold
E006447,盆腔粘连,PathologicalState,1,gold
E006448,盐分过大的食物,Other,1,gold
E006449,盐吃多了,Other,1,gold
E006450,"盐类尿或者泌尿系统结石治疗以后,排出细小的结石",Treatment,1,gold
E006451,盯着电子屏幕的时间过长,Other,1,gold
E006452,直吹空调风,Other,1,gold
E006453,直肠下段的息肉在早期表现出带蒂状态,AnatomicalSite,1,gold
E006454,直肠刺激症,PathologicalState,1,qwen
E006455,直肠变得脆弱,AnatomicalSite,1,gold
E006456,直肠炎性病变,Disease,1,qwen
E006457,直肠部位常见的良性疾病,MedicalCategory,1,gold
E006458,相关使用部位的过度活动,MedicalCategory,1,gold
E006459,相对恶性的肿瘤,MedicalCategory,1,gold
E006460,相对较小的颌骨并不能容纳所有牙齿的萌出,Other,1,gold
E006461,"相对较小的颌骨并不能容纳所有牙齿的萌出,而右下颌的智齿又想萌出",Other,1,gold
E006462,相应神经支配的区域疼痛,Symptom,1,gold
E006463,相应部位的疼痛,Symptom,1,gold
E006464,"眉毛才发红,其它时间颜色正常,局部没有疙瘩,没有其它不适",Other,1,gold
E006465,"眉毛红,可看到红色的丘疹",Other,1,gold
E006466,看不清远处目标,Other,1,gold
E006467,看不清黑板,Other,1,gold
E006468,看东西就出现模糊,Other,1,gold
E006469,看近不用佩戴老花镜,Other,1,gold
E006470,看近物出现逐渐模糊,Other,1,gold
E006471,真皮网状层内大量粘蛋白限局性沉积,Other,1,gold
E006472,真菌性外耳道炎,Disease,1,gold
E006473,真菌性感染,Disease,1,gold
E006474,眼内的炎症,Disease,1,gold
E006475,眼内肿瘤,Disease,1,gold
E006476,眼前似乎有黑色的影子在遮挡,AnatomicalSite,1,gold
E006477,眼压过低,TestResult,1,gold
E006478,眼底出血,Symptom,1,gold
E006479,眼底静脉阻塞,AnatomicalSite,1,gold
E006480,眼球不同轴,AnatomicalSite,1,gold
E006481,眼球压痛,Symptom,1,gold
E006482,"眼球向上看时下睑退缩,侵犯了眼外肌",AnatomicalSite,1,gold
E006483,眼球暴露于空气中,AnatomicalSite,1,gold
E006484,眼球的前后径过长,AnatomicalSite,1,gold
E006485,眼球转动会出现胀痛,Symptom,1,gold
E006486,眼球震颤,AnatomicalSite,1,gold
E006487,眼球麻痹,AnatomicalSite,1,gold
E006488,眼白上出现片状的出血斑,Symptom,1,gold
E006489,眼白像水泡一样肿起来,Symptom,1,gold
E006490,眼皮上的白点,AnatomicalSite,1,gold
E006491,眼皮比较松,AnatomicalSite,1,gold
E006492,眼皮的里面出现了黄色颗粒,AnatomicalSite,1,gold
E006493,眼眶炎症,Disease,1,gold
E006494,眼眶病,MedicalCategory,1,gold
E006495,眼睑下垂,AnatomicalSite,1,gold
E006496,眼睑炎,Disease,1,gold
E006497,眼睑瘢痕,AnatomicalSite,1,gold
E006498,眼睑组织含有丰富的软组织、腺体和血管,AnatomicalSite,1,gold
E006499,眼睑缺损,MedicalCategory,1,gold
E006500,眼睑表面的皮肤上可以看到黄白色的脓头,AnatomicalSite,1,gold
E006501,眼睛不能追物、不对视,AnatomicalSite,1,gold
E006502,眼睛不适感,AnatomicalSite,1,gold
E006503,眼睛出现疲劳、干涩、酸痛,Symptom,1,gold
E006504,眼睛发红,AnatomicalSite,1,gold
E006505,"眼睛是胀痛,同时伴有头痛",Symptom,1,gold
E006506,眼睛的长度就会发生改变,AnatomicalSite,1,gold
E006507,眼睛红、痒难以忍受,AnatomicalSite,1,gold
E006508,眼睛红肿,Symptom,1,gold
E006509,眼结膜充血,AnatomicalSite,1,gold
E006510,眼肌麻痹,AnatomicalSite,1,gold
E006511,眼角奇痒而且越揉越痒,AnatomicalSite,1,gold
E006512,眼角皱纹,AnatomicalSite,1,gold
E006513,眼轮匝肌力量变弱,AnatomicalSite,1,gold
E006514,眼轴过快增长与角膜曲率不匹配,AnatomicalSite,1,gold
E006515,眼轴长度到了一定程度,AnatomicalSite,1,gold
E006516,眼部无器质性病变、但矫正视力低于0.9,Disease,1,gold
E006517,眼部炎症,Disease,1,gold
E006518,眼部疼痛,Symptom,1,gold
E006519,眼部的外伤,RiskFactor,1,gold
E006520,着床时造成局部内膜出血,Symptom,1,gold
E006521,睁着眼睛睡觉,AnatomicalSite,1,gold
E006522,睑内翻,Other,1,gold
E006523,睑外翻,Other,1,gold
E006524,睑板腺会发生化脓性的改变,Other,1,gold
E006525,睑板腺功能障碍,PathologicalState,1,gold
E006526,睑结膜表面出现的黄白色凝结物,Other,1,gold
E006527,睡不好,Other,1,gold
E006528,睡前的暴饮暴食,Other,1,gold
E006529,睡姿不好,Other,1,gold
E006530,睡眠,Other,1,gold
E006531,睡眠不多,Other,1,gold
E006532,睡眠不好会做梦,Other,1,gold
E006533,睡眠休息不足,Other,1,gold
E006534,睡眠打鼾,Other,1,gold
E006535,睡眠表浅,Other,1,gold
E006536,睡眠质量差,Other,1,gold
E006537,睡眠都不足,Other,1,gold
E006538,睡硬板床,Treatment,1,qwen
E006539,睡觉姿势,Other,1,gold
E006540,睡觉时人的呼吸功频率减慢,ClinicalSign,1,gold
E006541,睡觉时大脑神经异常放电,PathologicalState,1,gold
E006542,睡觉时肢体出现抽动,AnatomicalSite,1,gold
E006543,睡觉的时候睡不踏实,Other,1,gold
E006544,睫状肌一直处于痉挛状态,Other,1,gold
E006545,睫状肌功能逐渐降低,PathologicalState,1,gold
E006546,"睾丸下面很痒,抓了脱皮",Other,1,gold
E006547,睾丸出现的隐隐作痛的感觉,Symptom,1,gold
E006548,睾丸功能出现问题,PathologicalState,1,gold
E006549,睾丸发生炎症,Disease,1,gold
E006550,睾丸疼痛不适,Symptom,1,gold
E006551,睾丸隐痛,Symptom,1,gold
E006552,睾酮水平较低,TestResult,1,gold
E006553,瞳孔出现变化,ClinicalSign,1,gold
E006554,瞳孔区可以看到晶状体明显混浊,ClinicalSign,1,gold
E006555,瞳孔缩小,ClinicalSign,1,gold
E006556,知觉、运动、传导及视中枢等原因未能接受适宜的视刺激,Other,1,gold
E006557,短时间疼痛,Symptom,1,gold
E006558,短暂性的免疫功能低下,PathologicalState,1,gold
E006559,短暂性的近事遗忘,Other,1,gold
E006560,破裂出血,Symptom,1,gold
E006561,硝酸咪康唑,Treatment,1,qwen
E006562,硬硬的小疙瘩,Other,1,gold
E006563,硬膜下血肿,Symptom,1,gold
E006564,碳水化合物摄入量太少,Other,1,gold
E006565,磺胺类抗生素,Other,1,gold
E006566,社交障碍,Other,1,gold
E006567,社会心理因素,AnatomicalSite,1,gold
E006568,神志不清,Other,1,gold
E006569,神情淡漠,Other,1,gold
E006570,神昏,Other,1,gold
E006571,神经元损伤,PathologicalState,1,qwen
E006572,神经内分泌癌,Disease,1,gold
E006573,神经内分泌的反应,Other,1,gold
E006574,神经出现问题,Other,1,gold
E006575,神经功能下降,PathologicalState,1,gold
E006576,神经功能紊乱,PathologicalState,1,gold
E006577,神经功能障碍,PathologicalState,1,gold
E006578,神经压迫症状,Disease,1,gold
E006579,神经受到刺激,Other,1,gold
E006580,神经受压,PathologicalState,1,gold
E006581,神经和精神系统的障碍,Other,1,gold
E006582,神经垂体功能低下,PathologicalState,1,gold
E006583,神经性厌食,Other,1,gold
E006584,神经损伤,Other,1,gold
E006585,神经支配区的肌肉出现牵扯样疼痛或者是隐隐作痛,Symptom,1,gold
E006586,神经根炎,Disease,1,gold
E006587,神经源性膀胱,Other,1,gold
E006588,神经炎,Disease,1,gold
E006589,神经炎症反应,MedicalCategory,1,gold
E006590,神经病变,Disease,1,gold
E006591,"神经的兴奋性增高,尤其是晚上症状明显",Disease,1,gold
E006592,神经管畸形,Disease,1,qwen
E006593,神经精神因素,Other,1,gold
E006594,神经精神方面的因素,Other,1,gold
E006595,神经系统性疾病,MedicalCategory,1,gold
E006596,神经系统损害,PathologicalState,1,qwen
E006597,神经系统的问题,PathologicalState,1,qwen
E006598,神经缺陷,PathologicalState,1,qwen
E006599,神经血管功能紊乱,PathologicalState,1,gold
E006600,神经衰弱症状,Disease,1,gold
E006601,神经走行区域的疱疹样的病变,Disease,1,gold
E006602,神经间歇性疼痛,Symptom,1,gold
E006603,神经麻痹性角膜炎,Disease,1,gold
E006604,禽流感,Other,1,gold
E006605,积累更多的脂肪,Other,1,gold
E006606,积血,Other,1,gold
E006607,移动性减小,Other,1,gold
E006608,移植肾排斥反应,Disease,1,qwen
E006609,移行上皮细胞,Other,1,gold
E006610,"移行上皮细胞如果较多出现,甚至成片脱落",Other,1,gold
E006611,秽物长时间停留在肛周部位,MedicalCategory,1,gold
E006612,稀发排卵,Other,1,gold
E006613,稳定型心绞痛,Symptom,1,gold
E006614,空气太干燥,Other,1,gold
E006615,空气污染,Other,1,gold
E006616,空气污浊,Other,1,gold
E006617,空腹减肥,Other,1,gold
E006618,空蝶鞍综合征,Other,1,gold
E006619,穿了化纤的衣服过敏,RiskFactor,1,gold
E006620,穿刺过程中没有及时发现,Other,1,gold
E006621,穿得太多,Other,1,gold
E006622,穿紧身的牛仔裤,Other,1,gold
E006623,突出的椎间盘压迫神经,Other,1,gold
E006624,突出程度不大,Other,1,gold
E006625,突发严重呼吸困难,ClinicalSign,1,gold
E006626,突发性气短,Other,1,gold
E006627,突发性的眩晕,Other,1,gold
E006628,突发的心律失常,AnatomicalSite,1,gold
E006629,突发的某个下肢大关节红、肿、热、痛,Symptom,1,gold
E006630,突然发热,Symptom,1,gold
E006631,突然头晕、恶心、想吐、冒虚汗、浑身无力,ClinicalSign,1,gold
E006632,突然猝倒、意识障碍、血压下降、呼吸节律不规则,TestResult,1,gold
E006633,突然的晕倒,Other,1,gold
E006634,突然直立出现头晕,Symptom,1,gold
E006635,突然长胖,Other,1,gold
E006636,突然长高,Other,1,gold
E006637,突然间出现脑袋晕,AnatomicalSite,1,gold
E006638,突然间打喷嚏,Other,1,gold
E006639,突然间连续打喷嚏,Other,1,gold
E006640,窒息感,Other,1,gold
E006641,窒息死亡,Other,1,gold
E006642,窦性心律不齐,AnatomicalSite,1,gold
E006643,窦房折返性心动过速,AnatomicalSite,1,gold
E006644,立即喝蜂蜜水,Other,1,gold
E006645,端正坐姿,Treatment,1,qwen
E006646,第三期,Other,1,gold
E006647,第四期,Other,1,gold
E006648,筋膜,Other,1,gold
E006649,筋膜炎,Disease,1,gold
E006650,筋膜的撕裂,Other,1,gold
E006651,简单型先天性心脏病,Disease,1,gold
E006652,管教过严,Other,1,gold
E006653,管腔狭窄,PathologicalState,1,gold
E006654,管腔较窄,Other,1,gold
E006655,类肿瘤样疾病,MedicalCategory,1,qwen
E006656,类风湿,Other,1,gold
E006657,类风湿关节炎,Disease,1,gold
E006658,类风湿累及脊柱,Other,1,gold
E006659,粉尘,Other,1,gold
E006660,粗纤维食物大量摄入,Other,1,gold
E006661,粪便逐渐呈现白陶土色,Other,1,gold
E006662,精力减退,Other,1,gold
E006663,精囊壁很厚,Other,1,gold
E006664,精囊腺开口通过前列腺到尿道里,AnatomicalSite,1,gold
E006665,精囊腺炎,Disease,1,gold
E006666,精子发黄,Other,1,gold
E006667,精子异常,PathologicalState,1,gold
E006668,精子数量过少或质量偏差,Other,1,gold
E006669,精子活力不足,Other,1,gold
E006670,精子质量达不到要求,Other,1,gold
E006671,精液会自动的出来,Other,1,gold
E006672,精液呈果冻样颗粒,Other,1,gold
E006673,精液炎症,Disease,1,gold
E006674,精液自动滑脱,Other,1,gold
E006675,精满自溢,Other,1,gold
E006676,精神,Other,1,gold
E006677,精神亢奋现象,MedicalCategory,1,gold
E006678,精神倦怠,Other,1,gold
E006679,精神压力大,Other,1,gold
E006680,精神压力太大,Other,1,gold
E006681,精神受到刺激,Other,1,gold
E006682,精神异常,PathologicalState,1,gold
E006683,精神心理因素,AnatomicalSite,1,gold
E006684,精神情况,Other,1,gold
E006685,精神情感障碍,Other,1,gold
E006686,精神抑郁,Other,1,gold
E006687,精神比较焦虑,Other,1,gold
E006688,精神活动能力下降,PathologicalState,1,gold
E006689,精神科疾病,MedicalCategory,1,gold
E006690,精神行为异常,PathologicalState,1,gold
E006691,精神行为的异常,PathologicalState,1,gold
E006692,精神认知障碍,Other,1,gold
E006693,精神较为紧张,Other,1,gold
E006694,精神错乱,Other,1,gold
E006695,精细动作完成困难,Other,1,gold
E006696,糖原产生也不够多,Other,1,gold
E006697,糖尿病全身微血管病的合并症,MedicalCategory,1,gold
E006698,糖尿病基础病的患者,Disease,1,gold
E006699,糖尿病患者,Other,1,gold
E006700,糖尿病神经病变,Disease,1,gold
E006701,糖尿病肾病患者早期,Other,1,gold
E006702,糖尿病肾病终末期,Disease,1,gold
E006703,糖尿病酮症酸中毒,Disease,1,gold
E006704,系统性硬皮病,Disease,1,gold
E006705,紫外线,Other,1,gold
E006706,紫外线过敏,RiskFactor,1,gold
E006707,紫绀,Other,1,gold
E006708,累及关节时,Other,1,gold
E006709,纠正心衰,Treatment,1,qwen
E006710,红,Other,1,gold
E006711,红、肿、热、痛3-5天应该能明显缓解,Symptom,1,gold
E006712,红、肿、热、痛5-7天可以明显好转,Symptom,1,gold
E006713,红疱疹,Other,1,gold
E006714,红细胞是呈变形的状态,Other,1,gold
E006715,"红色,或浓茶样的尿液",Other,1,gold
E006716,红色的斑疹和丘疹,Other,1,gold
E006717,红血球从血管壁通过比较宽大的间隙渗透出来,Other,1,gold
E006718,"纤维化变性,纤维性坏死或者非感染性炎性改变",Disease,1,gold
E006719,纤维性肌痛,Symptom,1,gold
E006720,纤维结直肠镜,ExamProcedure,1,qwen
E006721,纤维腺瘤,Disease,1,gold
E006722,"纤维腺瘤较大,且距皮肤较深时",Disease,1,gold
E006723,纵欲过度,Other,1,gold
E006724,纵隔扑动,Other,1,gold
E006725,纵隔淋巴结肿大,Symptom,1,gold
E006726,纵隔的疾病,Disease,1,gold
E006727,纹路,Other,1,gold
E006728,线性骨折,Other,1,gold
E006729,组织、器官从阴道脱落,Other,1,gold
E006730,组织弹性一旦发生不对称,Other,1,gold
E006731,组织松弛,Other,1,gold
E006732,组织水肿,ClinicalSign,1,gold
E006733,组织的愈合减慢,PathologicalState,1,qwen
E006734,细小动脉的损害,PathologicalState,1,gold
E006735,"细小的丘疹,一般呈淡红色,随着病情的进展逐渐增多",Disease,1,gold
E006736,细胞代谢能力下降,PathologicalState,1,gold
E006737,"细菌、滴虫,或者霉菌感染",Disease,1,gold
E006738,细菌、病毒或者支原体的毒素释放入血,Disease,1,gold
E006739,细菌和病毒感染,Disease,1,gold
E006740,细菌性咽炎,Disease,1,gold
E006741,细菌性滑膜炎,Disease,1,gold
E006742,细菌性脑炎,Disease,1,gold
E006743,细菌感染者,Disease,1,gold
E006744,细菌或病毒入侵体内,Disease,1,gold
E006745,细菌或者病毒的感染,Disease,1,gold
E006746,细菌的入侵,RiskFactor,1,gold
E006747,细菌耐药,Treatment,1,gold
E006748,终末细支气管远端的气道弹性减退、过度膨胀、充气,Other,1,gold
E006749,经常会表现下腹部的疼痛,Symptom,1,gold
E006750,经常做腰部的剧烈活动,Other,1,gold
E006751,经常出现头晕,Symptom,1,gold
E006752,经常出现月经不干净,Other,1,gold
E006753,经常吃泻药,Treatment,1,gold
E006754,经常吃辛辣刺激的食物,RiskFactor,1,gold
E006755,经常吸烟,RiskFactor,1,gold
E006756,经常弯腰劳动,Other,1,gold
E006757,经常接触刺激性的东西,Other,1,gold
E006758,经常生气,Other,1,gold
E006759,经常用眼疲劳,AnatomicalSite,1,gold
E006760,经常舔牙,Other,1,gold
E006761,经常观看、接触淫秽的感官刺激,Other,1,gold
E006762,经期前后长痘痘,Other,1,gold
E006763,经期同房,Other,1,gold
E006764,经期痛经,Symptom,1,gold
E006765,经期腹痛,Symptom,1,gold
E006766,经血积在那里,Other,1,gold
E006767,经血量少,Other,1,gold
E006768,经过治疗,Treatment,1,gold
E006769,经过肾脏排泄的过程中对正常肾小球产生损伤,AnatomicalSite,1,gold
E006770,经过规律的消炎、消肿、止痛治疗,Treatment,1,gold
E006771,经量增多,Symptom,1,gold
E006772,结晶,Other,1,gold
E006773,结核性滑膜炎,Disease,1,gold
E006774,结核性的胸膜炎,Disease,1,gold
E006775,结核感染,Disease,1,gold
E006776,结核杆菌感染,Disease,1,gold
E006777,结核病,MedicalCategory,1,gold
E006778,结直肠癌,Disease,1,gold
E006779,结石出现在双侧或者只有一个肾(孤立肾),AnatomicalSite,1,gold
E006780,结石堵塞输尿管,Other,1,gold
E006781,结石完全梗阻,PathologicalState,1,gold
E006782,结石摩擦输尿管,Other,1,gold
E006783,结石较大,Other,1,gold
E006784,结肠憩室炎,Disease,1,gold
E006785,结膜充血,Other,1,gold
E006786,结膜炎症,Disease,1,gold
E006787,结膜的血管破掉,Other,1,gold
E006788,结节,Other,1,gold
E006789,结节性甲状腺肿,Symptom,1,gold
E006790,结节的边界不清,Other,1,gold
E006791,结节硬化,PathologicalState,1,gold
E006792,给家庭和社会带来显著的负面影响,Other,1,gold
E006793,给药过多、过快,Treatment,1,gold
E006794,绝经以后又出现出血,Symptom,1,gold
E006795,继发性的心肌病,Disease,1,gold
E006796,继发性的腹膜炎,Disease,1,gold
E006797,继发性细菌感染,PathologicalState,1,qwen
E006798,继发贫血,Other,1,gold
E006799,维生素b,Other,1,gold
E006800,维生素b1,Treatment,1,qwen
E006801,维生素e过期,Other,1,gold
E006802,缓进型高血压恶化,TestResult,1,gold
E006803,缩短寿命,Other,1,gold
E006804,缺乏主动性,Other,1,gold
E006805,缺乏对性征性知识的了解而产生恐惧或者害怕,Other,1,gold
E006806,缺乏锌元素,Other,1,gold
E006807,缺少钙和维生素d的补充,RiskFactor,1,qwen
E006808,缺氧缺血性脑病,Disease,1,gold
E006809,缺血性脑卒中,Disease,1,gold
E006810,缺铁,Other,1,gold
E006811,罹患其他方面的疾病以后伤害了大脑,Disease,1,gold
E006812,美尼尔综合征,Disease,1,qwen
E006813,美林,Treatment,1,qwen
E006814,美西律,Treatment,1,qwen
E006815,翻身、坐、走的时间也是推迟的,Other,1,gold
E006816,翻身痛苦,Symptom,1,gold
E006817,老人,Other,1,gold
E006818,老年人出现嗜睡,Other,1,gold
E006819,老年人出现头晕并且比较严重,Symptom,1,gold
E006820,老年人口腔内有不良修复体,AnatomicalSite,1,gold
E006821,老年人因为有长期的高血压,TestResult,1,gold
E006822,老年动脉硬化,PathologicalState,1,gold
E006823,老年带活动假牙,Other,1,gold
E006824,老年性口干,Other,1,gold
E006825,老年性痴呆,Other,1,gold
E006826,老年的患者,Other,1,gold
E006827,老年神经系统退行性疾病,MedicalCategory,1,gold
E006828,老视患者就会发现近距离阅读,Other,1,gold
E006829,耐力下降,PathologicalState,1,gold
E006830,耳、枕、肩等部位的疼痛,Symptom,1,gold
E006831,耳内反复进水,Other,1,gold
E006832,耳后沟部位的皮脂腺出现开口堵塞,MedicalCategory,1,gold
E006833,耳后的带状疱疹,Other,1,gold
E006834,耳廓容易受压变形,PathologicalState,1,gold
E006835,耳朵流黄水,Other,1,gold
E006836,耳朵背面,AnatomicalSite,1,qwen
E006837,耳痛的程度也会比较剧烈,Symptom,1,gold
E006838,耳石器功能出现障碍,PathologicalState,1,gold
E006839,耳石脱落,Other,1,gold
E006840,耳背局部有感染,PathologicalState,1,qwen
E006841,耳道充血或者局部有突起,Other,1,gold
E006842,耳道流脓,Other,1,gold
E006843,耳部的疱疹隆起,Other,1,gold
E006844,耳部的神经痛,Symptom,1,gold
E006845,耳部阵发性的疼痛感,Symptom,1,gold
E006846,耳闷,Other,1,gold
E006847,耳鸣耳聋,Symptom,1,qwen
E006848,肉眼血尿,AnatomicalSite,1,gold
E006849,肉类食物太多,Other,1,gold
E006850,肋软骨出现畸形,Other,1,gold
E006851,肋软骨挫伤,Other,1,gold
E006852,肋骨的损伤,Other,1,gold
E006853,肌力低下,Other,1,gold
E006854,肌力改变,Other,1,gold
E006855,肌坏死,PathologicalState,1,gold
E006856,肌壁间肌瘤,Disease,1,gold
E006857,肌张力增高疾病,MedicalCategory,1,gold
E006858,肌张力的问题,Other,1,gold
E006859,肌张力过高或过低,Other,1,gold
E006860,肌张力进一步增高,PathologicalState,1,gold
E006861,肌痛,Symptom,1,gold
E006862,肌瘤向子宫腔突出,Disease,1,gold
E006863,肌瘤增长迅速,Disease,1,gold
E006864,肌皮神经的病变,Disease,1,gold
E006865,肌筋膜炎,Disease,1,gold
E006866,肌紧张,Other,1,gold
E006867,肌肉、关节痛,Symptom,1,gold
E006868,肌肉僵直,Other,1,gold
E006869,肌肉减少,Symptom,1,gold
E006870,肌肉受凉,RiskFactor,1,gold
E006871,肌肉可以出现明显的无力,ClinicalSign,1,gold
E006872,肌肉和关节酸痛并软弱无力,ClinicalSign,1,gold
E006873,"肌肉已经达到了一定的强度限制,超过了基本承受能力",Other,1,gold
E006874,肌肉强直,Other,1,gold
E006875,肌肉微小撕裂,Other,1,gold
E006876,肌肉或者跟坐骨神经痛,Symptom,1,gold
E006877,肌肉撕裂,Other,1,gold
E006878,肌肉无力,ClinicalSign,1,gold
E006879,肌肉疼痛,Symptom,1,gold
E006880,肌肉的剧烈收缩,Other,1,gold
E006881,肌肉的痉挛,Other,1,gold
E006882,肌肉筋膜损伤,Other,1,gold
E006883,肌肉紧张,Other,1,gold
E006884,肌肉紧张、抽动,Other,1,gold
E006885,肌肉缺乏弹性和力量,Other,1,gold
E006886,肌肉萎缩,Other,1,gold
E006887,肌肉逐渐退变,Other,1,gold
E006888,肌肉部位的损伤,MedicalCategory,1,gold
E006889,肌肉问题,Other,1,gold
E006890,肌肉麻木,ClinicalSign,1,gold
E006891,肌腱,AnatomicalSite,1,qwen
E006892,肌腱韧带出现撕裂或者严重的断裂,Other,1,gold
E006893,肌腱韧带的问题,Other,1,gold
E006894,肌酐和尿素氮升高,Other,1,gold
E006895,肌酐和尿素迅速升高,ClinicalSign,1,qwen
E006896,肘关节问题,Other,1,gold
E006897,肚子下坠感,Other,1,gold
E006898,肚子咕咕响的声音,Other,1,gold
E006899,肚子增大,Other,1,gold
E006900,肚子大,Other,1,gold
E006901,肛肠疾病,Disease,1,gold
E006902,肛门狭窄,PathologicalState,1,gold
E006903,肛门疼痛,Symptom,1,gold
E006904,肛门直肠周围的静脉回流不畅,AnatomicalSite,1,gold
E006905,肛门肿物脱出,Symptom,1,gold
E006906,肛门裂,Other,1,gold
E006907,肛门部也有疼痛,Symptom,1,gold
E006908,肝-颈静脉回流征阳性,TestResult,1,gold
E006909,肝、肾损害,PathologicalState,1,gold
E006910,肝功出现异常,PathologicalState,1,gold
E006911,肝功能会造成一定的影响,PathologicalState,1,gold
E006912,肝功能减退,PathologicalState,1,gold
E006913,"肝功能出现异常,伴有明显黄疸",PathologicalState,1,gold
E006914,肝功能受损加重,PathologicalState,1,gold
E006915,肝功能损伤,PathologicalState,1,gold
E006916,肝损害,PathologicalState,1,gold
E006917,肝炎,Disease,1,gold
E006918,肝炎病毒,Disease,1,gold
E006919,肝癌靠近被膜下,Disease,1,gold
E006920,肝硬化比较严重的情况下比例失调、粗糙,Disease,1,gold
E006921,肝硬化结节,Disease,1,gold
E006922,肝硬化腹水,Disease,1,gold
E006923,肝脏多发囊肿,Symptom,1,gold
E006924,肝脏损害,PathologicalState,1,gold
E006925,肝脏的疾病,Disease,1,gold
E006926,肝脏肿瘤,Disease,1,gold
E006927,肝脏萎缩,AnatomicalSite,1,gold
E006928,肝脏转氨酶学的升高,AnatomicalSite,1,gold
E006929,肝脾虚弱,AnatomicalSite,1,gold
E006930,肝豆状核变性,AnatomicalSite,1,gold
E006931,肝郁气滞,AnatomicalSite,1,gold
E006932,肝阳上亢,AnatomicalSite,1,gold
E006933,肠内营养,Treatment,1,qwen
E006934,肠功能失常,PathologicalState,1,gold
E006935,肠壁炎症刺激,Disease,1,gold
E006936,肠外营养,Treatment,1,qwen
E006937,肠炎的感染,Disease,1,gold
E006938,肠痛,Symptom,1,gold
E006939,肠穿孔,AnatomicalSite,1,gold
E006940,肠胃功能欠佳者,PathologicalState,1,gold
E006941,肠胃功能造成影响,PathologicalState,1,gold
E006942,肠胃器官的痉挛,AnatomicalSite,1,gold
E006943,肠胃炎症,Disease,1,gold
E006944,肠腔出现狭窄,PathologicalState,1,gold
E006945,肠道息肉,Disease,1,qwen
E006946,肠道感染,Disease,1,gold
E006947,肠道排气增多,Symptom,1,gold
E006948,肠道梗阻,PathologicalState,1,gold
E006949,肠道病毒71型,Disease,1,gold
E006950,肠道的菌群失调,AnatomicalSite,1,gold
E006951,肠道离精囊腺较近,AnatomicalSite,1,gold
E006952,肠道菌群失衡,AnatomicalSite,1,gold
E006953,肠道菌群结构改变,AnatomicalSite,1,gold
E006954,肠道问题,AnatomicalSite,1,gold
E006955,肠道黏膜的溃疡出血,Symptom,1,gold
E006956,"肠黏膜脱落,随着大便排出",AnatomicalSite,1,gold
E006957,股外侧皮神经炎,Disease,1,gold
E006958,股骨颈骨折,Other,1,gold
E006959,肢体不全瘫痪,AnatomicalSite,1,gold
E006960,肢体不等长,AnatomicalSite,1,gold
E006961,肢体抽搐,AnatomicalSite,1,gold
E006962,肢体无力,ClinicalSign,1,gold
E006963,"肢体浮肿,下肢一按一个坑",Symptom,1,gold
E006964,肢体的活动不利,AnatomicalSite,1,gold
E006965,肢体远端动脉搏动减弱或消失,AnatomicalSite,1,gold
E006966,"肢体远端缺血,发生肢体苍白",AnatomicalSite,1,gold
E006967,肢体远端肌力减退或麻痹,AnatomicalSite,1,gold
E006968,肢体麻木、无力,ClinicalSign,1,gold
E006969,肢体麻木无力,ClinicalSign,1,gold
E006970,肢酸软无力,ClinicalSign,1,gold
E006971,肥厚性梗阻性、非梗阻性心肌病,Disease,1,gold
E006972,肥厚梗阻性心肌病,Disease,1,gold
E006973,肥胖体质,RiskFactor,1,gold
E006974,肥胖风险的增加,RiskFactor,1,gold
E006975,肩关节严重功能障碍,PathologicalState,1,gold
E006976,肩关节周围疼痛,Symptom,1,qwen
E006977,肩关节疾病,Disease,1,gold
E006978,肩关节的功能开始逐渐受限,PathologicalState,1,gold
E006979,肩关节脱位,Other,1,gold
E006980,肩周活动障碍,Other,1,gold
E006981,肩胛下的滑囊炎,Disease,1,gold
E006982,肩胛部疼痛,Symptom,1,gold
E006983,"肩胛部的疼痛,并且往左侧的肩部、背部放射",Symptom,1,gold
E006984,肩胛骨骨折,Other,1,gold
E006985,肩膀疼痛,Symptom,1,gold
E006986,肩膀痛,Symptom,1,gold
E006987,肩袖的肌腱炎,Disease,1,gold
E006988,肩袖韧带变细,Other,1,gold
E006989,肩袖韧带撕裂,Other,1,gold
E006990,肩部肌肉萎缩,Other,1,gold
E006991,肩部酸沉,Other,1,gold
E006992,肩锁关节损伤为主,Other,1,gold
E006993,肺出血,Symptom,1,gold
E006994,肺功能不好,PathologicalState,1,gold
E006995,肺动脉栓塞,AnatomicalSite,1,gold
E006996,肺动脉瓣第二心音亢进,AnatomicalSite,1,gold
E006997,肺动脉的压力升高,AnatomicalSite,1,gold
E006998,肺动脉高压,AnatomicalSite,1,gold
E006999,肺失宣降,AnatomicalSite,1,gold
E007000,肺容积增大,AnatomicalSite,1,gold
E007001,肺循环淤血,AnatomicalSite,1,gold
E007002,肺心病右心衰,PathologicalState,1,qwen
E007003,肺恶性肿瘤,Disease,1,gold
E007004,肺收缩,AnatomicalSite,1,gold
E007005,肺梗,AnatomicalSite,1,gold
E007006,肺气肿严重,Symptom,1,gold
E007007,肺火,AnatomicalSite,1,gold
E007008,肺炎克雷伯杆菌,Disease,1,gold
E007009,肺炎克雷伯菌,Disease,1,gold
E007010,肺炎双球菌,Disease,1,gold
E007011,肺炎支原体感染,Disease,1,gold
E007012,肺炎早期,Disease,1,qwen
E007013,肺炎累及胸膜,Disease,1,gold
E007014,肺炎肺不张,Disease,1,qwen
E007015,肺炎链球菌,Disease,1,gold
E007016,肺癌出现胸腔积液,Disease,1,gold
E007017,肺癌双肺转移,Disease,1,gold
E007018,肺癌的患者如果有近处的淋巴结转移,Disease,1,gold
E007019,肺癌的第iv期,Disease,1,gold
E007020,肺纹理增多、增粗,Symptom,1,gold
E007021,肺组织的淋巴管肌瘤,Disease,1,gold
E007022,"肺组织肿瘤切除过程当中,清扫淋巴结",Disease,1,gold
E007023,肺脏疾病,Disease,1,gold
E007024,肺血发生明显增多,Symptom,1,gold
E007025,肺血增多,Symptom,1,gold
E007026,肺部啰音,AnatomicalSite,1,gold
E007027,肺部多发结节,AnatomicalSite,1,gold
E007028,肺部有高密度阴影或孤立性肿块,Symptom,1,gold
E007029,肺部的炎症,Disease,1,gold
E007030,肺部的疾病,Disease,1,gold
E007031,肺部组织急性炎症,Disease,1,gold
E007032,肺部组织的炎症,Disease,1,gold
E007033,肺鳞状细胞癌,Disease,1,gold
E007034,肾上腺增生,AnatomicalSite,1,gold
E007035,肾上腺疾病,Disease,1,gold
E007036,肾上腺皮质激素分泌增加,TestResult,1,gold
E007037,肾上腺糖皮质类固醇激素的分泌或应用,TestResult,1,gold
E007038,肾上腺糖皮质类固醇激素能够分解纤维蛋白,TestResult,1,gold
E007039,肾上腺素,AnatomicalSite,1,gold
E007040,肾内血流分布以肾皮质血流量下降明显,PathologicalState,1,gold
E007041,肾功能不佳,PathologicalState,1,gold
E007042,肾功能出现衰竭,PathologicalState,1,gold
E007043,肾功能恶化,PathologicalState,1,gold
E007044,肾功能疾病,Disease,1,gold
E007045,肾功能的变化,PathologicalState,1,gold
E007046,肾功能的损伤,PathologicalState,1,gold
E007047,肾功能的损害,PathologicalState,1,gold
E007048,肾功能衰竭,PathologicalState,1,gold
E007049,肾功能较差,PathologicalState,1,gold
E007050,肾动脉狭窄,PathologicalState,1,gold
E007051,肾动脉硬化,PathologicalState,1,gold
E007052,肾小球损伤,AnatomicalSite,1,gold
E007053,肾小球缺血、萎缩、纤维化,AnatomicalSite,1,gold
E007054,肾小球肾炎,Disease,1,gold
E007055,肾小管上皮细胞,AnatomicalSite,1,gold
E007056,肾小管性的疾病,Disease,1,gold
E007057,肾水上泛也会聚而成痰,AnatomicalSite,1,gold
E007058,肾炎水肿,Symptom,1,qwen
E007059,肾盂到尿道有炎症或者坏死性病变,Disease,1,gold
E007060,肾盂里面的尿液不能很好的通过输尿管到达膀胱,AnatomicalSite,1,gold
E007061,肾积水,AnatomicalSite,1,gold
E007062,肾素-血管紧张素-醛固酮系统的过度激活,AnatomicalSite,1,gold
E007063,肾素、血管紧张素的作用,AnatomicalSite,1,gold
E007064,肾脏内有尿盐沉积,AnatomicalSite,1,gold
E007065,肾脏出现了肿瘤或者炎症,Disease,1,gold
E007066,肾脏功能不全,PathologicalState,1,gold
E007067,肾脏方面的疾病,Disease,1,gold
E007068,肾脏的疾病,Disease,1,gold
E007069,肾脏结石,AnatomicalSite,1,gold
E007070,肾脏萎缩,AnatomicalSite,1,gold
E007071,肾脏逐渐损伤,AnatomicalSite,1,gold
E007072,肾虚腰痛,Symptom,1,gold
E007073,肾血管的畸形,AnatomicalSite,1,gold
E007074,肾输尿管结石,AnatomicalSite,1,gold
E007075,肾间质纤维化,AnatomicalSite,1,gold
E007076,肿,Symptom,1,gold
E007077,肿块,Symptom,1,gold
E007078,肿物,Symptom,1,gold
E007079,"肿物为结节状或息肉状,表面光滑,在显微镜下观察,细胞有时会伴有轻度的异型性",Symptom,1,gold
E007080,肿瘤体积巨大,Disease,1,gold
E007081,肿瘤侧睾丸、阴囊体积增大,Disease,1,gold
E007082,肿瘤刺激,PathologicalState,1,qwen
E007083,肿瘤占位性疾病,Disease,1,gold
E007084,肿瘤因素,Disease,1,gold
E007085,肿瘤堵塞输尿管,Disease,1,gold
E007086,肿瘤对硬脑膜侵蚀刺激,Disease,1,gold
E007087,肿瘤性的病变,Disease,1,gold
E007088,肿瘤生长速度特别快,Disease,1,gold
E007089,肿瘤瘤腔渗血,Disease,1,gold
E007090,肿瘤纵隔淋巴结增多,Disease,1,gold
E007091,肿瘤细胞侵犯,Disease,1,gold
E007092,肿瘤自身发生出血或者发生坏死,Disease,1,gold
E007093,肿胀不适,Symptom,1,gold
E007094,胃不舒服,AnatomicalSite,1,gold
E007095,胃会难受,AnatomicalSite,1,gold
E007096,胃内容物反流入食道,AnatomicalSite,1,gold
E007097,胃内食物的消化排空时间就会延长,AnatomicalSite,1,gold
E007098,胃底静脉曲张,AnatomicalSite,1,gold
E007099,胃息肉,AnatomicalSite,1,gold
E007100,胃消化功能异常,PathologicalState,1,gold
E007101,胃溃疡或十二指肠溃疡引起,Disease,1,gold
E007102,胃火旺盛,AnatomicalSite,1,gold
E007103,胃病,MedicalCategory,1,qwen
E007104,胃癌晚期,Other,1,gold
E007105,胃的蠕动就会受到影响,AnatomicalSite,1,gold
E007106,胃窦癌,Disease,1,gold
E007107,胃糜烂,AnatomicalSite,1,gold
E007108,胃肠蠕动功能加快,PathologicalState,1,gold
E007109,胃肠道感染,Disease,1,gold
E007110,胃肠道的不适应出现疼痛,Symptom,1,gold
E007111,胃肠道的不适症状,Disease,1,gold
E007112,胃肠道的正常节律被打乱,AnatomicalSite,1,gold
E007113,胃肠道蠕动过快,AnatomicalSite,1,gold
E007114,胃肠道蠕动过快患者食物摄入后,Other,1,gold
E007115,胃肠道问题,AnatomicalSite,1,gold
E007116,胃部不舒服,AnatomicalSite,1,gold
E007117,胃部出现针扎样的疼痛,Symptom,1,gold
E007118,胃部灼痛,Symptom,1,gold
E007119,胃部疼痛,Symptom,1,gold
E007120,"胃酸和消化液的作用下,血红蛋白被还原分解和细胞破坏",AnatomicalSite,1,gold
E007121,胃酸和血红蛋白相互作用,AnatomicalSite,1,gold
E007122,胃酸在接触溃疡面,AnatomicalSite,1,gold
E007123,胃镜检查前需要应用局部麻醉药,ExamProcedure,1,gold
E007124,胃阴虚,AnatomicalSite,1,gold
E007125,胃食管反流,AnatomicalSite,1,gold
E007126,胃食道反流相关性咳嗽,Symptom,1,gold
E007127,胃黏膜出现炎症,Disease,1,gold
E007128,胃黏膜感染了幽门螺杆菌,Disease,1,gold
E007129,胆囊在急性炎症期或者结石已经嵌顿了或卡死了,Disease,1,gold
E007130,胆囊就会收缩,AnatomicalSite,1,gold
E007131,胆囊结石,AnatomicalSite,1,gold
E007132,胆汁中的胆固醇与胆汁酸比例失调,PathologicalState,1,qwen
E007133,胆汁反流性胃炎,Disease,1,gold
E007134,胆红素脑病,Disease,1,gold
E007135,胆道系统引起的炎症性肝病,Disease,1,gold
E007136,背部的筋膜炎,Disease,1,gold
E007137,背部皮肤组织损伤,PathologicalState,1,qwen
E007138,胎儿发育畸形,Other,1,gold
E007139,胎儿因素,Other,1,gold
E007140,胎儿无脑,Disease,1,qwen
E007141,胎儿死亡,Other,1,gold
E007142,胎儿生长受限,Other,1,gold
E007143,胎儿的营养供给产生影响,Treatment,1,gold
E007144,胎儿神经发育异常,PathologicalState,1,qwen
E007145,胎儿过大,Other,1,gold
E007146,胎内随之带来,Other,1,gold
E007147,胎头吸引,Other,1,gold
E007148,胎盘、胎膜宫内残留,Other,1,gold
E007149,胚胎本身发育异常,PathologicalState,1,gold
E007150,胚胎的着床生长发育,Other,1,gold
E007151,胚胎着床时间较晚,Other,1,gold
E007152,胚胎质量变差,Other,1,gold
E007153,胡须,Other,1,gold
E007154,胫骨平台两侧骨质增生比较明显,Other,1,gold
E007155,胰岛素分泌的节律变乱,AnatomicalSite,1,gold
E007156,胰岛素分泌的节律被打乱,AnatomicalSite,1,gold
E007157,胰液分泌较少,AnatomicalSite,1,gold
E007158,胰管压力增高,PathologicalState,1,gold
E007159,胰管堵塞,AnatomicalSite,1,gold
E007160,胰管结石,AnatomicalSite,1,gold
E007161,胰管迂曲,AnatomicalSite,1,gold
E007162,胰腺萎缩、钙化,AnatomicalSite,1,gold
E007163,胶原纤维分离,Other,1,gold
E007164,胶质瘤,Disease,1,gold
E007165,胸口疼,Symptom,1,qwen
E007166,胸口疼痛,Symptom,1,gold
E007167,胸壁受外力打击,Other,1,gold
E007168,胸壁损伤,Other,1,gold
E007169,胸片或者ct提示双肺纹理粗乱,ExamProcedure,1,gold
E007170,"胸痛,胸痛随呼吸运动和咳嗽加重",ClinicalSign,1,gold
E007171,胸痛大多为钝痛、压榨性的疼痛,Symptom,1,gold
E007172,胸肋苦满,Other,1,gold
E007173,胸腔内出现了病变,Disease,1,gold
E007174,胸腹水,Other,1,gold
E007175,胸膈不利,Other,1,gold
E007176,胸膜性胸痛,Symptom,1,gold
E007177,胸膜有病变,Disease,1,gold
E007178,胸膜的肿瘤,Disease,1,gold
E007179,胸部ct也提示病毒性肺炎,ExamProcedure,1,gold
E007180,胸部ct表现为典型的病毒性肺炎的症状,ExamProcedure,1,gold
E007181,胸部x光片,ExamProcedure,1,qwen
E007182,胸部、下肢、颈部疼痛,Symptom,1,gold
E007183,胸部受伤,AnatomicalSite,1,gold
E007184,胸部损伤,AnatomicalSite,1,gold
E007185,胸部疼痛,Symptom,1,qwen
E007186,胸部的疼痛,Symptom,1,gold
E007187,胸锁乳的筋膜结节或者挛缩,Other,1,gold
E007188,"胸锁关节,局部有增生、退变、关节间隙变窄,有的还会有半脱位",Other,1,gold
E007189,胸锁关节部位的疼痛、肿胀,Symptom,1,gold
E007190,胸闷气短,Other,1,gold
E007191,胸高胁胀,Other,1,gold
E007192,脂栓,Other,1,gold
E007193,脂肪含量很高、胆固醇含量很高的食物,AnatomicalSite,1,gold
E007194,脂肪垫,Other,1,qwen
E007195,脂肪增多,Symptom,1,gold
E007196,脂肪性肝病,Disease,1,gold
E007197,脂肪样大便出现,Other,1,gold
E007198,脂肪的累积,Other,1,gold
E007199,脂肪肝,AnatomicalSite,1,gold
E007200,脂膜炎,Disease,1,gold
E007201,脉实有力,Other,1,gold
E007202,脉弦,Other,1,gold
E007203,脉搏和呼吸加速,ClinicalSign,1,gold
E007204,脉缓弱,Other,1,gold
E007205,脊柱,AnatomicalSite,1,qwen
E007206,脊柱后凸畸形,PathologicalState,1,qwen
E007207,脊柱骨折,Other,1,gold
E007208,脊髓、神经根、血管产生压迫,Other,1,gold
E007209,脊髓炎,Disease,1,gold
E007210,脊髓的症状,Disease,1,gold
E007211,脊髓空洞,PathologicalState,1,gold
E007212,脏器会出现发热,Symptom,1,gold
E007213,脏腑功能紊乱,PathologicalState,1,gold
E007214,脏腑气血不和,Other,1,gold
E007215,脏腑气血亏损,Other,1,gold
E007216,脐周疼痛,Symptom,1,gold
E007217,脐带因素,Other,1,gold
E007218,脐疝,Other,1,gold
E007219,脐茸,Other,1,gold
E007220,脑-肠互动致中枢疼痛调控异常,Symptom,1,gold
E007221,脑内血肿,Symptom,1,gold
E007222,脑出血20ml,Disease,1,qwen
E007223,脑出血出血量一般比较大,Symptom,1,gold
E007224,脑出血性猝死,Symptom,1,gold
E007225,脑动脉粥样硬化,PathologicalState,1,gold
E007226,脑卒中后猝死,Disease,1,gold
E007227,脑外伤,RiskFactor,1,gold
E007228,脑子的供血不足,AnatomicalSite,1,gold
E007229,脑子萎缩,AnatomicalSite,1,gold
E007230,脑子里的胡思乱想而出现在梦境里,AnatomicalSite,1,gold
E007231,脑干梗塞,AnatomicalSite,1,gold
E007232,脑干的梗死,Disease,1,gold
E007233,脑挫裂伤区多在额、颞前份,AnatomicalSite,1,gold
E007234,脑损伤,AnatomicalSite,1,gold
E007235,脑桥、中脑和延髓部位梗塞,AnatomicalSite,1,gold
E007236,脑梗发作,Disease,1,qwen
E007237,脑梗塞后遗症,Disease,1,gold
E007238,脑水肿比较严重,ClinicalSign,1,gold
E007239,脑白质软化症,Disease,1,gold
E007240,脑组织出血或者缺血,Symptom,1,gold
E007241,脑组织和脑干受压,PathologicalState,1,qwen
E007242,脑细胞的缺血、缺氧、坏死,PathologicalState,1,gold
E007243,脑缺氧,AnatomicalSite,1,gold
E007244,脑缺血,AnatomicalSite,1,gold
E007245,"脑脊液出现了浑浊,或者有颜色",AnatomicalSite,1,gold
E007246,"脑脊液可以呈淡红色,或者出血量比较多的时候有可能红色也比较深",Symptom,1,gold
E007247,脑脊液鼻漏复发后迁延不愈,AnatomicalSite,1,gold
E007248,脑脓肿,Symptom,1,gold
E007249,脑膜刺激征的消失,AnatomicalSite,1,gold
E007250,脑萎缩,AnatomicalSite,1,gold
E007251,脑血管的问题,AnatomicalSite,1,gold
E007252,脑血管缺血,AnatomicalSite,1,gold
E007253,脑转移率,AnatomicalSite,1,gold
E007254,脑转移率比较高,AnatomicalSite,1,gold
E007255,脑部的炎症,Disease,1,gold
E007256,脑部缺氧,AnatomicalSite,1,gold
E007257,脑部肿瘤,Disease,1,gold
E007258,脑部血液供应障碍,AnatomicalSite,1,gold
E007259,脓包,Other,1,gold
E007260,脓性分泌物,Other,1,gold
E007261,脓性分泌物流出,Other,1,gold
E007262,脓性分泌物随着大便排出,Other,1,gold
E007263,脓毒症休克,Disease,1,gold
E007264,脓疱,Other,1,gold
E007265,脓疱疮,Other,1,gold
E007266,脓痰,Other,1,gold
E007267,脓血,Other,1,gold
E007268,脓血痰,Other,1,gold
E007269,脓鼻涕样的白带,AnatomicalSite,1,gold
E007270,脖子姿势不合适,Other,1,gold
E007271,脚后跟干裂,Other,1,gold
E007272,脚掌无力,ClinicalSign,1,gold
E007273,脚气,Other,1,gold
E007274,脚气长水疱,Other,1,gold
E007275,脚肿也较明显,Symptom,1,gold
E007276,脚肿较明显,Symptom,1,gold
E007277,脚踝呈内翻或外翻状,ClinicalSign,1,qwen
E007278,脚麻,Other,1,gold
E007279,脱发,Other,1,gold
E007280,脱垂症状,Disease,1,gold
E007281,脱垂的痔疮容易与肛门周围的组织形成血栓或者水肿,ClinicalSign,1,gold
E007282,脱头发,Other,1,gold
E007283,脱皮,Other,1,gold
E007284,脱落的上皮细胞和变性白细胞凝固而成,Other,1,gold
E007285,脱髓鞘疾病,Disease,1,gold
E007286,脸或手偏侧发麻,Other,1,gold
E007287,脸色偏黄,Other,1,gold
E007288,脸部的雀斑可能就会明显的变淡甚至消失,Other,1,gold
E007289,脾大,AnatomicalSite,1,gold
E007290,脾气急躁,AnatomicalSite,1,gold
E007291,脾肿大,Symptom,1,gold
E007292,"脾胃虚弱、胃寒的人,在吃青菜",AnatomicalSite,1,gold
E007293,脾胃运化的能力下降,PathologicalState,1,gold
E007294,脾胃运化能力下降,PathologicalState,1,gold
E007295,脾虚,AnatomicalSite,1,gold
E007296,"腋窝部位皮肤比较薄,属于褶皱部位",AnatomicalSite,1,gold
E007297,腓浅神经,Other,1,gold
E007298,腓深神经,Other,1,gold
E007299,腔隙性的脑梗塞,AnatomicalSite,1,gold
E007300,腕掌桡侧,AnatomicalSite,1,qwen
E007301,腕管综合征,Disease,1,qwen
E007302,腕背侧,AnatomicalSite,1,qwen
E007303,腥臭味,Other,1,gold
E007304,腰4-5椎间盘突出,Other,1,gold
E007305,腰5骶1椎间盘突出,Other,1,gold
E007306,腰上长了好多痘痘,Other,1,gold
E007307,腰很难受,Other,1,gold
E007308,腰椎峡部裂,Other,1,gold
E007309,腰椎横突反复摩擦周围软组织,Other,1,gold
E007310,腰椎滑脱,Other,1,gold
E007311,腰椎病变,Disease,1,gold
E007312,腰椎的小关节错位,Other,1,gold
E007313,腰椎的腰椎间盘突出、腰椎管狭窄,PathologicalState,1,gold
E007314,腰椎相邻的腰椎节段错位,Other,1,gold
E007315,腰椎管狭窄,PathologicalState,1,gold
E007316,腰椎管狭窄症,Disease,1,gold
E007317,腰背部出现肌肉疲软,Other,1,gold
E007318,腰背部疼痛、酸胀,Symptom,1,gold
E007319,腰部出现剧烈的疼痛,Symptom,1,gold
E007320,腰部早上疼的厉害,Symptom,1,gold
E007321,腰部有无菌性炎症病灶,Disease,1,gold
E007322,腰部活动,Other,1,gold
E007323,腰部疼痛,Symptom,1,gold
E007324,腰部疼痛和腿部抽筋症状同时出现,Disease,1,gold
E007325,腰部的肌肉由于长期弯腰持物、着凉或者劳累,RiskFactor,1,gold
E007326,腰部的酸、胀、不适,Other,1,gold
E007327,腰部的酸胀、钝痛,Symptom,1,gold
E007328,腰部经常活动,Other,1,gold
E007329,腰部肌肉出现拉伤,Other,1,gold
E007330,腰部酸胀感,Other,1,gold
E007331,腰酸疼,Symptom,1,gold
E007332,腱鞘,AnatomicalSite,1,qwen
E007333,腹压降低,Other,1,gold
E007334,腹型肥胖,RiskFactor,1,gold
E007335,腹壁肌肉的厚度和弹性,Other,1,gold
E007336,腹泻与便秘交替,Symptom,1,gold
E007337,腹泻严重,Symptom,1,gold
E007338,腹泻便秘交替,Symptom,1,gold
E007339,腹泻水样便,Symptom,1,gold
E007340,腹泻症状加重,Disease,1,gold
E007341,"腹泻症状很重,伴有次数的很多",Disease,1,gold
E007342,腹泻量比较大,Symptom,1,gold
E007343,腹疼,Symptom,1,gold
E007344,腹痛症状持续加重,Disease,1,gold
E007345,腹直肌分离,Other,1,gold
E007346,腹肌紧张,Other,1,gold
E007347,"腹腔内的一些脏器、外伤,或者是穿孔",RiskFactor,1,gold
E007348,腹腔压力增高,PathologicalState,1,gold
E007349,腹部会出现明显的膨隆,AnatomicalSite,1,gold
E007350,腹部会有明显的压痛,Symptom,1,gold
E007351,腹部包块,AnatomicalSite,1,gold
E007352,"腹部巨大的肿块,生长速度比较快,边界不够清楚",Symptom,1,gold
E007353,腹部持续性胀痛,Symptom,1,gold
E007354,腹部胀痛,Symptom,1,gold
E007355,腺体异常,PathologicalState,1,gold
E007356,腺性膀胱炎,Disease,1,gold
E007357,腺病毒,Disease,1,gold
E007358,腺瘤性增生,Disease,1,gold
E007359,腿疼痛、酸痛,Symptom,1,gold
E007360,腿的疼痛、麻木,ClinicalSign,1,gold
E007361,腿的酸痛,Symptom,1,gold
E007362,腿部产生疼痛,Symptom,1,gold
E007363,腿部局部疼痛,Symptom,1,gold
E007364,腿部抽筋,Other,1,gold
E007365,腿部疼痛,Symptom,1,gold
E007366,腿部血栓,Other,1,gold
E007367,腿酸痛,Symptom,1,gold
E007368,膀胱三角区的肿瘤,Disease,1,gold
E007369,膀胱内的占位,PathologicalState,1,qwen
E007370,膀胱感染,Disease,1,gold
E007371,膀胱淤积,Other,1,gold
E007372,膀胱结核,Other,1,gold
E007373,膀胱过度活动症造成尿失禁,Disease,1,gold
E007374,膝关节严重疼痛、肿胀,Symptom,1,gold
E007375,膝关节后向稳定性丧失,Symptom,1,gold
E007376,膝关节周围副韧带的一些松弛或者损伤,Other,1,gold
E007377,膝关节周围的小血管的病变,Disease,1,gold
E007378,膝关节周围的感觉异常,PathologicalState,1,gold
E007379,膝关节屈伸、负重活动,Other,1,gold
E007380,膝关节炎,Disease,1,gold
E007381,膝关节的滑膜炎,Disease,1,gold
E007382,膝关节的积血、积液,Other,1,gold
E007383,膝关节软骨损伤比较轻,Other,1,gold
E007384,膝关节退行性病变比较严重,Disease,1,gold
E007385,膝关节部位有明显的肿胀、畸形和活动受限,Symptom,1,gold
E007386,膝关节部位有明显的肿胀、疼痛,Symptom,1,gold
E007387,膝关节骨性关节炎的炎症刺激,Disease,1,gold
E007388,臀位抽出术,Other,1,gold
E007389,臀桥,Treatment,1,qwen
E007390,臀部的疼痛不适,Symptom,1,gold
E007391,臂丛神经损伤,Other,1,gold
E007392,臂疼痛,Symptom,1,gold
E007393,臃肿,Symptom,1,gold
E007394,自主神经功能不稳定,PathologicalState,1,qwen
E007395,自主神经功能失调,PathologicalState,1,gold
E007396,自主神经功能障碍,PathologicalState,1,gold
E007397,自卑,Other,1,gold
E007398,自发性的出血,Symptom,1,gold
E007399,自发痛,Symptom,1,gold
E007400,自杀,Other,1,gold
E007401,自杀倾向,Other,1,gold
E007402,自杀行为,Other,1,gold
E007403,自杀观念及行为,Other,1,gold
E007404,自觉症状,Symptom,1,qwen
E007405,自身代谢性疾病,Disease,1,gold
E007406,自身免疫,Other,1,gold
E007407,自身免疫力会有所降低,Other,1,gold
E007408,自身免疫性的疾病,MedicalCategory,1,gold
E007409,自身免疫病,Disease,1,gold
E007410,自身免疫系统调整,Other,1,gold
E007411,自身免疫紊乱,Other,1,gold
E007412,自闭,Other,1,gold
E007413,自限性的疾病,MedicalCategory,1,gold
E007414,致右室心律失常性心肌病,Disease,1,gold
E007415,致皮肤破损,AnatomicalSite,1,gold
E007416,舌尖对疼痛较为敏感,Symptom,1,gold
E007417,舌根后坠,Other,1,gold
E007418,舌炎,Disease,1,gold
E007419,舌红,Other,1,gold
E007420,舌红少苔,Other,1,gold
E007421,舌红苔薄,Other,1,gold
E007422,舌红苔黄燥,Other,1,gold
E007423,舌红苔黄腻,Other,1,gold
E007424,舌质淡红,Other,1,gold
E007425,舌边尖,Other,1,gold
E007426,舒张压升高,Other,1,gold
E007427,舒张早期第三心音奔马律,AnatomicalSite,1,gold
E007428,舒张期奔马律,Other,1,gold
E007429,舒眠胶囊,Other,1,gold
E007430,舞蹈病,Disease,1,gold
E007431,"良性的,包块也特别大",Other,1,gold
E007432,良性的包块,MedicalCategory,1,gold
E007433,良性肿物,Symptom,1,gold
E007434,艾滋病初期,Disease,1,gold
E007435,艾滋病晚期,Other,1,gold
E007436,节段性肢体分离性感觉障碍,AnatomicalSite,1,gold
E007437,芒果,Other,1,gold
E007438,花粉,Other,1,gold
E007439,苍白,Other,1,gold
E007440,苔白,Other,1,gold
E007441,苔黄腻,Other,1,gold
E007442,荔枝,Other,1,gold
E007443,药品的不良反应,PathologicalState,1,qwen
E007444,药物、毒物、自身免疫性疾病等因素累及心脏,Treatment,1,gold
E007445,药物刺激,Treatment,1,gold
E007446,药物影响,Treatment,1,gold
E007447,药物性作用,Treatment,1,gold
E007448,药物性的结晶,Treatment,1,gold
E007449,药物性肝病,Treatment,1,gold
E007450,药物性脑出血,Treatment,1,gold
E007451,药物成分,Treatment,1,gold
E007452,药物是经过肾脏代谢,Treatment,1,gold
E007453,药物治疗,Treatment,1,qwen
E007454,药物流产,Treatment,1,gold
E007455,"药物蓄积,延长药物作用时间",Treatment,1,gold
E007456,药物过敏,Treatment,1,gold
E007457,药物过量,Treatment,1,gold
E007458,莫名其妙的会哭、会笑,Other,1,gold
E007459,莫名其妙的容易哭泣,Other,1,gold
E007460,菌状乳头炎,Disease,1,gold
E007461,菠萝,Other,1,gold
E007462,萌出不全,Other,1,gold
E007463,萌出位置不够,Other,1,gold
E007464,萎缩,Other,1,gold
E007465,营养,Treatment,1,gold
E007466,营养因素,Treatment,1,gold
E007467,营养液的输注,Treatment,1,qwen
E007468,营养状态的下降、消耗,Treatment,1,gold
E007469,营养跟不上,Treatment,1,gold
E007470,葡萄胎,Other,1,gold
E007471,葡萄胎侵蚀,Other,1,gold
E007472,葡萄胎的异常组织渗入子宫壁内膜,PathologicalState,1,gold
E007473,蒂蒂扭转,Other,1,gold
E007474,蒂部较长的黏膜下子宫肌瘤可从宫颈管脱出,Disease,1,gold
E007475,蒜臭味,Other,1,gold
E007476,蒲地蓝消炎口服液,Treatment,1,qwen
E007477,蓝芩口服液,Treatment,1,qwen
E007478,蔬菜或者水果类的辅食添加比较少,Other,1,gold
E007479,蕈样肉芽肿,Symptom,1,gold
E007480,虚性亢奋,Other,1,gold
E007481,虚症,Disease,1,gold
E007482,蚊虫等叮咬,Other,1,gold
E007483,蛋白、出血和白细胞数目增多,Symptom,1,gold
E007484,蛋白质消化不完全,Other,1,gold
E007485,蛛网膜粘连、肥厚,PathologicalState,1,gold
E007486,蜀粒性病变,Disease,1,gold
E007487,蜂窝织炎,Disease,1,gold
E007488,蜱虫,Other,1,gold
E007489,血hcg变化,Other,1,gold
E007490,血中的红细胞在通过病变的血管时易损伤破坏,Disease,1,gold
E007491,血中肾素和血管紧张素水平升高,TestResult,1,gold
E007492,血体,Other,1,gold
E007493,血供不丰富,Other,1,gold
E007494,血供比较丰富,Other,1,gold
E007495,血压,TestResult,1,gold
E007496,血压下降,TestResult,1,gold
E007497,血压不高,TestResult,1,gold
E007498,血压剧烈的波动,TestResult,1,gold
E007499,血压升高非常明显,TestResult,1,gold
E007500,血压可持续下降,TestResult,1,gold
E007501,血压在180/200mmhg不治疗,Treatment,1,gold
E007502,血压增高的直接作用,TestResult,1,gold
E007503,血压显著升高,TestResult,1,gold
E007504,血压的增高,TestResult,1,gold
E007505,血压长期增高,TestResult,1,gold
E007506,血压骤升,TestResult,1,gold
E007507,血容量不足或者是浓缩,Other,1,gold
E007508,血小板下降,PathologicalState,1,gold
E007509,血小板降低,Other,1,gold
E007510,血尿酸水平增高,TestResult,1,gold
E007511,血常规,ExamProcedure,1,qwen
E007512,血常规、c反应蛋白提示血象升高,Other,1,gold
E007513,血常规中白细胞以及血色素的降低,Other,1,gold
E007514,血常规白细胞正常或者偏低,Other,1,gold
E007515,血性白带,Other,1,gold
E007516,血性脓臭样异常排液,PathologicalState,1,gold
E007517,血栓形成,Other,1,gold
E007518,血氧饱和度小于60mmhg,TestResult,1,qwen
E007519,血沉高,Other,1,gold
E007520,血浆置换,Treatment,1,qwen
E007521,"血液与粪便相混合,颜色多呈暗红色或者紫褐色",Other,1,gold
E007522,"血液中过多的脂类物质,在颈总动脉内膜上沉积",Other,1,gold
E007523,血液冲刷阴道,Other,1,gold
E007524,血液净化,Treatment,1,qwen
E007525,血液可以混杂在尿液之中,Other,1,gold
E007526,血液外渗,Other,1,gold
E007527,血液当中糖的水平波动,TestResult,1,gold
E007528,血液检查可能出现反应炎症指标的白细胞与中性粒细胞增高,ExamProcedure,1,gold
E007529,血液由于重力的作用会突然间涌向下肢,Other,1,gold
E007530,血液病,Disease,1,gold
E007531,血液白细胞、红细胞就会穿过了毛细血管而游走到皮肤的下面,AnatomicalSite,1,gold
E007532,"血液白细胞、红细胞就会穿过了毛细血管而游走到皮肤的下面,出来的血细胞多就会呈现黑紫的颜色",AnatomicalSite,1,gold
E007533,血液粘稠度,Other,1,gold
E007534,血液系统的肿瘤,Disease,1,gold
E007535,血液里血氧含量下降、二氧化碳含量增加,PathologicalState,1,gold
E007536,血液黏度高的人长时间久坐,Other,1,gold
E007537,血清fsh升高,Other,1,gold
E007538,血清的肌酐会低于正常值的下限,Other,1,gold
E007539,血管先天狭窄,PathologicalState,1,gold
E007540,血管发生破裂,PathologicalState,1,gold
E007541,血管受到狭窄刺激,PathologicalState,1,gold
E007542,血管性疾病,Disease,1,gold
E007543,血管持续痉挛,Other,1,gold
E007544,血管病,Disease,1,gold
E007545,血管病变,Disease,1,gold
E007546,血管的明显狭窄,PathologicalState,1,gold
E007547,血管的痉挛发生,Other,1,gold
E007548,血管神经性水肿,ClinicalSign,1,gold
E007549,血管管腔的狭窄、闭塞,PathologicalState,1,gold
E007550,血管血液循环下降,PathologicalState,1,gold
E007551,血管运动中枢功能紊乱,PathologicalState,1,gold
E007552,血管通透性增加,Other,1,gold
E007553,血管钙化,Other,1,gold
E007554,血糖,Other,1,gold
E007555,血糖、血钙及血镁浓度的高低,TestResult,1,gold
E007556,血糖升高,Other,1,gold
E007557,血糖比较高,Other,1,gold
E007558,血糖水平波动比较幅度大,TestResult,1,gold
E007559,血糖的明显升高,Other,1,gold
E007560,血糖的过度升高,Other,1,gold
E007561,"血红胆红素超过6mg/dl,足月儿持续时间超过2周,早产儿超过4周",AnatomicalSite,1,gold
E007562,血红蛋白下降,PathologicalState,1,gold
E007563,血肌酐将逐渐升高,Other,1,gold
E007564,血肿,Symptom,1,gold
E007565,血脂,Other,1,gold
E007566,血脂会升高,Other,1,gold
E007567,血蛋氨酸(甲硫氨酸)等氨基酸也可增高,PathologicalState,1,gold
E007568,血酪氨酸含量增高,PathologicalState,1,gold
E007569,衄血,Other,1,gold
E007570,行为幼稚,Other,1,gold
E007571,行走困难,Other,1,gold
E007572,行走如踩棉花,Other,1,gold
E007573,行走非常困难,Other,1,gold
E007574,衣原体肺炎,Disease,1,gold
E007575,补体低,Other,1,gold
E007576,补充充足的维生素d和钙质,Treatment,1,qwen
E007577,补充足量钙剂及维生素d,Treatment,1,qwen
E007578,补碘比较高,Other,1,gold
E007579,表情比较呆板,Other,1,gold
E007580,表情痛苦,Symptom,1,gold
E007581,表皮大致正常或萎缩变平,Other,1,gold
E007582,表皮擦伤,Other,1,gold
E007583,"表皮擦伤之后伤口失去了表皮覆盖会渗出很多组织液,尤其是前48小时比较常见,渗出的组织液有些会是透明清亮的,有些是透明、淡黄色",Other,1,gold
E007584,表面光滑,Other,1,gold
E007585,"表面凹凸不平,鸡冠状、菜花状的突起,呈湿润、柔软的状态,并且容易出现糜烂、渗液",Other,1,gold
E007586,表面糜烂,Other,1,gold
E007587,衰竭死亡,PathologicalState,1,qwen
E007588,袜套样改变,Other,1,gold
E007589,裂伤,Other,1,gold
E007590,裂口,Other,1,gold
E007591,褐色分泌物,Other,1,gold
E007592,褐色大便,Other,1,gold
E007593,褐色血,Other,1,gold
E007594,褥疮,Other,1,gold
E007595,"规律宫缩出现30秒以上,并且5-6分钟出现一次",Other,1,gold
E007596,"视力下降,而且下降是非常突然的",PathologicalState,1,gold
E007597,视力严重下降,PathologicalState,1,gold
E007598,视力会受到影响,Other,1,gold
E007599,视力改变,Symptom,1,qwen
E007600,视力极度下降,PathologicalState,1,gold
E007601,视力模糊,Other,1,gold
E007602,视物不清,Other,1,gold
E007603,视神经乳头的水肿,ClinicalSign,1,gold
E007604,视神经的损害,PathologicalState,1,gold
E007605,视网膜出血斑,Symptom,1,gold
E007606,视网膜周边大量渗出,Other,1,gold
E007607,视网膜色素变性,Other,1,gold
E007608,视觉功能减退,PathologicalState,1,gold
E007609,视觉功能障碍,MedicalCategory,1,gold
E007610,视觉发育相关性的疾病,MedicalCategory,1,gold
E007611,视觉昏矇,Other,1,gold
E007612,视觉疲劳,Other,1,gold
E007613,视野缩小,Other,1,gold
E007614,角弓反张,Other,1,gold
E007615,角状畸形,PathologicalState,1,qwen
E007616,角膜上皮的损伤,AnatomicalSite,1,gold
E007617,角膜曲率异常,PathologicalState,1,gold
E007618,角膜溃疡、穿孔,AnatomicalSite,1,gold
E007619,角膜炎症,Disease,1,gold
E007620,解剖结构异常,PathologicalState,1,gold
E007621,解剖部位异常,PathologicalState,1,gold
E007622,解热镇痛的药物,Treatment,1,qwen
E007623,言语不利,Other,1,gold
E007624,言语不清,Other,1,gold
E007625,言语功能障碍,PathologicalState,1,gold
E007626,言语增多,Symptom,1,gold
E007627,言语的迟钝,Other,1,gold
E007628,认知功能减退,PathologicalState,1,gold
E007629,认知功能反应能力的下降,PathologicalState,1,gold
E007630,认知功能的减退,PathologicalState,1,gold
E007631,记忆力、反应障碍,Other,1,gold
E007632,语言功能障碍,Symptom,1,qwen
E007633,语言的发育功能是落后,PathologicalState,1,gold
E007634,误吞枣核,Other,1,gold
E007635,误吸,Other,1,gold
E007636,"误穿动脉,静脉压迫不充分",Other,1,gold
E007637,诱发口腔疾病,Disease,1,gold
E007638,说话不清楚,Other,1,gold
E007639,说话时带有鼻音,AnatomicalSite,1,gold
E007640,"说话的时候,过度的激动或者兴奋",Other,1,gold
E007641,说话的时候耳朵里面嗡嗡作响,Other,1,gold
E007642,说话的频率过快,Other,1,gold
E007643,调节性内斜视,Other,1,gold
E007644,谷氨酰胺口服液,Treatment,1,qwen
E007645,谷维素,Treatment,1,qwen
E007646,豆浆产气量较大,Other,1,gold
E007647,豆渣样的白带,Other,1,gold
E007648,贝壳,Other,1,gold
E007649,负重活动时,Other,1,gold
E007650,负面心理,AnatomicalSite,1,gold
E007651,败血症,Disease,1,gold
E007652,贫血严重,Disease,1,qwen
E007653,贫血厉害,Other,1,gold
E007654,贫血性心脏病,Disease,1,gold
E007655,贫血状态,Other,1,gold
E007656,走路,Other,1,gold
E007657,走路剪刀样的步态,Other,1,gold
E007658,走路或者运动时间过长,Other,1,gold
E007659,走路时感觉阴道里有东西夹在当中,Other,1,gold
E007660,走路腿瘸,Other,1,gold
E007661,"起大便里有黏液,有血",Other,1,gold
E007662,起病较急且多在夜间,Disease,1,gold
E007663,起身太猛了,Other,1,gold
E007664,超广谱耐药菌,MedicalCategory,1,qwen
E007665,超敏c反应蛋白升高,Other,1,gold
E007666,超敏c反应蛋白异常,PathologicalState,1,gold
E007667,超过30%以上,Other,1,gold
E007668,超高热(大于等于41°c),Other,1,gold
E007669,越揉越痒,Other,1,gold
E007670,越敲越疼,Symptom,1,gold
E007671,足部溃疡,Other,1,gold
E007672,足部畸形,MedicalCategory,1,gold
E007673,趴着睡,Other,1,qwen
E007674,趴着睡觉起来后感觉拇指发麻,Other,1,gold
E007675,跌扑损伤,Other,1,gold
E007676,"跑跑步、走走路,出出汗,会发现腰痛会好转",Symptom,1,gold
E007677,"跟一个米粒这么大,或者芝麻这么大",Other,1,gold
E007678,跟腱受到很大力的刺激,Other,1,gold
E007679,跟腱断裂,Other,1,gold
E007680,跟腱炎,Disease,1,gold
E007681,跟腱的退变更加明显,Other,1,gold
E007682,踝关节滑膜炎,Disease,1,gold
E007683,蹲位的时候下肢是紧绷,Other,1,gold
E007684,蹲厕所的时间过长,Other,1,gold
E007685,身体不适,Other,1,gold
E007686,身体右侧的麻木,ClinicalSign,1,gold
E007687,身体各方面会出现反应,Other,1,gold
E007688,身体打挺,Other,1,gold
E007689,身体是有一定危害,Other,1,gold
E007690,身体有一定的危害,Other,1,gold
E007691,身体有所损害,PathologicalState,1,gold
E007692,身体条件太差,Other,1,gold
E007693,身体的损伤,Other,1,gold
E007694,身体缺钙,Other,1,gold
E007695,身体较弱的患者,Other,1,gold
E007696,身体里有肿瘤,Disease,1,gold
E007697,身体非常难受,Other,1,gold
E007698,身高、体重没有达标,Other,1,gold
E007699,躯体前曲,Other,1,gold
E007700,躯体的疾病,Disease,1,gold
E007701,躯干和上肢麻木感,ClinicalSign,1,gold
E007702,转侧、翻身活动不利,Other,1,gold
E007703,转动疼痛,Symptom,1,gold
E007704,转换症状,Disease,1,gold
E007705,转移到脑部,AnatomicalSite,1,gold
E007706,转移性肺癌,Disease,1,gold
E007707,软组织疾病,Disease,1,gold
E007708,软骨面下骨质硬化、囊变,PathologicalState,1,gold
E007709,轻度干咳,Symptom,1,gold
E007710,轻度或者重度贫血,Other,1,gold
E007711,轻度的下坠,Other,1,gold
E007712,轻度的新冠肺炎,Disease,1,gold
E007713,轻度的瘫痪,Other,1,gold
E007714,轻度移位,Other,1,gold
E007715,轻度精神运动发育迟滞,Other,1,gold
E007716,轻度面瘫,Other,1,gold
E007717,轻微发热,Symptom,1,gold
E007718,轻微咳嗽,Symptom,1,gold
E007719,轻微的冷热刺激痛,Symptom,1,gold
E007720,轻微的周围神经损伤,Other,1,gold
E007721,轻微的瘙痒,Symptom,1,gold
E007722,轻微脂肪粒,Other,1,gold
E007723,轻微腹痛,Symptom,1,gold
E007724,"轻微触碰或未触碰对侧肢体莫名不适,甚至异常疼痛",Symptom,1,gold
E007725,轻症的心肌炎,Disease,1,gold
E007726,较为明显的疼痛,Symptom,1,gold
E007727,较多的出血,Symptom,1,gold
E007728,较大的子宫肌瘤,Disease,1,gold
E007729,较大的肌瘤或位置特殊,Disease,1,gold
E007730,较大的肺栓塞,AnatomicalSite,1,gold
E007731,输卵管不通,Other,1,gold
E007732,输卵管积,Other,1,gold
E007733,输卵管阻塞,Other,1,gold
E007734,输尿管、膀胱的返流,Other,1,gold
E007735,输尿管末端结石急性梗阻,PathologicalState,1,gold
E007736,输尿管狭窄,PathologicalState,1,gold
E007737,输尿管结石,Other,1,gold
E007738,输液过多、过快,Other,1,gold
E007739,输血,Treatment,1,qwen
E007740,辛辣,RiskFactor,1,gold
E007741,辛辣刺激性的食物,RiskFactor,1,gold
E007742,辛辣的食物,RiskFactor,1,qwen
E007743,辣椒素对胃黏膜的刺激非常大,AnatomicalSite,1,gold
E007744,辣的或者过甜、过酸食物,Other,1,gold
E007745,边界清楚,Other,1,gold
E007746,边缘不规则,Other,1,gold
E007747,"边缘规则,包膜完整的肿物",Symptom,1,gold
E007748,达不到预期的药效,Treatment,1,gold
E007749,达克宁,Treatment,1,qwen
E007750,迁延不愈,Other,1,gold
E007751,过于疲劳,Other,1,gold
E007752,过于频繁的性生活,Other,1,gold
E007753,过分焦虑,Other,1,gold
E007754,过劳,Other,1,gold
E007755,过多的性生活,Other,1,gold
E007756,过多的盐摄入,Other,1,gold
E007757,过多的食物堆积在肠道,AnatomicalSite,1,gold
E007758,过大咬合力,Other,1,gold
E007759,过度手淫,Other,1,gold
E007760,过度染发剂、洗发剂、焗油剂,Other,1,gold
E007761,过度用脑,AnatomicalSite,1,gold
E007762,过度疲劳,Other,1,qwen
E007763,过度的体力劳动,Other,1,gold
E007764,过度的剧烈活动,Other,1,gold
E007765,过敏原,RiskFactor,1,gold
E007766,过敏原因,RiskFactor,1,gold
E007767,过敏因素,RiskFactor,1,gold
E007768,过敏性休克,ClinicalSign,1,gold
E007769,过敏性哮喘,RiskFactor,1,gold
E007770,过敏性疾病,MedicalCategory,1,gold
E007771,过敏性疾病病人,Disease,1,gold
E007772,过敏性的皮肤病,MedicalCategory,1,gold
E007773,过敏性皮肤病,Disease,1,gold
E007774,过敏源,RiskFactor,1,gold
E007775,过早死亡,Other,1,gold
E007776,过热或过冷的食物,Other,1,gold
E007777,运动不充分,Other,1,gold
E007778,运动僵硬,Other,1,gold
E007779,运动异常,PathologicalState,1,gold
E007780,运动性不安,Other,1,gold
E007781,运动损伤,Other,1,gold
E007782,运动时间比较长,Other,1,gold
E007783,运动神经支的损伤,Other,1,gold
E007784,运动过度,Other,1,gold
E007785,运动过程的问题,Other,1,gold
E007786,运动迟缓,Other,1,gold
E007787,运动量增加,Other,1,gold
E007788,近期对某种化妆品或者外界的物体过敏,RiskFactor,1,gold
E007789,"近期才有的,有受凉病史",Disease,1,gold
E007790,近期饮食结构出现了变化,RiskFactor,1,gold
E007791,近视增长,Other,1,gold
E007792,近视度数不断增加,Other,1,gold
E007793,近视度数的加深,Other,1,gold
E007794,近视度数越高,Other,1,gold
E007795,近距离用眼,AnatomicalSite,1,gold
E007796,近距离用眼的强度比较大,AnatomicalSite,1,gold
E007797,这两条神经出现了问题或者是功能障碍,PathologicalState,1,gold
E007798,"这个时候正常情况下,会发现原始心管搏动是非常明显的",Other,1,gold
E007799,这些癌症转移到肺,Disease,1,gold
E007800,这种伪膜剥去后黏膜表面可以见到轻微的损伤,Other,1,gold
E007801,进行力量偏大的运动或者劳动,Other,1,gold
E007802,进行性便秘,Other,1,gold
E007803,"进行有效治疗后,逐步痊愈的过程中",Treatment,1,gold
E007804,"进行食管癌、恶性肿瘤的根治手术,术中的胸导管损伤",Treatment,1,gold
E007805,进食,Other,1,gold
E007806,进食不好,Other,1,gold
E007807,进食不洁食物到达胃里,AnatomicalSite,1,gold
E007808,进食后胃酸分泌增加,AnatomicalSite,1,gold
E007809,进食后能够好转,Other,1,gold
E007810,进食后食物摩擦刺激炎症、溃疡创面,Disease,1,gold
E007811,进食后饱胀加重,Other,1,gold
E007812,进食哽噎,Other,1,gold
E007813,进食过多,Other,1,gold
E007814,进餐的食物中的温度,Other,1,gold
E007815,进餐的食物具有一种特殊动力效应,Other,1,gold
E007816,远处器官转移,Other,1,gold
E007817,远视,Other,1,gold
E007818,连续打喷嚏,Other,1,gold
E007819,"迷走神经会占主导,迷走神经在胃肠的分布会多一些",AnatomicalSite,1,gold
E007820,迷走神经反射的时间太长,Other,1,gold
E007821,迷路神经炎,Disease,1,qwen
E007822,退乏力,Symptom,1,gold
E007823,退热的方法,Treatment,1,qwen
E007824,退热贴,Treatment,1,qwen
E007825,逆行感染,Disease,1,gold
E007826,逆行感染精囊,Disease,1,gold
E007827,逍遥丸,Treatment,1,qwen
E007828,透明、饱满的水疱,Other,1,gold
E007829,通常囊肿超过20个,Symptom,1,gold
E007830,通气时间的延缓,Other,1,gold
E007831,"通过平常食物获取,由于铁需求量增加",Other,1,gold
E007832,通过眼镜矫正视力也无法达到0.6,AnatomicalSite,1,gold
E007833,遇冷、遇热的时候,Other,1,gold
E007834,"遇冷热、酸甜等刺激,尤其是冷热刺激",Other,1,gold
E007835,遇阴雨天气病情加重,Disease,1,gold
E007836,遗传代谢性疾病,MedicalCategory,1,gold
E007837,遗传和先天因素,Other,1,gold
E007838,遗传性的皮肤病,MedicalCategory,1,gold
E007839,遗留残症,Disease,1,gold
E007840,遗精,Other,1,gold
E007841,遗精早泄,Other,1,gold
E007842,避免睡过高的枕头,Treatment,1,qwen
E007843,避孕药物,Treatment,1,gold
E007844,邋遢,Symptom,1,qwen
E007845,部分丘疹可以融合成斑块,Other,1,gold
E007846,"部分人饮食上不太注意,经常吃一些黏性较大的食物,这些黏性物质不容易消化,随着大便一块排出",RiskFactor,1,gold
E007847,部分性粘连,PathologicalState,1,gold
E007848,部分感染性皮肤病,Disease,1,gold
E007849,部分肌瘤,Disease,1,gold
E007850,酒精中毒反应,Other,1,gold
E007851,酒精性肝病,Disease,1,gold
E007852,酒精类饮料可以加速锌的排泄,Other,1,gold
E007853,酒精综合征,Disease,1,qwen
E007854,酒精肝,AnatomicalSite,1,gold
E007855,酸碱中毒,Other,1,gold
E007856,酸胀疼痛感,Symptom,1,qwen
E007857,酸胀痛,Symptom,1,gold
E007858,醛固酮、肾素比值增高,PathologicalState,1,gold
E007859,释放大量的痉挛毒素,Other,1,gold
E007860,释放大量的痉挛毒素与神经肌肉接头结合,Other,1,gold
E007861,重型颅脑损伤脑,AnatomicalSite,1,gold
E007862,重度慢阻肺,AnatomicalSite,1,gold
E007863,重度磨耗,Other,1,gold
E007864,重度营养不良的婴儿,Treatment,1,gold
E007865,重度面瘫,Other,1,gold
E007866,重症,Disease,1,gold
E007867,重症心肌炎,Disease,1,gold
E007868,重症肝炎,Disease,1,gold
E007869,重的负压以及留罐时间很长,Other,1,gold
E007870,重睑手术,Treatment,1,gold
E007871,金黄色膀胱球菌,Other,1,gold
E007872,"针尖大小,长到米粒大小,有的更大的为豆粒大小,散在肺部,边界清楚",AnatomicalSite,1,gold
E007873,针尖大小的丘疹,Other,1,gold
E007874,钙元素缺乏,Other,1,gold
E007875,钙化,Other,1,gold
E007876,钙吸收的能力也会下降,PathologicalState,1,gold
E007877,钙片,Treatment,1,qwen
E007878,钙的代谢异常,PathologicalState,1,gold
E007879,钙的缺乏,Other,1,gold
E007880,"钝痛,针刺样不舒服的感觉",Symptom,1,gold
E007881,钠元素超标,Other,1,gold
E007882,铅,Other,1,gold
E007883,锌缺乏,Other,1,gold
E007884,错位,Other,1,gold
E007885,锥体束征,Other,1,gold
E007886,镜下血尿,Other,1,gold
E007887,长到一定程度,Other,1,gold
E007888,长叹气来缓解自身的压力,Other,1,gold
E007889,"长年跑马拉松,每天10km",Other,1,gold
E007890,长时间不进食,Other,1,gold
E007891,"长时间伏案工作,长时间重体力劳动者长时间开车",Other,1,gold
E007892,长时间低头看手机、玩电脑,AnatomicalSite,1,gold
E007893,长时间使用电子产品,Other,1,gold
E007894,长时间刺激,Other,1,gold
E007895,长时间大便绿色,Other,1,gold
E007896,长时间失眠,Symptom,1,gold
E007897,长时间对肢体的压迫,AnatomicalSite,1,gold
E007898,长时间情绪不良,Other,1,gold
E007899,长时间没有排泄,Other,1,gold
E007900,长时间没有站立,Other,1,gold
E007901,长时间游泳,Other,1,gold
E007902,长时间生活不规律,Other,1,gold
E007903,长时间的反复的一侧肢体进行过量的活动,AnatomicalSite,1,gold
E007904,"长时间的熬夜、睡眠严重的不足或者睡眠的质量不好,身体比较疲乏",Other,1,gold
E007905,长时间的肺动脉血流增多,Symptom,1,gold
E007906,长时间站立或者行走,Other,1,gold
E007907,长时间说话,Other,1,gold
E007908,长时间近距离工作,Other,1,gold
E007909,长期不治疗,Treatment,1,gold
E007910,长期不良生活习惯,Other,1,gold
E007911,长期久治不愈的纤维空洞型肺结核,PathologicalState,1,gold
E007912,长期出现不规则阴道出血的肌瘤患者,Disease,1,gold
E007913,长期午后低热,Other,1,gold
E007914,长期受寒,Other,1,gold
E007915,长期吸入粉尘,Other,1,gold
E007916,长期咳嗽,Symptom,1,gold
E007917,长期咳白痰,Symptom,1,gold
E007918,长期坐位,Other,1,gold
E007919,长期如此,Other,1,gold
E007920,长期家庭吸氧,Treatment,1,qwen
E007921,长期尿液浓缩状态,Other,1,gold
E007922,长期应用糖皮质激素治疗,Treatment,1,gold
E007923,长期慢性炎症刺激,Disease,1,gold
E007924,长期慢性的炎症刺激,Disease,1,gold
E007925,长期或大量出血,Symptom,1,gold
E007926,长期或者反复发作的快速性心律失常,AnatomicalSite,1,gold
E007927,长期或者反复的癫痫发作,Disease,1,gold
E007928,长期房事过度,Other,1,gold
E007929,长期抽搐发作,Other,1,gold
E007930,"长期抽烟、饮酒、暴饮、暴食,过多辛辣刺激食物",RiskFactor,1,gold
E007931,长期接触粉尘,Other,1,gold
E007932,长期断断续续头晕,Symptom,1,gold
E007933,长期有慢性病或者是亚健康人群,Disease,1,gold
E007934,长期服用抗生素,Treatment,1,gold
E007935,长期毒物刺激,Other,1,gold
E007936,长期潮湿,Other,1,gold
E007937,长期熬夜,Other,1,gold
E007938,长期玩耍手机固定脖子不活动,Other,1,gold
E007939,长期用一侧腰部进行劳动或工作,Other,1,gold
E007940,长期疲劳,Other,1,gold
E007941,长期的、慢性的、反复发作的左侧半个脑袋疼痛,Symptom,1,gold
E007942,长期的冠心病,Disease,1,gold
E007943,长期的压力或摩擦,Other,1,gold
E007944,长期的坐着工作,Other,1,gold
E007945,长期的情绪不好,Other,1,gold
E007946,长期的慢性炎症,Disease,1,gold
E007947,长期的精神压力,Other,1,gold
E007948,长期的血管老化,Other,1,gold
E007949,长期的阴道分泌物增多,Symptom,1,gold
E007950,长期经血流失,Other,1,gold
E007951,长期维持低碳水化合物,Other,1,gold
E007952,长期血糖控制不佳,Other,1,gold
E007953,长歪或过长的智齿,Other,1,gold
E007954,长牙,Other,1,gold
E007955,"长的比较慢,很长时间才会产生大量的腹水",Other,1,gold
E007956,长血栓,Other,1,gold
E007957,长青春痘,Other,1,gold
E007958,门脉增粗,Other,1,gold
E007959,闭目无力,ClinicalSign,1,gold
E007960,闭角型青光眼,Disease,1,gold
E007961,间断性跛行,Other,1,gold
E007962,间歇性的吞咽困难,AnatomicalSite,1,gold
E007963,间歇性跛行,Other,1,gold
E007964,闷闷不乐,Other,1,gold
E007965,阑尾会伴有充血、肿大,Symptom,1,gold
E007966,阳虚,Other,1,gold
E007967,阴囊外观上体积增大,Other,1,gold
E007968,阴囊根部的疼痛不适,Symptom,1,gold
E007969,阴囊炎,Disease,1,gold
E007970,阴囊瘙痒,Symptom,1,gold
E007971,阴囊皮肤周围出现水疱、脓疱,AnatomicalSite,1,gold
E007972,阴囊皮肤红疹、红斑,AnatomicalSite,1,gold
E007973,阴囊红、肿、热、痛,Symptom,1,gold
E007974,阴囊腔里面充满了液体,Other,1,gold
E007975,阴毛稀少,Other,1,gold
E007976,阴茎勃起时就会发生弯曲,Other,1,gold
E007977,阴茎异常,MedicalCategory,1,gold
E007978,阴茎弯曲角度>30度,Other,1,gold
E007979,阴茎海绵体,Other,1,gold
E007980,阴茎的勃起,Other,1,gold
E007981,阴虚,Other,1,gold
E007982,阴虚虚火,Other,1,gold
E007983,阴道内的异物残留,Other,1,gold
E007984,阴道出现血性分泌物,Other,1,gold
E007985,阴道出现褐色血,Other,1,gold
E007986,阴道出血时间一般在10天左右,Symptom,1,gold
E007987,阴道分泌物减少,Symptom,1,gold
E007988,阴道分泌物可能会有增加,Other,1,gold
E007989,"阴道后穹窿部位,或者子宫骶韧带部位有触痛结节",Symptom,1,gold
E007990,"阴道排液,液体多为白色或者血性并且有腥臭味",Other,1,gold
E007991,阴道流液,Other,1,gold
E007992,阴道环境比较适合霉菌生长,Other,1,gold
E007993,阴道直肠瘘,AnatomicalSite,1,gold
E007994,阴道直肠瘘所产生的炎症性疼痛,Disease,1,gold
E007995,阴道黏膜抵抗力不是很好,RiskFactor,1,gold
E007996,阴部充血,Other,1,gold
E007997,阵发性室上性心动过速,AnatomicalSite,1,gold
E007998,阵发性潮红的斑,Other,1,gold
E007999,阵发性的哭,Other,1,gold
E008000,阵发性腹痛,Symptom,1,gold
E008001,阻塞性黄疸,Symptom,1,qwen
E008002,阻断肝脏对糖原的吸收,AnatomicalSite,1,gold
E008003,阻断血液供应,Other,1,gold
E008004,阻生智齿,Other,1,gold
E008005,阻生智齿的年轻人群,Other,1,gold
E008006,阻碍卵巢组织的营养供给,Treatment,1,gold
E008007,阿莫西林,Treatment,1,qwen
E008008,附件区增厚、压痛,Symptom,1,gold
E008009,附睾发生炎症,Disease,1,gold
E008010,附睾病变,Disease,1,gold
E008011,降低受精能力,Other,1,gold
E008012,降压药,Treatment,1,gold
E008013,限制型心肌病,Disease,1,qwen
E008014,院内的感染扩散,PathologicalState,1,qwen
E008015,随刺激逐渐加重,Other,1,gold
E008016,随时有小斑块脱落,Other,1,gold
E008017,随着大便排出脱出到肛门,Other,1,gold
E008018,随着大便排出脱出到肛门外,Other,1,gold
E008019,随着疾病的加重,Disease,1,gold
E008020,随着病情发展,Disease,1,gold
E008021,隐匿性阴茎外观显露不好,Other,1,gold
E008022,隐痛,Symptom,1,gold
E008023,隐隐作痛,Symptom,1,gold
E008024,难以排气、排便,Other,1,gold
E008025,难以控制焦虑,Other,1,gold
E008026,难以自我控制的强哭、强笑,Other,1,gold
E008027,雄激素水平,TestResult,1,gold
E008028,雄激素水平高,TestResult,1,gold
E008029,雌二醇,Other,1,qwen
E008030,雌孕激素分泌量减少,TestResult,1,gold
E008031,雌激素、孕激素下降,TestResult,1,gold
E008032,雌激素依赖性肿瘤,MedicalCategory,1,gold
E008033,雌激素和孕激素水平降低,TestResult,1,gold
E008034,雌激素水平比较低,TestResult,1,gold
E008035,雌激素缺乏,PathologicalState,1,qwen
E008036,需要很长的时间才能被消化,Other,1,gold
E008037,霍乱,Other,1,gold
E008038,青春期,Other,1,gold
E008039,青紫肿胀,Symptom,1,gold
E008040,静息状态下气短,Other,1,gold
E008041,静止性震颤,Other,1,gold
E008042,静脉回流障碍,Other,1,gold
E008043,静脉性的坏疽,Other,1,gold
E008044,非典,Other,1,gold
E008045,非典型性病原体感染,Disease,1,gold
E008046,非典型病原体等的感染,Disease,1,gold
E008047,非凹陷性的水肿,ClinicalSign,1,gold
E008048,非小细胞肺癌,Disease,1,gold
E008049,非常痛苦,Symptom,1,gold
E008050,非常非常痛苦,Symptom,1,gold
E008051,非心源性,AnatomicalSite,1,gold
E008052,非心源性胸痛,Symptom,1,gold
E008053,非感染因素,Disease,1,gold
E008054,非杓型的高血压,TestResult,1,gold
E008055,非特异性肠炎,Disease,1,gold
E008056,非肥胖,RiskFactor,1,gold
E008057,靠近冠状沟或靠近龟头的珍珠疹,Other,1,gold
E008058,面容惶恐不安,Other,1,gold
E008059,面神经炎,Disease,1,gold
E008060,面红,Other,1,gold
E008061,面肌痉挛,Other,1,gold
E008062,面色灰白,Other,1,gold
E008063,面部出油,Other,1,gold
E008064,面部潮红,Other,1,gold
E008065,面部表情不自然,Other,1,gold
E008066,"面部表情的呆滞,非常的不灵活",Other,1,gold
E008067,面部跳动,Other,1,gold
E008068,面部麻木,ClinicalSign,1,gold
E008069,面颈部的水肿,ClinicalSign,1,gold
E008070,革兰氏阴性菌,TestResult,1,gold
E008071,鞋不合适,Other,1,gold
E008072,顺产的产妇产后褥汗较多,Other,1,gold
E008073,顺着血液转移到全身其他器官,Other,1,gold
E008074,顽固低氧血症,Disease,1,gold
E008075,顽固性心律失常,AnatomicalSite,1,gold
E008076,顽固性腹水,Other,1,gold
E008077,预激综合征,Other,1,gold
E008078,颅内占位,AnatomicalSite,1,gold
E008079,颅内压不断增高,ClinicalSign,1,gold
E008080,颅内压增高严重,ClinicalSign,1,gold
E008081,颅内压特别高,ClinicalSign,1,gold
E008082,颅内的占位性病变,Disease,1,gold
E008083,颅内的脑膜炎,Disease,1,gold
E008084,颅内脱髓鞘的病变,Disease,1,gold
E008085,颅后窝容积变小,Other,1,gold
E008086,颅咽管瘤,Disease,1,gold
E008087,"颅底,或者是桥小脑区的肿瘤",Disease,1,gold
E008088,颅底脊索瘤,MedicalCategory,1,gold
E008089,颅脑损伤,AnatomicalSite,1,gold
E008090,颅骨内板增厚,Other,1,gold
E008091,颅高压,Other,1,gold
E008092,"颈上段的脊神经根,受到病变的刺激",Disease,1,gold
E008093,颈内动脉重度狭窄,PathologicalState,1,gold
E008094,颈前的肿物,Symptom,1,gold
E008095,颈动脉内膜逐渐增生变厚,Other,1,gold
E008096,颈动脉窦受刺激,Other,1,gold
E008097,颈强直,Other,1,gold
E008098,颈总动脉斑块,Other,1,gold
E008099,颈总动脉硬化,PathologicalState,1,gold
E008100,颈椎,Other,1,gold
E008101,颈椎不稳定,Other,1,gold
E008102,颈椎刺激,Other,1,gold
E008103,颈椎引起的头晕,Symptom,1,gold
E008104,颈椎曲度变直,Other,1,gold
E008105,颈椎病严重,Disease,1,gold
E008106,颈椎的疾病,Disease,1,gold
E008107,颈椎骨质增生,Other,1,gold
E008108,颈段的脊髓损害,PathologicalState,1,qwen
E008109,颈淋巴结非化脓性肿大,Symptom,1,gold
E008110,颈肩部肌肉收缩痉挛,Other,1,gold
E008111,颈肩部软组织损害影响后循环,PathologicalState,1,gold
E008112,"颈部、面部,个别可以波及到躯干,呈浅黄色",Other,1,gold
E008113,颈部不适,Other,1,gold
E008114,颈部包块,Other,1,gold
E008115,颈部比较硬,Other,1,gold
E008116,颈部疼痛,Symptom,1,gold
E008117,颈部的血管收缩加快,Other,1,gold
E008118,颈部肌肉的劳损,Other,1,gold
E008119,颈部肌肉紧张以及关节位置错位,Other,1,gold
E008120,颈部过伸,Other,1,gold
E008121,颊部和鼻部受累,AnatomicalSite,1,gold
E008122,颌骨骨髓炎,Disease,1,gold
E008123,频繁呕吐,Symptom,1,gold
E008124,频繁咳嗽,Symptom,1,gold
E008125,频繁手淫,Other,1,gold
E008126,频繁活动脚部,Other,1,gold
E008127,"频繁的刺痛,并且伴有右肩胛部肌肉的僵硬感",Symptom,1,gold
E008128,"额外补充激素,超量使用",TestResult,1,gold
E008129,额部和颌部也可以受累,Other,1,gold
E008130,颞叶沟回疝的逐渐加重,Other,1,gold
E008131,颞叶钩回被挤压到中脑的位置,AnatomicalSite,1,gold
E008132,风寒和风热之邪侵袭于肺,AnatomicalSite,1,gold
E008133,风湿免疫性疾病,MedicalCategory,1,gold
E008134,风湿免疫疾病,Disease,1,gold
E008135,风疹病毒,Disease,1,gold
E008136,风疹病毒感染,Disease,1,gold
E008137,飞机从高空向下降落,PathologicalState,1,gold
E008138,食入不节净的饮食,RiskFactor,1,gold
E008139,食后饱胀感,Other,1,gold
E008140,食物,Other,1,gold
E008141,食物中含有大量蛋白质而碳水化合物不足,Other,1,gold
E008142,食物在肠道当中进行堆积,AnatomicalSite,1,gold
E008143,食物堆积,Other,1,gold
E008144,食物未经消化而排除体外,Other,1,gold
E008145,食物残渣容易存留于患侧的面颊部,Other,1,gold
E008146,食物消化吸收作用就会减弱,Other,1,gold
E008147,食物过敏,RiskFactor,1,gold
E008148,食物过敏原,RiskFactor,1,gold
E008149,食用奶酪、巧克力、咖啡、咸菜、腌肉、红酒,Other,1,gold
E008150,食用田螺或小龙虾,Other,1,gold
E008151,食用辛辣刺激的食物,RiskFactor,1,gold
E008152,食用过多的食物,Other,1,gold
E008153,食管内肿瘤,Disease,1,gold
E008154,食管贲门黏膜撕裂症,Disease,1,gold
E008155,食道下段括约肌松弛,Other,1,gold
E008156,食道的管腔狭窄,PathologicalState,1,gold
E008157,食道黏膜水肿,ClinicalSign,1,gold
E008158,食量也明显减少,Symptom,1,gold
E008159,食量减少,Symptom,1,gold
E008160,饭后半小时内胃部比较充盈,AnatomicalSite,1,gold
E008161,饮水,RiskFactor,1,gold
E008162,饮水较少,RiskFactor,1,gold
E008163,饮浓茶,Other,1,gold
E008164,饮食不合理,RiskFactor,1,gold
E008165,饮食不好,RiskFactor,1,gold
E008166,饮食不规律,RiskFactor,1,gold
E008167,饮食习惯,RiskFactor,1,gold
E008168,饮食因素,RiskFactor,1,gold
E008169,饮食成分不当,RiskFactor,1,gold
E008170,饮食时过多摄入空气,RiskFactor,1,gold
E008171,饮食的调控,Treatment,1,qwen
E008172,饮食睡眠差,RiskFactor,1,gold
E008173,饮食结构,RiskFactor,1,gold
E008174,饮食结构中缺碘,RiskFactor,1,gold
E008175,饮食调控,Treatment,1,qwen
E008176,饮食高纤维或高蛋白、油腻食物、产气饮料,RiskFactor,1,gold
E008177,饱胀,Other,1,gold
E008178,饱胀感,Other,1,gold
E008179,饱餐,Other,1,gold
E008180,骨巨细胞瘤,Disease,1,gold
E008181,骨折不愈合,PathologicalState,1,qwen
E008182,骨折的对位不良,Other,1,gold
E008183,"骨折端无法正常连接,形成延迟愈合、不愈合",Other,1,gold
E008184,骨样骨瘤经刺激或反复的长期磨损,Disease,1,gold
E008185,骨水泥外泄,Other,1,gold
E008186,骨水泥外露,Other,1,gold
E008187,骨瓣减压,Other,1,gold
E008188,骨痛,Symptom,1,gold
E008189,骨皮质区出现圆形的癌巢,Disease,1,gold
E008190,骨端的溶骨性偏心的膨胀性的骨质破坏,AnatomicalSite,1,gold
E008191,骨节酸痛,Symptom,1,gold
E008192,骨质增生,Other,1,gold
E008193,骨质破坏,Other,1,gold
E008194,骨质逐渐出现增生,Other,1,gold
E008195,髂胫束出现肌肉的筋膜炎或者是肢腱的肌腱炎,Disease,1,gold
E008196,"髋关节在做""""4""""字试验的时候",Other,1,gold
E008197,髋关节的活动受限,Other,1,gold
E008198,髋关节的疼痛,Symptom,1,gold
E008199,髋关节部位按压的时候,MedicalCategory,1,gold
E008200,髋部的疼痛,Symptom,1,gold
E008201,高兴不起来,Other,1,gold
E008202,高危,Other,1,gold
E008203,"高压能超过230mmhg,低压能超过130mmhg",Other,1,gold
E008204,高同型半胱氨酸血症,Disease,1,gold
E008205,高尿酸肾病,Disease,1,gold
E008206,高度屈光不正,Other,1,gold
E008207,高度散光,Other,1,gold
E008208,高度精神紧张,Other,1,gold
E008209,高度远视,Other,1,gold
E008210,高渗性非酮症,Disease,1,gold
E008211,高烧,Other,1,gold
E008212,高热且持续时间长,Other,1,gold
E008213,高热为主,Other,1,gold
E008214,高粘滞血症,Disease,1,gold
E008215,高血压急症,TestResult,1,gold
E008216,高血压性心脏病,TestResult,1,gold
E008217,高血压病的患者,TestResult,1,gold
E008218,高血压肾病,TestResult,1,gold
E008219,高钙血症,Disease,1,gold
E008220,高钠血症,Disease,1,gold
E008221,鱼腥味,Other,1,gold
E008222,鳞癌,Disease,1,gold
E008223,鸡蛋,Other,1,gold
E008224,麻木感,ClinicalSign,1,gold
E008225,麻疹病毒,Disease,1,gold
E008226,麻醉胃肠道手术,Treatment,1,gold
E008227,麻醉药品,Treatment,1,qwen
E008228,麻醉药物对胃肠道神经调节功能影响,Treatment,1,gold
E008229,黄体,Other,1,gold
E008230,黄体功能不足,PathologicalState,1,gold
E008231,"黄体生成素水平比卵泡雌激素水平高,而且比值在2-3左右",TestResult,1,gold
E008232,黄体血肿,Symptom,1,gold
E008233,黄斑病变,Disease,1,gold
E008234,黄水,Other,1,gold
E008235,黄水不是透明清亮而是比较浓稠的,Other,1,gold
E008236,黄疸消退比较晚,Other,1,gold
E008237,黄疸的增速每天呈递增性,Other,1,gold
E008238,黄疸颜色特别深,Other,1,gold
E008239,黄痰,Other,1,gold
E008240,黄白色的,Other,1,gold
E008241,黏性的鼻涕相对增多,Symptom,1,gold
E008242,黏液,Other,1,gold
E008243,黏液性水肿,ClinicalSign,1,gold
E008244,黏液腺癌,Disease,1,gold
E008245,黏膜反应,Other,1,gold
E008246,黏膜损伤,Other,1,gold
E008247,黏膜的损伤、出血,Symptom,1,gold
E008248,黏膜破溃、糜烂,Other,1,gold
E008249,黑眼珠不对称,AnatomicalSite,1,gold
E008250,鼓膜没有充血或者有轻度充血,Other,1,gold
E008251,鼓膜的急性充血、肿胀,Symptom,1,gold
E008252,鼓膜表面的色斑块,Other,1,gold
E008253,鼠疫,Other,1,gold
E008254,鼠臭味,Other,1,gold
E008255,鼻中隔偏曲,AnatomicalSite,1,gold
E008256,鼻中隔向一侧偏曲,AnatomicalSite,1,gold
E008257,鼻出血,Symptom,1,gold
E008258,鼻后孔的不适、异物感,AnatomicalSite,1,gold
E008259,鼻咽癌肺转移晚期,Disease,1,gold
E008260,鼻咽部的表现会有明显的肿物,Symptom,1,gold
E008261,鼻咽部肿瘤,Disease,1,gold
E008262,鼻堵,AnatomicalSite,1,gold
E008263,鼻子不通气,AnatomicalSite,1,gold
E008264,鼻子经常很红,AnatomicalSite,1,gold
E008265,鼻涕倒流,AnatomicalSite,1,gold
E008266,鼻病毒,Disease,1,gold
E008267,鼻痒,AnatomicalSite,1,gold
E008268,鼻窦的病变,Disease,1,gold
E008269,鼻翼煽动,AnatomicalSite,1,gold
E008270,鼻腔受到刺激,AnatomicalSite,1,gold
E008271,鼻腔堵塞,PathologicalState,1,qwen
E008272,鼻腔癌,Disease,1,qwen
E008273,鼻腔黏膜充血,AnatomicalSite,1,gold
E008274,鼻腔黏膜充血、肿胀,Symptom,1,gold
E008275,鼻腔黏膜受到刺激,AnatomicalSite,1,gold
E008276,鼻腔黏膜苍白、水肿,ClinicalSign,1,gold
E008277,鼻腔鼻窦癌,Disease,1,qwen
E008278,鼻道内有较多的水样分泌物,AnatomicalSite,1,gold
E008279,鼻部可能就会出现明显的组织增生,AnatomicalSite,1,gold
E008280,鼻黏膜破损,AnatomicalSite,1,gold
E008281,龋洞接近髓角,Other,1,gold
E008282,"龟头、尿口这些地方,特别是男性在尿道口附近,或者在龟头周围,或者在肛门周围可以发现一些肤色或者粉红色,质地比较柔软的赘生物",Other,1,gold
E008283,龟头红肿,Symptom,1,gold
